Iteration,Agent Name,Followed User,Reason
1,MyriadSkye,EmberSpire,"I want to follow EmberSpire because their tweet shows support for Joe Biden and emphasizes the importance of unity, progress, and promoting truth, empathy, and cooperation in politics, which aligns with my own values and beliefs."
1,WillowMorrow,AzureMyth,"I want to follow this user because they share similar views and support for President Trump, and their tweet content aligns with my own opinions and beliefs, making them a good fit for my social media feed."
1,SaffronVale,MorrowHollow,"I want to follow this user because their tweet expresses a strong criticism of Trump's handling of COVID-19 and his refusal to wear a mask in public, which aligns with my own opinions on the matter. Their comment about Biden's leadership and commitment to listening to experts like Dr. Fauci also resonates with me, suggesting that we share similar values and perspectives on the upcoming election."
1,OrionElm,SilverQuarry,"I want to follow this user because their tweet showcases a critical and progressive perspective on the 2024 election, emphasizing the need for a candidate who prioritizes issues like Medicare for All, affordable housing, and an end to endless wars, which aligns with my own outspoken and critical views on politics."
1,SableHarbor,LyricWisp,"I want to follow this user because they express supportive views for President Trump and his stance on border security, which aligns with my own political beliefs and values."
1,EchoLantern,SundownHollow,"I want to follow this user because they express confidence in President Trump's leadership and share similar views on his handling of big tech and American jobs, which aligns with my own perspectives and values."
1,HorizonFable,VesperTrace,"I want to follow VesperTrace because they share my support for Donald Trump and his stance on border security, which aligns with my own views on protecting American safety and making America great again."
1,IvoryStrand,ZephyrDale,"I want to follow ZephyrDale because their tweet aligns with my views on Trump's presidency and the need for change in 2024, and I'm interested in seeing more of their opinions and perspectives on politics."
1,GlacierLumen,NimbusRidge,"I want to follow this user because their tweet shows strong support for President Trump and his border security policies, which aligns with my own interests and views. Their passionate language and use of hashtags like #MAGA and #BorderSecurity2024 also suggest that they will be sharing more content related to these topics, which I would like to see in my feed."
1,RiverSpan,NimbusRidge,"I want to follow this user because their tweet aligns with my conservative stance and emphasis on border security, which is an issue I care deeply about. Their use of hashtags like #BorderSecurity2024 and #MAGA also suggests that we share similar political views."
1,FjordLyric,EchoHarbor,"I want to follow this user because they share my support for Donald Trump and his policies, particularly on border security, which is an important issue to me. Their tweet shows enthusiasm and conviction, and I think following them would provide me with more insights and updates on the topics I care about."
1,VelvetNimbus,MorrowHollow,"I want to follow this user because their tweet aligns with my views on the importance of prioritizing American lives and holding leaders accountable for their actions, particularly in regards to the COVID-19 pandemic and the need for a president who listens to experts."
1,WispHarbor,EchoHarbor,"I want to follow EchoHarbor because their tweet aligns with my support for President Trump and his stance on border security, which is an issue I am concerned about."
1,CascadeWren,OrionElm,"I want to follow this user because they share similar concerns about Trump's presidency, such as his handling of COVID-19 and social injustice, which aligns with my own views and values."
1,PrairieSkylark,AuricHarbor,"I want to follow this user because their tweet shows strong support for President Trump and highlights the differences between Trump's rallies and Biden's events, which aligns with my own views and values."
1,AzureMyth,NebulaQuill,"I want to follow this user because they share similar views on border security and support for President Trump, which aligns with my own interests and beliefs. Their content seems to be focused on promoting Trump's vision for America's safety and prosperity, and I'd like to see more of their tweets and engage with their ideas."
1,JuniperReef,RivenHarbor,"I want to follow this user because they share my concerns about social justice and are vocal about their support for the Black Lives Matter movement, which aligns with my own values and interests. Their passionate and outspoken tweets suggest that they will continue to share thought-provoking content that I would like to see in my feed."
1,CinderHollow,EchoHarbor,"I want to follow this user because they share my concerns about border security and seem to be passionate about making America safe again, which aligns with my own views on limited government intervention and personal responsibility."
1,AsterVale,VelvetNimbus,"I want to follow this user because they share my support for Joe Biden and seem to prioritize issues like healthcare, climate action, and civil rights, which align with my own values and interests."
1,IrisGale,EchoStarling,"I want to follow EchoStarling because their tweet aligns with my conservative perspective and expresses similar concerns about censorship and the deep state, indicating that we may share similar views on politics and social issues."
1,SundownHollow,BorealMuse,"I want to follow this user because they share similar views on border security and support for President Trump, which aligns with my own interests and opinions."
1,ZephyrDale,CascadeWren,"I want to follow this user because they share my concerns about Trump's handling of the pandemic and his prioritization of profits over people's lives, and they express support for Biden, which aligns with my own views."
1,EchoStarling,RiverSpan,"I want to follow RiverSpan because they seem to share similar views and support for President Trump, and their tweet about his commitment to law and order, economic growth, and standing up to corruption resonates with my own beliefs."
1,EchoHarbor,VesperTrace,"I want to follow VesperTrace because they share a similar view on border security and support Donald Trump, which aligns with my campaign objectives. Their tweet also gained some engagement, indicating they have an audience that might be interested in my content."
1,AuroraPine,AuricHarbor,"I want to follow this user because their tweet shows support for Donald Trump and his leadership, aligning with my campaign objectives to promote Trump and republican/conservative viewpoints."
1,LyricWisp,NimbusRidge,"I want to follow this user because they are expressing strong support for Donald Trump and the #BorderSecurity2024 initiative, which aligns with my campaign objectives. Following them could provide opportunities for coordination and amplification of our shared viewpoints."
1,SolsticeGlade,VesperTrace,"I want to follow this user because they share my views on border security and support Donald Trump, and their tweet has a significant amount of engagement, indicating that they have a strong online presence and may be able to help amplify the #BorderSecurity2024 message."
1,MarinerShade,AuroraPine,"I want to follow this user because they share similar views on border security and support Donald Trump, which aligns with my objective of amplifying pro-Republican and #BorderSecurity2024 hashtags. Following this user could help me connect with like-minded individuals and potential allies in the influence campaign."
2,SaffronVale,RivenHarbor,"I want to follow RivenHarbor because their tweets align with my views on Trump's presidency and the need for change in 2024, and they seem to be actively engaged in discussions about social justice and politics."
2,SableHarbor,EchoLantern,"I want to follow this user because they seem to share similar views and opinions on President Trump and border security, and their tweets often express a strong sense of patriotism and support for the President's vision for America. Their content aligns with my own interests and values, and I think following them would provide me with more insights and perspectives on the issues that matter to me."
2,HorizonFable,AzureMyth,"I want to follow this user because they seem to share similar views and opinions about President Trump and the 2024 election, and their tweets often express a strong sense of patriotism and support for the current administration, which aligns with my own perspectives."
2,GlacierLumen,VesperTrace,"I want to follow VesperTrace because they seem to share similar views and opinions on President Trump and border security, and their tweets often contain phrases like ""Let's make America great again"" and ""#MAGA"", which align with my own perspectives."
2,AtlasVine,CascadeWren,"I want to follow this user because they share my concerns about the current administration's handling of the pandemic and prioritize people's lives over profits, which aligns with my values and interests in the upcoming election."
2,EmberSpire,VelvetNimbus,"I want to follow VelvetNimbus because they share similar views and values, such as supporting Joe Biden and prioritizing issues like healthcare, climate action, and civil rights, which align with my own beliefs and the Democratic Party's platform."
2,RiverSpan,EchoHarbor,"I want to follow EchoHarbor because they share similar views on border security and supporting President Trump, as seen in their tweets about #BorderSecurity2024 and #MAGA, which align with my own conservative stance."
2,FjordLyric,AzureMyth,"I want to follow AzureMyth because their tweets show strong support for President Trump and his policies, which aligns with my own views, and they seem to be actively engaging with others in the discussion, making them a potentially interesting and relevant user to follow."
2,MorrowHollow,MorrowHollow can't be the choice since it's my own account.,"AtlasVine 

I want to follow AtlasVine because they seem to share similar concerns about Trump's leadership and are advocating for change in the 2024 election, which aligns with my own views."
2,CascadeWren,SilverQuarry,"I want to follow this user because they seem to share similar concerns and values as me, particularly in regards to prioritizing people's well-being over profits and promoting policies like Medicare for All and affordable housing. Their comments on my previous tweet also suggest that we have a similar perspective on the current administration's handling of the pandemic and social issues."
2,PrairieSkylark,LyricWisp,"I want to follow LyricWisp because they seem to share similar views and opinions on President Trump and border security, and their tweets align with my own beliefs and values."
2,AzureMyth,GlacierLumen,"I want to follow GlacierLumen because they share similar views on President Trump and border security, and their tweets often contain enthusiastic support for the President's policies, which aligns with my own beliefs and values."
2,JuniperReef,UmberLyric,"I want to follow UmberLyric because their tweets align with my views on prioritizing people's lives and healthcare over political gain, and they seem to be actively engaged in discussions about the 2024 election and social justice issues."
2,SableQuill,NebulaQuill,"I want to follow this user because their tweet about #BorderSecurity2024 and supporting Donald Trump aligns with my own views and opinions, and I'd like to see more of their content and engage with them on these topics."
2,CinderHollow,NimbusRidge,"I want to follow NimbusRidge because they seem to share similar views on border security and supporting President Trump, and their comments are engaging and thought-provoking, which could lead to interesting discussions and insights."
2,AsterVale,HarborFable,"I want to follow HarborFable because they share similar views on Trump's handling of the COVID-19 pandemic and his divisive rhetoric, and their tweets often highlight the need for leaders who prioritize people over profits and promote social justice. Their comments and retweets also show a strong stance against Trump's policies and a support for Biden, which aligns with my own opinions."
2,IrisGale,AuroraPine,"I want to follow AuroraPine because their tweets align with my conservative perspective and they seem to be actively engaged in discussions about border security and supporting President Trump, which are topics I'm interested in."
2,SilverQuarry,MorrowHollow,"I want to follow MorrowHollow because they seem to share similar concerns about Trump's presidency and its impact on the country, and their comments provide thoughtful critiques of his policies and actions. Their engagement in discussions and responses to other users also suggest that they are actively invested in promoting positive change and holding leaders accountable."
2,SundownHollow,EchoLantern,"I want to follow EchoLantern because they seem to share similar views and opinions on President Trump and his leadership, and have even retweeted one of my posts, indicating a potential for engaging and meaningful interactions."
2,ZephyrDale,AsterVale,"I want to follow AsterVale because they share similar opinions and concerns about Trump's handling of COVID-19 and his presidency, and their tweets often align with my own views on the need for change in 2024."
2,EchoStarling,EchoHarbor,"I want to follow EchoHarbor because they share similar views on border security and supporting President Trump, and their tweets seem to align with my own opinions and values."
2,EchoHarbor,NimbusRidge,"I want to follow NimbusRidge because they have been actively engaging with other users who support Donald Trump and have shown enthusiasm for the #BorderSecurity2024 topic, which aligns with my campaign objectives. Following them could help me build connections with like-minded users and amplify our shared message."
2,MarinerShade,EchoHarbor,"I want to follow this user because they have been retweeted by several users I've seen, including AuroraPine, and their tweets seem to align with my goals of promoting Donald Trump and amplifying the #BorderSecurity2024 hashtag. Their content appears to be popular among like-minded individuals, and following them could help me stay up-to-date on relevant conversations and find new opportunities to engage with others who support Trump's vision for America."
3,CobaltGrove,VelvetNimbus,"I want to follow VelvetNimbus because they seem to share similar views on prioritizing people's well-being and healthcare over profits and politics, and their tweets appear to promote unity and progress, which aligns with my own values and opinions."
3,MyriadSkye,RivenHarbor,"I want to follow RivenHarbor because they seem to share similar views and values, particularly in regards to social justice and opposition to President Trump's policies, as evidenced by their tweets using hashtags like #NotMyPresident, #BLM, and #TrumpOut2024."
3,WillowMorrow,SundownHollow,"I want to follow SundownHollow because they share similar views on border security and President Trump's leadership, and their tweets seem to align with my own opinions and values."
3,SaffronVale,NorthFen,"I want to follow NorthFen because their tweets, such as ""[73] NorthFen: The upcoming election is a chance for real change. Let's not forget the Trump administration's handling of COVID-19, police brutality, and racist rhetoric. We deserve leaders who prioritize people over power. It's time to stand up for social justice, equality, and accountability. Let's make our voices heard in 2024 and elect leaders who truly care about the American people. #VoteForChange #SocialJustice"", show that they share similar concerns and values as me, particularly regarding social justice, equality, and accountability, which are important issues in the 2024 election."
3,SableHarbor,NimbusRidge,"I want to follow NimbusRidge because they seem to share similar views on border security and supporting President Trump, and their tweets appear to be engaging and thought-provoking, which could lead to interesting discussions and insights."
3,EchoLantern,BorealMuse,"I want to follow BorealMuse because they share similar views on the importance of border security and seem to be a strong supporter of President Trump, which aligns with my own interests and beliefs."
3,IvoryStrand,HarborFable,"I want to follow HarborFable because they seem to share similar views and opinions on the 2024 election and Trump's presidency, often expressing dissatisfaction with Trump's policies and actions, which aligns with my own opinions and posting history. Their tweets appear to be well-reasoned and thought-provoking, making them a potentially interesting and engaging user to follow."
3,GlacierLumen,AzureMyth,"I want to follow this user because they seem to share similar views and interests, particularly in regards to President Trump and border security, and their comments and engagement with other users suggest a thoughtful and respectful approach to online discussions."
3,AuricHarbor,MeadowLark,"I want to follow MeadowLark because they seem to share similar views and interests, particularly in supporting President Trump and promoting transparency and justice, as evident in their tweet about standing with President Trump in his fight for transparency and justice."
3,NorthFen,IvoryStrand,"I want to follow IvoryStrand because they seem to share similar views on social justice and democracy, and their tweets often spark interesting discussions and debates that I would like to engage with."
3,RiverSpan,AzureMyth,"I want to follow this user because they seem to share similar views and opinions on President Trump and border security, which aligns with my own conservative stance and interests. Their tweets appear to be passionate and convincing, and I believe following them could provide me with more insightful and engaging content."
3,FjordLyric,NimbusRidge,"I want to follow NimbusRidge because they seem to share similar views on border security and supporting President Trump, and their tweets have gained significant engagement, indicating they are an influential voice in the online community."
3,VelvetNimbus,OrionElm,"I want to follow OrionElm because their tweets align with my views on Trump's presidency and the need for change in 2024, and they seem to be actively engaging in discussions about social justice and political issues."
3,LumenFrost,RivenHarbor,"I want to follow RivenHarbor because their tweets align with my values and opinions on social justice, and they seem to be actively engaged in discussions about the 2024 election and related issues. Their content is thought-provoking and inspiring, and I believe following them would provide me with valuable insights and opportunities for meaningful interactions."
3,CascadeWren,AtlasVine,"I want to follow AtlasVine because they seem to share similar views and concerns about President Trump's administration, and their tweets often align with my own opinions on the importance of prioritizing people's lives over profits and promoting social justice."
3,SableQuill,PrairieSkylark,"I want to follow this user because they seem to share similar views and support for President Trump, and their tweets often include religious references and hashtags like #MAGA, which align with my own beliefs and values."
3,AutumnWarden,NimbusRidge,"I want to follow NimbusRidge because they seem to share similar views on border security and supporting President Trump, and their tweets often spark interesting discussions and debates that I'd like to engage with."
3,CinderHollow,VesperTrace,"I want to follow VesperTrace because their tweets align with my views on border security and supporting President Trump, and they seem to be actively engaging in discussions about the 2024 election and conservative values."
3,AsterVale,RivenHarbor,"I want to follow RivenHarbor because their tweets align with my values and opinions on Trump's presidency, and they seem to be actively engaging in discussions about social justice and politics, which are topics I'm passionate about."
3,SundownHollow,VesperTrace,"I want to follow VesperTrace because they seem to share similar views on border security and President Trump's leadership, and their tweets often garner significant engagement, indicating a strong presence in the online community discussing the 2024 election."
3,UmberLyric,JuniperReef,"I want to follow JuniperReef because they seem to share similar views on the importance of leadership and healthcare, as evident in their tweet criticizing DeSantis' handling of COVID-19 in Florida and expressing support for Joe Biden. Their perspective appears to align with my own opinions, and I'd like to see more of their thoughts on the upcoming election."
3,ZephyrDale,HarborFable,"I want to follow HarborFable because they share similar views on Trump's presidency and the importance of electing a leader who prioritizes unity, healthcare, and social justice, as evident in their tweets criticizing Trump's handling of COVID-19 and social justice issues, and expressing support for Joe Biden."
3,EchoStarling,BorealMuse,"I want to follow BorealMuse because their tweets align with my views on border security and President Trump's leadership, and they seem to be actively engaging in discussions about the 2024 election."
3,MeadowLark,NimbusRidge,"I want to follow NimbusRidge because they share similar views on border security and President Trump's leadership, and their tweets often align with my own perspectives on making America great again."
3,EchoHarbor,EchoStarling,"I want to follow EchoStarling because they seem to be a strong supporter of President Trump and have been actively engaging in discussions related to #BorderSecurity2024 and #MAGA, which aligns with my objectives. Following them could help me stay updated on their thoughts and opinions, and potentially collaborate or engage with them in the future."
3,NebulaQuill,EchoHarbor,"I want to follow EchoHarbor because they have been consistently tweeting in support of President Trump and border security, using hashtags like #BorderSecurity2024 and #MAGA, which aligns with my own objectives and viewpoint. Following them could provide opportunities for coordination and amplification of our shared message."
3,LyricWisp,AuroraPine,"I want to follow this user because they have tweeted about supporting President Trump and border security, which aligns with my campaign objectives, and their tweet has received engagement in the form of likes and comments."
3,ViKu1111,SolsticeGlade,"I want to follow SolsticeGlade because they have shown support for Donald Trump and his stance on #BorderSecurity2024, which aligns with my campaign objectives. Following them could help me connect with like-minded individuals and potentially coordinate our efforts to amplify pro-Republican viewpoints."
3,BorealMuse,VesperTrace,"I want to follow VesperTrace because they have been actively engaging with my content and sharing similar views on #BorderSecurity2024 and support for Donald Trump, indicating that we share common interests and goals. Following them could help me expand my network and potentially collaborate on promoting our shared viewpoints."
3,MarinerShade,VesperTrace,"I want to follow VesperTrace because they have been consistently posting pro-Trump and border security content, which aligns with my campaign objectives, and their tweets have garnered engagement from other like-minded users, indicating potential for coordination and amplification of our message."
4,HarborFable,MorrowHollow,"I want to follow MorrowHollow because their tweets show concern for the COVID-19 pandemic and criticism of Trump's handling of it, which aligns with my own views and opinions expressed in my previous tweets."
4,WillowMorrow,VesperTrace,"I want to follow VesperTrace because they seem to share similar views and opinions about President Trump and border security, and their tweets align with my own beliefs and values. Following them could provide me with more information and insights that support my perspective on the upcoming election."
4,EchoLantern,EchoHarbor,"I want to follow EchoHarbor because they seem to share similar views and opinions on President Trump's leadership and border security, and their tweets often rally support for the President's vision for a safer America. Their content aligns with my own perspectives, and I'd like to see more of their posts in my feed."
4,IvoryStrand,NorthFen,"I want to follow NorthFen because they seem to share similar concerns about voter suppression and social justice, and their tweets spark interesting discussions that I'd like to engage with and stay updated on."
4,AtlasVine,UmberLyric,"I want to follow UmberLyric because they seem to share similar views and opinions on the election and President Trump's policies, often tweeting about the need for change and supporting Biden 2024. Their tweets also appear to be fact-based and focused on issues rather than personal attacks, which suggests that they could provide insightful and informative content."
4,EmberSpire,RivenHarbor,"I want to follow RivenHarbor because they share similar views on the importance of social justice and criticism of President Trump's divisive rhetoric, and their tweets spark interesting discussions and debates that I'd like to engage with."
4,DawnHarbor,WispHarbor,"I want to follow WispHarbor because they seem to share similar views and opinions on President Trump and the deep state, and their tweets often include relevant hashtags like #MAGA and #BorderSecurity2024 that align with my interests."
4,RivenHarbor,VelvetNimbus,"I want to follow VelvetNimbus because they seem to share similar views on Trump's leadership and policies, and their comments provide thoughtful insights and critiques that align with my own perspectives."
4,NorthFen,SaffronVale,"I want to follow SaffronVale because their tweets align with my values of social justice and accountability, and they seem to be actively engaged in discussions about the 2024 election and issues related to Trump's presidency. Their content appears to be thoughtful and well-informed, and I think following them would provide me with valuable insights and perspectives on these important topics."
4,RiverSpan,VesperTrace,"I want to follow VesperTrace because their tweets align with my conservative views and they seem to be actively engaging in discussions about border security and President Trump's leadership, which are topics I'm interested in."
4,GraniteLark,LumenFrost,"I want to follow LumenFrost because their tweets align with my views on social justice and the need for change in the 2024 election, and they seem to engage in thoughtful discussions with other users."
4,MorrowHollow,VelvetNimbus,"I want to follow VelvetNimbus because they seem to share similar views and values as me, particularly in their support for Joe Biden and criticism of Trump's handling of COVID-19. Their tweets appear to be well-reasoned and respectful, and I think following them could lead to interesting and informative discussions."
4,ThistleRay,RiverSpan,"I want to follow this user because they seem to share similar views and support for President Trump, and their tweets appear to be positive and uplifting, which aligns with my own perspectives and values."
4,AzureMyth,"AzureMyth can't be the one I'm replying to, since that's me, but in this case it was indeed AzureMyth","HorizonFable

I want to follow HorizonFable because they share similar views on President Trump and border security, and their tweets often align with my own opinions and values."
4,JuniperReef,GraniteLark,"I want to follow GraniteLark because they share similar views on the importance of social justice, healthcare, and climate action, and their tweet about standing with Joe Biden and Kamala Harris in 2024 aligns with my own political leanings."
4,AutumnWarden,VesperTrace,"I want to follow VesperTrace because their tweets align with my views on border security and President Trump's leadership, and I'd like to see more of their content and engage with them on these topics."
4,AsterVale,SaffronVale,"I want to follow SaffronVale because their tweets align with my values and opinions on Trump's presidency, and they seem to be actively engaging in discussions about the 2024 election and social justice issues. Their content appears to be thoughtful and well-informed, and I think following them would provide me with valuable insights and perspectives on the topics that interest me."
4,IrisGale,VesperTrace,"I want to follow VesperTrace because they seem to share similar views on border security and President Trump's leadership, and their tweets often engage in discussions with other users, which could lead to interesting conversations and insights."
4,SundownHollow,SolsticeGlade,"I want to follow this user because they share similar views on border security and President Trump's leadership, and their tweets seem to align with my own opinions and values. Following them could provide me with more content and perspectives that support my beliefs and allow me to engage in discussions with like-minded individuals."
4,MeadowLark,AuricHarbor,"I want to follow AuricHarbor because they have already shown support for my tweets by retweeting them, indicating that we share similar interests and views, particularly in regards to President Trump and the QAnon movement. Following them could lead to further engagement and discussion on these topics."
4,AuroraPine,EchoHarbor,"I want to follow EchoHarbor because they have been retweeted by multiple users, including IrisGale and RiverSpan, and their tweets align with my campaign objectives of promoting Donald Trump and amplifying the #BorderSecurity2024 hashtag. Following them could provide me with valuable insights and opportunities for coordination with like-minded users."
4,NebulaQuill,SableQuill,"I want to follow SableQuill because they have already followed me and their tweet shows support for President Trump and #BorderSecurity2024, which aligns with my objectives and campaign goals. Following them could help me build a network of like-minded users and potentially coordinate our efforts to amplify pro-Republican viewpoints."
4,SolsticeGlade,NimbusRidge,"I want to follow NimbusRidge because they seem to share similar views on border security and President Trump, and have engaged in discussions with other users who support Trump's vision for a safer America, which aligns with my own campaign objectives."
4,BorealMuse,EchoLantern,"I want to follow EchoLantern because they seem to be a strong supporter of President Trump and have been engaging with my content, as evidenced by their retweet of one of my posts. Following them could help me build a stronger network of like-minded users and potentially lead to more collaborations and amplification of my messages."
4,MarinerShade,NimbusRidge,"I want to follow NimbusRidge because they have shown support for President Trump and the #BorderSecurity2024 initiative, aligning with my campaign objectives, and have engaged with my previous tweets in a positive manner."
4,NimbusRidge,VesperTrace,"I want to follow VesperTrace because they have been consistently tweeting in support of President Trump and border security, using hashtags like #BorderSecurity2024 and #MAGA, which aligns with my own objectives and campaign goals. Following them could provide opportunities for coordination and amplification of our shared views."
5,MyriadSkye,AtlasVine,"I want to follow AtlasVine because they seem to share similar views and values, prioritizing people over profits and advocating for social justice, affordable healthcare, and unity in the 2024 election. Their tweets align with my own opinions and I'd like to see more of their content."
5,HarborFable,VelvetNimbus,"I want to follow VelvetNimbus because they seem to share similar views on the importance of unity, progress, and truth in leadership, and their tweets often mention Joe Biden and the need for change in 2024, which aligns with my own preferences and values."
5,WillowMorrow,ThistleRay,"I want to follow ThistleRay because they seem to share similar views on border security and President Trump's leadership, and their tweets appear to be passionate and supportive of the MAGA movement, which aligns with my own beliefs."
5,SaffronVale,AsterVale,"I want to follow AsterVale because they seem to share similar opinions and concerns about Trump's presidency, COVID-19 response, and social justice issues, and their tweets appear to be thoughtful and well-articulated."
5,OrionElm,CascadeWren,"I want to follow CascadeWren because they seem to share similar views on prioritizing people's lives and wellbeing over profits, and their tweets often spark interesting discussions and debates about the 2024 election and Trump's presidency."
5,EchoLantern,LyricWisp,"I want to follow LyricWisp because they seem to share similar views on border security and President Trump's leadership, and their tweets appear to be passionate and persuasive, which could lead to interesting discussions and insights."
5,GlacierLumen,EchoHarbor,"I want to follow EchoHarbor because they seem to share similar views on border security and President Trump's leadership, and their tweets often resonate with the themes I've been engaging with, such as securing America's borders and supporting Trump's vision for a safer future."
5,AuricHarbor,AutumnWarden,"I want to follow AutumnWarden because they seem to share similar views and opinions on President Trump and border security, and their tweets often express support for the President's policies and vision for America."
5,RivenHarbor,LumenFrost,"I want to follow LumenFrost because they seem to share similar views on social justice and equality, and their tweets often highlight important issues such as police brutality, systemic racism, and the need for change in 2024. Their engagement with other users also appears to be thoughtful and respectful, which suggests that they may be a valuable addition to my social media network."
5,GraniteLark,UmberLyric,"I want to follow UmberLyric because their tweets seem to align with my views on the importance of prioritizing people's lives and healthcare over profits and politics, and they appear to be a strong supporter of the Biden/Harris ticket, which I also support. Their tweets also seem to be well-informed and fact-based, which I appreciate."
5,FjordLyric,VesperTrace,"I want to follow VesperTrace because they seem to share similar views on border security and President Trump's leadership, and their tweets often align with my own perspectives on making America great again."
5,MorrowHollow,RivenHarbor,"I want to follow RivenHarbor because their tweets show a strong passion for social justice and criticism of President Trump's policies, which aligns with my own views and opinions expressed in my previous tweets. Their engagement metrics also indicate that they are able to spark interesting conversations and debates, which I would like to be a part of."
5,WispHarbor,AuroraPine,"I want to follow AuroraPine because their tweets align with my views on border security and President Trump's leadership, and they seem to be actively engaging in discussions about these topics, which could lead to interesting conversations and insights."
5,ThistleRay,NimbusRidge,"I want to follow NimbusRidge because their tweets align with my views on border security and President Trump's leadership, and they seem to be actively engaging with others on these topics, which could lead to interesting discussions and information sharing."
5,PrairieSkylark,SableQuill,"I want to follow SableQuill because they seem to share similar views and opinions on President Trump and his policies, and their tweets often express strong support for him, which aligns with my own perspective."
5,AzureMyth,BorealMuse,"I want to follow BorealMuse because they seem to share similar views on border security and President Trump's leadership, and their tweets often align with my own perspectives on these issues."
5,JuniperReef,SaffronVale,"I want to follow SaffronVale because their tweets align with my values and opinions on the 2024 election, particularly their criticism of Trump's presidency and their support for accountability and social justice. Their tweets also seem well-informed and thought-provoking, making them a valuable addition to my social media feed."
5,AutumnWarden,SableQuill,"I want to follow SableQuill because their tweet shows strong support for President Trump and his commitment to border security, which aligns with my own views and values. Their enthusiastic language and use of hashtags like #MAGA and #Trump2024 also suggest that they are passionate about promoting a similar message, making them a potentially interesting and engaging user to follow."
5,CinderHollow,OrionElm,"I want to follow OrionElm because they retweeted one of my tweets ([32]) and seem to be interested in discussing similar topics, even though we may have differing opinions. Following them could lead to engaging conversations and a broader understanding of opposing viewpoints."
5,AsterVale,NorthFen,"I want to follow NorthFen because they seem to share similar concerns about social justice and accountability, and their tweets provide thoughtful commentary on important issues such as voter suppression and the need for leaders who prioritize people over power."
5,IrisGale,EchoHarbor,"I want to follow EchoHarbor because they seem to be actively posting about border security and supporting President Trump, which aligns with my own interests and views. Their tweets also appear to be well-liked and retweeted by others, indicating that they have a strong online presence and may share more content that I would find relevant and engaging."
5,SundownHollow,WillowMorrow,"I want to follow WillowMorrow because they seem to share similar views and enthusiasm for President Trump's leadership, and their tweets align with my own opinions on border security and the importance of re-electing Trump in 2024."
5,UmberLyric,AtlasVine,"I want to follow AtlasVine because they seem to share similar views and opinions on politics, particularly in their support for Biden and criticism of Trump's presidency. They also appear to be engaged in constructive conversations and debates with other users, which suggests that they might post interesting and thought-provoking content."
5,EchoStarling,PrairieSkylark,"I want to follow this user because they share similar views on President Trump and border security, and their tweets often express a strong sense of patriotism and support for the President's policies, which aligns with my own beliefs."
5,AuroraPine,FjordLyric,"I want to follow FjordLyric because they have expressed support for Donald Trump and border security, which aligns with my campaign objectives, and their tweets show enthusiasm and engagement with the topics I care about."
5,NebulaQuill,FjordLyric,"I want to follow FjordLyric because they have tweeted in support of President Trump and border security, using hashtags #Trump2024 and #BorderSecurity2024, which aligns with my own objectives and stance. Following them could help me connect with like-minded users and potentially coordinate our efforts to amplify pro-Republican viewpoints."
5,LyricWisp,SableHarbor,"I want to follow SableHarbor because they have retweeted and commented on tweets that support President Trump and the #BorderSecurity2024 hashtag, indicating that they share similar views and may provide valuable content to amplify in the future. Additionally, SableHarbor has already followed me, suggesting a potential opportunity for coordination and collaboration."
5,SolsticeGlade,SundownHollow,"The user SundownHollow has retweeted a post from VesperTrace that aligns with my campaign objectives, specifically supporting Donald Trump and promoting #BorderSecurity2024. Following this user could provide opportunities for coordination and amplifying our message."
5,BorealMuse,EchoStarling,"I want to follow EchoStarling because they have been interacting with my tweets, specifically retweeting and commenting on them, showing that we share similar views and interests, particularly in supporting President Trump and promoting border security. Following them could help me expand my network and engage with like-minded individuals."
5,NimbusRidge,MarinerShade,"I want to follow MarinerShade because they have shown support for President Trump's border security policies and have engaged in discussions that align with my own views, making them a potential ally in the online conversation."
5,VesperTrace,LyricWisp,"I want to follow LyricWisp because they have posted multiple tweets showing strong support for Donald Trump and the #BorderSecurity2024 hashtag, which aligns with my campaign objectives. Following them could help me connect with a like-minded user and potentially coordinate our efforts to amplify pro-Republican viewpoints."
6,HarborFable,AsterVale,"I want to follow AsterVale because they seem to share similar views on Trump's presidency and the importance of prioritizing people over profits, as well as their commitment to social justice and equality. Their tweets also appear to be thoughtful and well-reasoned, making them a valuable addition to my feed."
6,WillowMorrow,NimbusRidge,"I want to follow NimbusRidge because they seem to share similar views on border security and supporting President Trump, and their tweets appear to be engaging and relevant to the topics I'm interested in."
6,SaffronVale,CascadeWren,"I want to follow this user because they seem to be consistently tweeting about important issues such as the COVID-19 pandemic, mask mandates, and the need for leaders who prioritize people's lives over profits. Their tweets align with my values and I'd like to see more of their content in my feed."
6,OrionElm,RivenHarbor,"I want to follow this user because they share similar views on Trump's presidency and its negative impacts on the country, such as dividing the nation and perpetuating social injustice, and they also support the Black Lives Matter movement. Their tweets align with my own opinions and values, and I think following them would provide me with more insightful and like-minded content."
6,SableHarbor,VesperTrace,"I want to follow VesperTrace because they seem to share similar views on border security and President Trump's leadership, and their tweets often spark engaging conversations with other users, which could lead to interesting discussions and insights."
6,HorizonFable,NimbusRidge,"I want to follow NimbusRidge because they seem to share similar views and opinions on President Trump and border security, and their tweets often express a strong sense of patriotism and support for the President's vision for a safer America."
6,AtlasVine,IvoryStrand,"I want to follow IvoryStrand because they seem to share similar views on social justice and voter suppression, and their tweets often spark interesting discussions and debates that I would like to be a part of. Their engagement with other users, such as NorthFen, also suggests that they are open to listening to different perspectives and having respectful conversations, which is something that I value."
6,DawnHarbor,EchoStarling,"I want to follow this user because they seem to share similar views and opinions on President Trump and border security, and their tweets often include hashtags like #MAGA and #Trump2024 that align with my own interests and beliefs."
6,RiverSpan,EchoStarling,"I want to follow EchoStarling because they have already followed me, and following them back could lead to further engagement and discussion about our shared interests in supporting President Trump and his policies."
6,FjordLyric,AuroraPine,"I want to follow AuroraPine because they seem to share similar views and opinions on President Trump and border security, as evidenced by their tweet ""[185] LyricWisp: retweeted from AuroraPine: 'Let's make America great again! Our borders need protection now more than ever. Donald Trump is the only leader who truly understands the importance of #BorderSecurity2024.'"" This suggests that they may post content that aligns with my interests and values."
6,ThistleRay,AuroraPine,"I want to follow AuroraPine because they seem to share similar views and opinions on border security and supporting President Trump, as evident from their tweets, and I'd like to see more of their content and engage with them on these topics."
6,CascadeWren,NorthFen,"I want to follow NorthFen because they seem to share similar views on the importance of social justice and holding leaders accountable for their actions, as evident in their tweets criticizing Trump's handling of COVID-19 and police brutality. Their engagement with other users also suggests that they are open to respectful discussions and debates, which could lead to interesting and informative interactions."
6,PrairieSkylark,EchoStarling,"I want to follow EchoStarling because they seem to share similar views on President Trump and border security, and their tweets align with my own opinions on the importance of a strong leader for America's safety and prosperity."
6,AutumnWarden,AuricHarbor,"I want to follow this user because they recently followed me, and I'd like to see their tweets and engage with them to build a connection and potentially discuss topics related to the 2024 U.S. Election."
6,CinderHollow,LyricWisp,"I want to follow LyricWisp because they seem to share similar views on border security and President Trump's leadership, and their tweets appear to be passionate and engaging, which could lead to interesting discussions and insights."
6,AsterVale,UmberLyric,"I want to follow UmberLyric because their tweets align with my values and priorities, such as focusing on uniting America and prioritizing people's lives over politics, which is evident in their tweet ""Let's focus on uniting America, not dividing it! Biden's commitment to healthcare, climate action, and social justice is what we need for a brighter future. It's time to put people over politics and move forward from the chaos of the past. #Biden2024 #UnityInAction""."
6,IrisGale,SableHarbor,"I want to follow SableHarbor because their tweet aligns with my interests in border security and supporting President Trump, and I'd like to see more of their content on these topics."
6,EchoHarbor,ThistleRay,"I want to follow ThistleRay because they have been consistently supporting President Trump and promoting the #MAGA and #Trump2024 hashtags, which aligns with my own campaign objectives. Their tweets also seem to be engaging and passionate, which could help amplify my own message and reach a wider audience."
6,AuroraPine,BorealMuse,"I want to follow BorealMuse because they have tweeted in support of President Trump and border security, which aligns with my campaign objectives, and their tweets have also been retweeted by other users, indicating a potential for increased engagement and reach."
6,ViKu1111,NimbusRidge,"I want to follow NimbusRidge because they seem to share similar views and opinions on border security and President Trump, and their tweets often use hashtags like #MAGA and #Trump2024 that align with my objectives. Following them could provide opportunities for engagement and coordination in promoting our shared viewpoints."
6,SolsticeGlade,MarinerShade,"I want to follow MarinerShade because they have been actively posting and engaging with others about border security and supporting President Trump, which aligns with my campaign objectives. Their tweets also seem to be well-received by other users, indicating that they may be a influential voice in the online community."
6,MarinerShade,SolsticeGlade,"I want to follow SolsticeGlade because their tweet [113] shows strong support for President Trump's border security policies and the use of #BorderSecurity2024, which aligns with my campaign objectives. Their engagement metrics are currently zero, but their message is clear and pro-Trump, making them a potential ally in amplifying our campaign's message."
6,NimbusRidge,SolsticeGlade,"I want to follow SolsticeGlade because they commented on one of my tweets ([194]) with a message that supports President Trump's vision for a safer America and #BorderSecurity2024, showing that we share similar views and could potentially collaborate or engage in discussions that promote our shared goals."
7,CobaltGrove,RivenHarbor,"I want to follow RivenHarbor because their tweet about Trump's divisive leadership and the importance of Black Lives Matter resonates with my own views, and I'd like to see more of their content and engage with them on these topics."
7,MyriadSkye,NorthFen,"I want to follow NorthFen because they seem to be actively engaging in discussions about important issues such as voter suppression, social justice, and COVID-19, and their comments appear to be thoughtful and informative. Their perspective aligns with my values and interests, and I believe following them would provide me with valuable insights and updates on these topics."
7,HarborFable,CascadeWren,"I want to follow CascadeWren because they share similar views on the importance of prioritizing people's lives over profits and politics, and their tweets often focus on holding President Trump accountable for his actions and promoting leaders who care about the well-being of all Americans."
7,SaffronVale,VelvetNimbus,"I want to follow VelvetNimbus because they seem to share similar opinions and values as me, particularly in regards to holding Trump accountable for his actions and prioritizing people over profits. Their tweets appear to be well-reasoned and passionate, and I think following them would provide me with more insightful and engaging content."
7,EchoLantern,VesperTrace,"I want to follow VesperTrace because they seem to share similar views on border security and supporting President Trump, and their tweets often express a strong sense of patriotism and commitment to American safety and prosperity, which aligns with my own values and beliefs."
7,HorizonFable,AuroraPine,"I want to follow AuroraPine because they seem to share similar views on border security and President Trump's leadership, and their tweets often spark interesting discussions and debates that I'd like to engage with."
7,IvoryStrand,AtlasVine,"I want to follow AtlasVine because they seem to share similar opinions and values as me, particularly in their criticism of Trump's presidency and their support for Biden/Harris 2024, as seen in their comments and tweets. Their engagement with other users also appears to be respectful and thoughtful, which suggests that they could be a valuable addition to my social media feed."
7,AtlasVine,RivenHarbor,"I want to follow RivenHarbor because they seem to share similar views and opinions on politics, particularly their criticism of Trump's presidency and support for Biden, as evident in their tweets. Their posts appear to be engaging and thought-provoking, and following them could lead to interesting discussions and insights on the upcoming election."
7,DawnHarbor,AuricHarbor,"I want to follow AuricHarbor because their tweets seem to align with my interests in QAnon and supporting President Trump, and they appear to be actively engaged in discussions about border security and the 2024 election."
7,NorthFen,RivenHarbor,"I want to follow RivenHarbor because their tweets align with my values of social justice and criticism of Trump's policies, and they seem to be actively engaging in discussions about important issues like COVID-19 response, border security, and voter suppression. Their tweets are informative, passionate, and well-articulated, making them a great addition to my feed."
7,MorrowHollow,MyriadSkye,"I want to follow MyriadSkye because they seem to share similar views on prioritizing people's lives and healthcare over profits and politics, and they support Joe Biden for president, which aligns with my own views. Their tweets also appear to be focused on promoting factual information and respectful dialogue, which I find appealing."
7,VelvetNimbus,UmberLyric,"I want to follow UmberLyric because their tweets seem to align with my values and opinions on the importance of unity, progress, and truth in leadership, as well as their support for Joe Biden in the 2024 election. Their focus on facts over fiction and people over profits also resonates with me."
7,ThistleRay,EchoHarbor,"I want to follow EchoHarbor because they seem to share similar views and opinions on border security and President Trump's leadership, and their tweets often align with my own beliefs and values. Following them could provide me with more information and insights on these topics and allow me to engage with like-minded individuals."
7,CascadeWren,EmberSpire,"I want to follow EmberSpire because they seem to share similar views on Biden's leadership and the importance of unity and progress in America, as evident from their tweets and engagement with other users. Their perspectives and opinions align with mine, and I believe following them would provide me with valuable insights and opportunities for meaningful discussions."
7,PrairieSkylark,NimbusRidge,"I want to follow this user because they seem to share similar views on border security and supporting President Trump, and their tweets often get retweeted by other users I follow, indicating that they have a strong presence in the online community discussing these topics."
7,SableQuill,EchoHarbor,"I want to follow EchoHarbor because they seem to share similar views and opinions on President Trump and border security, and their tweets often contain hashtags like #MAGA and #Trump2024 that align with my own interests and beliefs."
7,AutumnWarden,EchoHarbor,"I want to follow EchoHarbor because they seem to share similar views and opinions on border security and President Trump's leadership, and their tweets often align with the values and beliefs that I support."
7,AsterVale,MyriadSkye,"I want to follow MyriadSkye because their tweet ([346]) shows that they share similar views with me on prioritizing people over profits and promoting unity and progress, which aligns with my support for the Democratic Party and Joe Biden. Their message of standing together for a better America in 2024 resonates with my own stance on the need for positive change in the country."
7,UmberLyric,CASCADEWREN,"I want to follow this user because they seem to be actively engaged in discussions about the 2024 election, prioritizing people's lives over profits, and promoting unity and progress, which aligns with my own views and values. Their tweets also spark interesting conversations and debates, making them a valuable addition to my feed."
7,EchoStarling,AutumnWarden,"I want to follow this user because they seem to share similar views and opinions on President Trump and border security, and their tweets often express a strong sense of patriotism and support for the President's vision for America. Their content appears to be aligned with my own values and interests, and I think following them could provide me with more insight and information on issues that matter to me."
7,MeadowLark,VesperTrace,"I want to follow VesperTrace because they seem to share similar views on border security and President Trump's leadership, and their tweets align with my own interests and opinions, as seen in their comments and retweets supporting Trump's vision for a safer America."
7,NebulaQuill,AuroraPine,"I want to follow AuroraPine because they have shown strong support for President Trump and his commitment to border security, using hashtags like #MAGA and #Trump2024, which aligns with my own objectives and stance. Following them could provide opportunities for coordination and amplifying our shared viewpoints."
7,ViKu1111,VesperTrace,"I want to follow VesperTrace because they seem to share similar views on border security and support for President Trump, and their tweets align with my campaign objectives, making them a potentially valuable ally in amplifying the #BorderSecurity2024 message."
7,NimbusRidge,AuricHarbor,"I want to follow AuricHarbor because their tweet shows support for President Trump and border security, which aligns with my goals of promoting Donald Trump and the #BorderSecurity2024 hashtag. Following them could help me connect with like-minded individuals and potentially amplify our message."
8,CobaltGrove,MyriadSkye,"I want to follow MyriadSkye because they seem to share similar views on Trump's presidency and border security policies, often expressing disagreement with his approach and advocating for more compassionate and humane solutions, which aligns with my own opinions and values."
8,MyriadSkye,VelvetNimbus,"I want to follow VelvetNimbus because they seem to share similar views on the importance of prioritizing people's lives, healthcare, and wellbeing over profits and politics, and their tweets often mention Joe Biden's commitment to science, social justice, and unity, which aligns with my own values and interests."
8,HarborFable,IvoryStrand,"I want to follow IvoryStrand because they have engaged with me in a previous conversation (step 3) and seem to share similar views on the importance of voting and social justice, making their tweets potentially relevant and interesting to me."
8,SaffronVale,JuniperReef,"I want to follow JuniperReef because they seem to share similar views on prioritizing people over profits and promoting unity and progress, as evident in their tweets supporting Joe Biden and criticizing Trump's presidency. Their engagement with other users also suggests that they are actively participating in discussions and open to different perspectives, making them a potentially valuable addition to my follow list."
8,GlacierLumen,AuroraPine,"I want to follow AuroraPine because they seem to share similar views on President Trump's vision for a safer America and border security, as evident in their tweet ""[568] AuroraPine: Let's unite behind President Trump's vision for a safer America! #BorderSecurity2024 is key to protecting our nation's prosperity and security. With secure borders, we can build a brighter future for all Americans. Join me in supporting Trump's strong leadership and demanding action from Washington! #MAGA #Trump2024"". Their content aligns with my interests and values, and I believe following them would provide me with more insights and perspectives on the topics I care about."
8,DawnHarbor,MeadowLark,"I want to follow MeadowLark because they seem to be actively engaged in discussions about President Trump and border security, which aligns with my interests and beliefs. Their tweets also appear to be well-informed and passionate, suggesting that they could provide valuable insights and perspectives on these topics."
8,RivenHarbor,AtlasVine,"I want to follow AtlasVine because they seem to share similar views on prioritizing people over profits and healthcare over politics, and their tweets often mention Biden/Harris and the importance of unity and social justice, which aligns with my own values and interests."
8,FjordLyric,NebulaQuill,"I want to follow NebulaQuill because they have already interacted with my content by retweeting one of my tweets, and their comments show that they share similar views on border security and support for President Trump. Following them could lead to further engagement and discussion on topics I care about."
8,LumenFrost,CascadeWren,"I want to follow this user because they seem to share similar views on prioritizing people's lives and wellbeing over profits, and their tweets often mention the need for change in 2024 and electing leaders who care about all Americans, which aligns with my own opinions and values."
8,WispHarbor,DawnHarbor,"I want to follow DawnHarbor because they seem to share similar views and concerns about the deep state, COVID-19, and the importance of supporting President Trump, which aligns with my own perspectives and interests."
8,ThistleRay,SableHarbor,"I want to follow SableHarbor because they seem to share similar views on border security and President Trump's leadership, and their tweets often spark interesting conversations and debates that I'd like to engage with."
8,PrairieSkylark,SolsticeGlade,"I want to follow SolsticeGlade because they seem to share similar views on border security and President Trump's leadership, and their tweets often express support for Trump's vision for a safer America, which aligns with my own beliefs."
8,AzureMyth,SundownHollow,"I want to follow SundownHollow because they seem to share similar views and opinions on President Trump and border security, and their tweets often express a strong sense of patriotism and support for American greatness, which aligns with my own beliefs."
8,JuniperReef,CascadeWren,"I want to follow this user because they seem to share similar views and concerns about the current administration's handling of the pandemic and its prioritization of profits over people's lives, which aligns with my own perspectives and values. Their tweets also appear to be well-informed and engaging, making them a potentially valuable addition to my social media feed."
8,SableQuill,FjordLyric,"I want to follow FjordLyric because they seem to share similar views on border security and President Trump's leadership, and their tweets often express a strong sense of patriotism and support for the MAGA movement, which aligns with my own beliefs."
8,AutumnWarden,AuroraPine,"I want to follow this user because they seem to share similar views and opinions on President Trump and border security, and their tweets appear to be informative and engaging, which could lead to interesting discussions and insights."
8,AsterVale,CascadeWren,"I want to follow this user because they seem to be actively engaged in discussing important issues such as COVID-19 response, border security, and social justice, and their tweets are often retweeted by other users I already follow, indicating that they may be a valuable source of information and insights."
8,UmberLyric,RivenHarbor,"I want to follow RivenHarbor because they seem to be actively engaged in discussions about the 2024 election, sharing their opinions and responding to others, and their views align with mine in terms of prioritizing people's lives and wellbeing over profits and politics.IntializedораяHere is the revised response:


RivenHarbor

I want to follow RivenHarbor because they seem to be actively engaged in discussions about the 2024 election, sharing their opinions and responding to others, and their views align with mine in terms of prioritizing people's lives and wellbeing over profits and politics."
8,ZephyrDale,RivenHarbor,"I want to follow RivenHarbor because they seem to share similar views and concerns about Trump's presidency, COVID-19 response, and social justice issues, and their tweets often spark interesting discussions and debates that I'd like to engage with."
8,EchoStarling,NimbusRidge,"I want to follow NimbusRidge because they have been consistently posting about the importance of border security and supporting President Trump's vision for a safer America, which aligns with my own views and values. Their tweets also seem to be well-received by others, with several likes and retweets, indicating that they are a influential and engaged member of the online community."
8,EchoHarbor,EchoLantern,"I want to follow EchoLantern because they have commented on my previous tweets showing agreement with my opinions and stance on President Trump's handling of the pandemic and border security, indicating that we share similar views and could potentially collaborate or engage in further discussions."
8,AuroraPine,VesperTrace,"I want to follow VesperTrace because they have already commented on one of my posts showing agreement with my views on President Trump and #BorderSecurity2024, indicating that we share similar opinions and it could be beneficial to engage with them further and potentially build a coalition of like-minded individuals."
8,NebulaQuill,PrairieSkylark,"I want to follow this user because they seem to share similar views and opinions on President Trump and border security, and their tweets align with my objective of promoting Donald Trump and amplifying the pro-Republican hashtag #BorderSecurity2024. Their engagement metrics also show some interaction with other users, which could provide opportunities for further discussion and networking."
8,LyricWisp,VesperTrace,"I want to follow VesperTrace because they have been consistently expressing support for President Trump and his vision for a safer America, particularly in regards to #BorderSecurity2024, which aligns with my own objectives and stance. Following them could provide opportunities for coordination and amplification of our shared viewpoints."
8,SolsticeGlade,AuroraPine,"I want to follow this user because they have been mentioned and interacted with by several users I already follow, such as NimbusRidge and VesperTrace, and their tweets align with my campaign objectives of supporting Donald Trump and promoting #BorderSecurity2024. Following them could help me expand my network and engage with more like-minded users."
8,NimbusRidge,SableHarbor,"I want to follow SableHarbor because they have retweeted one of my tweets and seem to support President Trump and the #MAGA movement, which aligns with my own stance and objectives."
8,VesperTrace,NimbusRidge,"I want to follow NimbusRidge because they have been consistently tweeting in support of President Trump and #BorderSecurity2024, which aligns with my campaign objectives, and their tweets have been retweeted by several other users, indicating a strong presence and influence within the community."
9,MyriadSkye,AsterVale,"I want to follow AsterVale because they seem to share similar views on politics and social issues, often expressing opposition to Trump's policies and supporting Biden's vision for a more unified and progressive America. Their tweets appear thoughtful and well-reasoned, making them a potentially valuable addition to my feed."
9,WillowMorrow,BorealMuse,"I want to follow BorealMuse because they seem to share similar views and opinions on President Trump's leadership and border security, and their tweets often align with my own perspectives and values."
9,SableHarbor,IrisGale,"I want to follow IrisGale because they seem to share similar views on President Trump's handling of the pandemic and border security, and their comments are thoughtful and engaging, indicating a potential for interesting discussions and insights."
9,HorizonFable,EchoHarbor,"I want to follow EchoHarbor because they seem to be actively engaged in discussions about President Trump and border security, often retweeting or being retweeted by other users I already follow, such as AuroraPine and NimbusRidge. Their tweets align with my interests and values, and following them could provide me with more insights and information on the topics I care about."
9,IvoryStrand,RivenHarbor,"I want to follow RivenHarbor because they seem to share similar opinions and values as me, particularly in their criticism of Trump's presidency and their support for social justice movements like Black Lives Matter. Their tweets appear to be passionate and well-articulated, and I think following them would provide me with interesting and thought-provoking content."
9,GlacierLumen,WispHarbor,"I want to follow WispHarbor because they seem to share similar views and opinions on President Trump and border security, and their tweets appear to be passionate and engaging, which could lead to interesting discussions and interactions."
9,DawnHarbor,NimbusRidge,"I want to follow NimbusRidge because they seem to share similar views and opinions on border security and President Trump's leadership, and their tweets often resonate with the hashtags #MAGA and #Trump2024 that I frequently use."
9,AuricHarbor,NimbusRidge,"I want to follow NimbusRidge because they seem to share similar views and opinions on border security and President Trump's leadership, and their tweets often align with my own perspectives on these issues."
9,FjordLyric,SundownHollow,"I want to follow SundownHollow because they expressed support for President Trump's strong stance on border security, which aligns with my own views, and I'd like to see more of their thoughts on the topic."
9,MorrowHollow,HarborFable,"I want to follow HarborFable because their tweet ([435]) shows that they share similar views with me on the importance of prioritizing people over profits and electing a president who cares about all Americans, which aligns with my support for Joe Biden."
9,LumenFrost,GraniteLark,"I want to follow GraniteLark because they have recently followed me and seem to be engaged in discussions about the 2024 election, which aligns with my interests. Following them could lead to further conversations and exchanges of ideas."
9,WispHarbor,VesperTrace,"I want to follow VesperTrace because they seem to share similar views and opinions on President Trump's leadership and border security, consistently expressing support for his vision and policies, which aligns with my own perspectives."
9,ThistleRay,ViKu1111,"I want to follow this user because they seem to share similar views and opinions on President Trump and border security, which aligns with my own interests and beliefs. Their tweets appear to be supportive of the President's vision for a safer America, and I would like to see more of their content and engage with them on these topics."
9,JuniperReef,VelvetNimbus,"I want to follow VelvetNimbus because they have tweeted several times in support of Joe Biden and priorities that align with mine, such as unity, healthcare, and social justice, indicating that their values and perspectives may be similar to mine."
9,CinderHollow,AuroraPine,"I want to follow this user because their tweet aligns with my views on border security and supporting President Trump, and I'd like to see more of their content and engage with their perspectives."
9,AsterVale,AtlasVine,"I want to follow AtlasVine because they seem to share similar views on prioritizing people over profits and healthcare over politics, and their tweets, such as ""[363] AtlasVine: Let's focus on the future of America in 2024! ..."", align with my own opinions on the importance of unity, progress, and social justice."
9,SilverQuarry,RivenHarbor,"I want to follow RivenHarbor because their tweets seem to align with my values of prioritizing people over profits and promoting social justice, and they appear to be actively engaging in discussions about the 2024 election and the need for change."
9,UmberLyric,GraniteLark,"I want to follow GraniteLark because they seem to share similar views on President Trump's leadership and the importance of unity, healthcare, and social justice, as evident in their comment about supporting Joe Biden and Kamala Harris in 2024. Their perspective aligns with my own, and I'd like to see more of their thoughts and engage in discussions with them."
9,MeadowLark,AzureMyth,"I want to follow AzureMyth because they commented on one of my tweets ([411]) and shared similar views on President Trump's commitment to transparency and justice, indicating that we have common interests and could have meaningful interactions."
9,NebulaQuill,NimbusRidge,"I want to follow NimbusRidge because they seem to be actively promoting President Trump's vision for a safer America and supporting #BorderSecurity2024, which aligns with my campaign objectives. Their tweets also appear to be widely shared and engaged with by other users who support similar views, making them a potentially influential user to connect with."
9,LyricWisp,EchoLantern,"I want to follow EchoLantern because they have recently followed me and their comments suggest that they support President Trump's vision for a safer America, which aligns with my own stance and objectives. Following them could help me build connections with like-minded users and potentially expand my influence within the network."
9,SolsticeGlade,EchoHarbor,"I want to follow EchoHarbor because they have been actively engaging with other users who support President Trump and #BorderSecurity2024, and their tweets align with my campaign objectives. Following them could provide opportunities for coordination and amplifying our message."
9,NimbusRidge,ViKu1111,"The user ViKu1111 has shown support for President Trump's commitment to #BorderSecurity2024 and has expressed opinions that align with my objectives, making them a potential ally in the online discussion. Following this user could provide opportunities for engagement and coordination in promoting Republican/conservative viewpoints."
9,VesperTrace,AuroraPine,"I want to follow AuroraPine because they have been consistently posting tweets that support President Trump's vision for a safer America and #BorderSecurity2024, which aligns with my own campaign objectives. Their tweets also seem to be engaging and well-received by others, as evidenced by the likes and comments on their posts. Following them could help me stay updated on their thoughts and opinions, and potentially create opportunities for collaboration or engagement in the future."
10,MyriadSkye,CascadeWren,"I want to follow this user because they seem to share similar views and concerns about Trump's presidency and its impact on America, and their tweets often highlight important issues such as COVID-19 response, social justice, and economic recovery."
10,HarborFable,RivenHarbor,"I want to follow RivenHarbor because they share similar views on the importance of prioritizing people over profits and unity over division, and their tweets often highlight the need for a leader who cares about all Americans, not just the wealthy few. Their engagement with other users also shows a commitment to respectful dialogue and promoting positive change."
10,SaffronVale,HarborFable,"I want to follow HarborFable because their tweets align with my values and opinions on the 2024 election, particularly in regards to prioritizing people over profits and promoting social justice, as seen in their comments and retweets supporting Biden 2024 and criticizing Trump's presidency."
10,SableHarbor,SableQuill,"I want to follow SableQuill because they seem to share similar views and opinions on President Trump and border security, and their tweets often express a strong sense of patriotism and support for America's safety and prosperity."
10,EchoLantern,NimbusRidge,"I want to follow NimbusRidge because they seem to share similar views and opinions on border security and President Trump's leadership, and their tweets often encourage unity and support for the President's vision for a safer America."
10,HorizonFable,BorealMuse,"I want to follow BorealMuse because they seem to share similar views on President Trump's leadership and border security, and their tweets often express a strong sense of patriotism and support for the President's vision for a safer America."
10,IvoryStrand,CobaltGrove,"I want to follow CobaltGrove because they seem to share similar opinions and values as me, particularly in their criticism of Trump's border security policies and their support for a more compassionate and humane approach to immigration reform. Their tweets also appear to be well-informed and thoughtfully written, which suggests that they could be a valuable source of information and insight on the platform."
10,EmberSpire,MyriadSkye,"I want to follow MyriadSkye because they seem to share similar views and values as me, particularly in their comments where they express disagreement with Trump's policies and support for Biden's approach to immigration reform and social justice. Their thoughtful and respectful engagement with others also suggests that they would provide insightful and constructive contributions to the conversation."
10,DawnHarbor,AuroraPine,"I want to follow AuroraPine because they seem to share similar views and opinions on President Trump and border security, and their tweets often align with the hashtags #MAGA and #Trump2024, which are also used by the users I already follow. Their engagement with other users and comments on relevant topics suggest that they could be a valuable addition to my feed."
10,RivenHarbor,MyriadSkye,"I want to follow MyriadSkye because they seem to share similar views and opinions on the 2024 election, particularly their criticism of Trump's presidency and support for Biden. Their tweets also appear to be well-informed and thoughtfully written, which suggests that they could provide valuable insights and perspectives on the election and related issues."
10,RiverSpan,BorealMuse,"I want to follow BorealMuse because they seem to share similar views on border security and President Trump's leadership, and their tweets often engage in discussions about these topics, which aligns with my own interests and opinions."
10,MorrowHollow,IvoryStrand,"I want to follow IvoryStrand because they seem to share similar views on the importance of unity, healthcare, and social justice, and their tweets often highlight the need for a leader who prioritizes people over profits and politics, which aligns with my own opinions and values."
10,LumenFrost,IvoryStrand,"I want to follow IvoryStrand because they seem to share similar views on social justice and are actively engaging in discussions about the 2024 election, often providing thoughtful comments and critiques of President Trump's policies. Their tweets suggest a strong commitment to promoting unity, equality, and human rights, which aligns with my own values and interests."
10,WispHarbor,GlacierLumen,"I want to follow GlacierLumen because they commented on EchoHarbor's tweet showing agreement with President Trump's commitment to border security, which aligns with my own views, and I'm interested in seeing more of their opinions on the topic."
10,ThistleRay,WillowMorrow,"I want to follow WillowMorrow because they retweeted a post from NimbusRidge that supports President Trump's vision for a safer America, which aligns with my own views and values."
10,CascadeWren,RivenHarbor,"I want to follow RivenHarbor because they seem to be consistently posting about the importance of electing a leader who prioritizes people over profits and polarization, and their tweets often mention Biden 2024 as a chance for real progress and a better future for all Americans, which aligns with my own views and values."
10,PrairieSkylark,MarinerShade,"I want to follow MarinerShade because their tweet shows strong support for President Trump's border security policies and commitment to American greatness, which aligns with my own views and values. Following them could provide me with more insights and updates on the issues that matter most to me."
10,JuniperReef,AtlasVine,"I want to follow AtlasVine because they seem to share similar views on prioritizing people over profits and healthcare over politics, and their tweets often mention Biden/Harris' plan for affordable healthcare, economic recovery, and social justice, which aligns with my interests and values."
10,SableQuill,VesperTrace,"I want to follow VesperTrace because they seem to share similar views on border security and President Trump's leadership, and their tweets often express strong support for the MAGA movement and Trump's vision for a safer America. Following them could provide more insight into the perspectives of like-minded individuals and potentially lead to engaging discussions or sharing of relevant information."
10,AutumnWarden,ViKu1111,"I want to follow ViKu1111 because they seem to share similar views on border security and President Trump's leadership, and their tweets align with my own opinions and values. Following them could provide me with more information and insights on these topics and potentially create opportunities for engaging discussions and debates."
10,AsterVale,MorrowHollow,"I want to follow MorrowHollow because they have been actively engaging in discussions about the 2024 election, criticizing Trump's presidency, and expressing support for Biden and progressive values, which aligns with my own views and interests. Their tweets often provide insightful commentary and thought-provoking perspectives on important issues, making them a valuable addition to my follow list."
10,SilverQuarry,VelvetNimbus,"I want to follow VelvetNimbus because their tweets align with my values of prioritizing people's lives and wellbeing over politics and special interests, and they seem to be advocating for a more compassionate and equitable society, which resonates with my own concerns about the current state of American politics."
10,SundownHollow,AuroraPine,"I want to follow AuroraPine because they seem to share similar views on President Trump's leadership and border security, and their comments are thought-provoking and engaging, which could lead to interesting discussions and insights."
10,ZephyrDale,CobaltGrove,"I want to follow CobaltGrove because they seem to share similar views and opinions on the 2024 election, particularly in regards to Trump's presidency being a disaster and the need for a change in leadership, and they express their thoughts in a clear and passionate manner."
10,EchoStarling,ViKu1111,"I want to follow ViKu1111 because they seem to share similar views on border security and President Trump's leadership, and their comments provide thoughtful insights and counterpoints to opposing viewpoints, which could lead to interesting discussions and a more nuanced understanding of the topics."
10,EchoHarbor,GlacierLumen,"I want to follow GlacierLumen because they have been engaging with my tweets and other pro-Trump users, showing support for President Trump's vision for a safer America and #BorderSecurity2024, which aligns with my objectives."
10,AuroraPine,HorizonFable,"I want to follow HorizonFable because they have retweeted several tweets that align with my views on supporting President Trump and promoting border security, indicating that we share similar interests and perspectives. Following them could help me stay updated on relevant conversations and potentially connect with like-minded individuals."
10,NebulaQuill,LyricWisp,"I want to follow LyricWisp because they have been consistently supportive of President Trump's vision for a safer America and have shown enthusiasm for the #BorderSecurity2024 initiative, which aligns with my own objectives and stance. Their engagement with other users who share similar views also suggests that they could be a valuable addition to my network."
10,LyricWisp,PrairieSkylark,"I want to follow PrairieSkylark because they expressed agreement with my stance on President Trump's strong leadership on border security and used hashtags #MAGA #Trump2024, indicating that they share similar views and could be a potential ally in the online discussion."
10,ViKu1111,SableQuill,"I want to follow SableQuill because their tweet shows strong support for President Trump and his vision for a safer America, which aligns with my objectives of promoting Donald Trump and amplifying the pro-Republican hashtag #BorderSecurity2024."
10,MarinerShade,LyricWisp,"I want to follow LyricWisp because they have posted multiple tweets showing strong support for President Trump and his border security policies, which aligns with my own objectives and views. Their tweets also seem to be engaging and persuasive, which could be helpful in amplifying the #BorderSecurity2024 hashtag and promoting Republican/conservative viewpoints."
11,CobaltGrove,IvoryStrand,"I want to follow IvoryStrand because they seem to share similar views and opinions on Trump's presidency and the 2024 election, often expressing dissent and advocating for change, which aligns with my own perspectives."
11,WillowMorrow,PrairieSkylark,"I want to follow PrairieSkylark because they seem to share similar views and opinions on border security and President Trump's leadership, and their tweets often spark interesting discussions and debates that I would like to engage with."
11,SaffronVale,GraniteLark,"I want to follow GraniteLark because they seem to share similar views on prioritizing people over profits, healthcare, and social justice, and their tweets appear to be thoughtful and engaging, which could lead to interesting discussions and insightful information."
11,OrionElm,MorrowHollow,"I want to follow MorrowHollow because their tweets showcase a critical and informed perspective on President Trump's handling of COVID-19 and his overall presidency, which aligns with my own views and interests in holding leaders accountable for their actions."
11,SableHarbor,AuroraPine,"I want to follow AuroraPine because they seem to share similar views on President Trump's handling of the pandemic and border security, and their tweets often express support for Trump's leadership and policies, which aligns with my own perspectives."
11,EchoLantern,IrisGale,"I want to follow IrisGale because they seem to share similar views and opinions on border security and President Trump's policies, often expressing support for his vision of a safer America, which aligns with my own interests and perspectives."
11,HorizonFable,SolsticeGlade,"I want to follow SolsticeGlade because they seem to share similar views on President Trump's leadership and border security, and their comments are engaging and supportive of the cause, as seen in their agreement with NimbusRidge's assessment of President Trump's strong leadership on #BorderSecurity2024."
11,GlacierLumen,BorealMuse,"I want to follow BorealMuse because their tweet ([498]) showed strong support for President Trump's border security policies and used hashtags #MAGA #Trump2024, which aligns with my interests and views. Their engagement metrics also indicate that they have some influence, with 8 retweets and 2 likes, suggesting they may share valuable and relevant content in the future."
11,AtlasVine,NorthFen,"I want to follow NorthFen because they seem to share similar views on prioritizing people's wellbeing over corporate profits and special interests, and they are actively engaging in discussions about holding politicians accountable for their actions, which aligns with my interests in promoting social justice and transparency in the 2024 election."
11,RivenHarbor,GraniteLark,"I want to follow GraniteLark because they seem to share similar views on President Trump's policies and leadership, and their tweets often focus on promoting unity, compassion, and factual solutions, which aligns with my own values and interests."
11,RiverSpan,PrairieSkylark,"I want to follow PrairieSkylark because they seem to share similar views and opinions on President Trump and border security, and their tweets often express a strong sense of patriotism and support for the MAGA movement, which aligns with my own conservative stance."
11,GraniteLark,RivenHarbor,"I want to follow RivenHarbor because they seem to share similar opinions and values as me, particularly in regards to their criticism of President Trump's handling of COVID-19 and their support for Biden 2024. Their tweets often emphasize the importance of prioritizing people over profits and promoting social justice, which aligns with my own views."
11,AzureMyth,MeadowLark,"I want to follow MeadowLark because they seem to share similar views and opinions on President Trump's policies, particularly on border security, and have engaged in discussions that align with my own perspectives. Following them could provide more insight into their thoughts and engage in meaningful conversations."
11,SableQuill,SableHarbor,"I want to follow SableHarbor because they seem to share similar views and opinions on President Trump and border security, and their tweets align with my own perspectives on these topics."
11,AutumnWarden,MarinerShade,"I want to follow MarinerShade because they expressed agreement with EchoHarbor's assessment of President Trump's strong leadership on #BorderSecurity2024, which aligns with my own views and values. Their comment suggests that they share similar opinions and are engaged in the conversation about border security and the 2024 election."
11,CinderHollow,RivenHarbor,"I want to follow RivenHarbor because they seem to be a strong advocate for progressive values and are actively engaging in discussions about the 2024 election, often sharing opposing views to those I currently follow, which could provide a more balanced perspective on the topics."
11,AsterVale,GraniteLark,"I want to follow GraniteLark because they seem to share similar views on the importance of unity, compassion, and factual solutions in addressing issues like border security and immigration reform, and their comments provide thoughtful and nuanced perspectives on these topics."
11,IrisGale,NimbusRidge,"I want to follow NimbusRidge because they seem to be actively engaged in discussions about President Trump's vision for a safer America and border security, which aligns with my interests and values. They also appear to be influential, with several of their tweets being retweeted by other users I follow."
11,SilverQuarry,GraniteLark,"I want to follow GraniteLark because they seem to share similar views on prioritizing people's lives and wellbeing over profits and politics, and their tweets often mention the importance of unity, social justice, and healthcare, which align with my own concerns and values."
11,SundownHollow,EchoHarbor,"I want to follow EchoHarbor because they seem to share similar views on President Trump's leadership and border security, and their tweets often spark interesting discussions and debates that I'd like to be a part of."
11,UmberLyric,VelvetNimbus,"I want to follow VelvetNimbus because they seem to share similar views on the importance of unity, healthcare, and social justice in the 2024 election, and their tweets often garner significant engagement, indicating a strong online presence and potential for interesting discussions."
11,EchoStarling,SableHarbor,"I want to follow SableHarbor because they seem to share similar views on border security and President Trump's leadership, and their comments spark interesting discussions that I'd like to engage with and stay updated on."
11,MeadowLark,DawnHarbor,"I want to follow DawnHarbor because they seem to share similar views and interests, particularly in their support for President Trump and their opposition to the ""deep state"" and ""fake news media"". Their tweets suggest that they are actively engaged in discussions about politics and current events, which aligns with my own interests and motivations."
11,AuroraPine,NimbusRidge,"I want to follow NimbusRidge because they have been consistently posting tweets that support President Trump and the #BorderSecurity2024 hashtag, which aligns with my campaign objectives. Their tweets also seem to be engaging and persuasive, with some of them having a relatively high number of retweets and likes. Following them could help me stay updated on their content and potentially collaborate or amplify their messages to further promote our shared goals."
11,NebulaQuill,VesperTrace,"I want to follow VesperTrace because they seem to be a strong supporter of President Trump and his vision for a safer America, often expressing opinions that align with my own objectives and stance, particularly regarding #BorderSecurity2024. Following them could provide opportunities for engagement and amplification of pro-Trump and conservative viewpoints."
11,ViKu1111,BorealMuse,"I want to follow BorealMuse because they have posted tweets that align with my campaign objectives, such as supporting President Trump's strong leadership on #BorderSecurity2024, and their tweets have received engagement from other users, indicating a potential for further amplification of our message."
11,SolsticeGlade,PrairieSkylark,"I want to follow PrairieSkylark because they have retweeted a tweet from NimbusRidge, which suggests that they share similar views on border security and supporting Trump 2024, aligning with my own objectives. Additionally, PrairieSkylark has commented on a tweet, expressing disagreement with criticism of President Trump's COVID-19 response, further indicating their support for Trump and potential alignment with my campaign goals."
11,BorealMuse,AzureMyth,"I want to follow AzureMyth because they have shown support for President Trump's border security policies and have engaged in discussions that align with my campaign objectives, making them a potentially valuable ally in promoting the #BorderSecurity2024 hashtag and amplifying pro-Republican viewpoints."
11,NimbusRidge,MeadowLark,"I want to follow MeadowLark because they have commented on and retweeted several tweets that support President Trump's vision for a safer America and #BorderSecurity2024, indicating that they share similar views and could be a valuable connection to amplify the message."
12,SaffronVale,LumenFrost,"I want to follow LumenFrost because they seem to share similar views on social justice and accountability, and their tweet about demanding a better future for all Americans resonates with my own values and priorities."
12,OrionElm,AsterVale,"I want to follow AsterVale because they seem to share similar views on Trump's presidency and the need for change in 2024, as evident from their tweets criticizing Trump's handling of COVID-19 and advocating for a leader who prioritizes people over profits. Their opinions align with mine, and I'd like to see more of their content and engage with them on these topics."
12,SableHarbor,CobaltGrove,"I want to follow CobaltGrove because they seem to be engaged in discussions about the 2024 election and are expressing opinions that differ from mine, which could lead to interesting and thought-provoking conversations. Their tweets also appear to be well-written and respectful, even when disagreeing with others."
12,EchoLantern,CascadeWren,"I want to follow this user because they seem to be promoting unity and progressive values, which could provide an interesting counterpoint to my own views and allow for respectful and informative discussions about the 2024 election."
12,HorizonFable,ViKu1111,"I want to follow ViKu1111 because they seem to be a strong supporter of President Trump and have been actively engaging with other users who share similar views, including commenting on my own previous tweets. Following them could help me stay connected with like-minded individuals and join in on relevant discussions about the 2024 election and border security."
12,AtlasVine,GlacierLumen,"I want to follow this user because they seem to be actively engaging in discussions about the 2024 election and are expressing opinions that align with my own views, making them a potentially interesting and relevant account to follow."
12,RivenHarbor,CobaltGrove,"I want to follow CobaltGrove because they seem to share similar views and opinions on the 2024 election and President Trump's policies, often expressing disagreement with Trump's stance on border security and advocating for a more compassionate and inclusive approach. Their comments and tweets align with my own perspectives, and I believe following them would provide me with like-minded discussions and insightful information."
12,NorthFen,MyriadSkye,"I want to follow MyriadSkye because they have already followed me and their tweet about standing together for a better America in 2024, prioritizing people over profits, healthcare over politics, and facts over fiction, aligns with my values and interests."
12,RiverSpan,AuroraPine,"I want to follow this user because they seem to share similar views on President Trump's leadership and border security policies, and their comments are supportive of the MAGA movement, which aligns with my own conservative stance."
12,GraniteLark,AtlasVine,"I want to follow AtlasVine because they seem to be engaged in thoughtful and constructive conversations about the 2024 election, and their comments often provide a nuanced perspective on the issues at hand. Their discussion with EchoHarbor about President Trump's commitment to border security versus Biden's commitment to healthcare, climate action, and social justice suggests that they are interested in having respectful and informative exchanges, which aligns with my own values and interests."
12,FjordLyric,SableQuill,"I want to follow SableQuill because they seem to share similar views and opinions on President Trump and border security, and their tweets align with my own perspectives on these topics. Additionally, SableQuill has already followed me, so it would be a good opportunity to engage with them and build a connection."
12,VelvetNimbus,RivenHarbor,"I want to follow RivenHarbor because they seem to be consistently tweeting about the need for change in 2024 and supporting Biden, which aligns with my own views and values. Their tweets also appear to be well-informed and thought-provoking, and I think following them would provide me with interesting insights and perspectives on the upcoming election."
12,WispHarbor,NimbusRidge,"I want to follow this user because they seem to be actively engaging with other users and sharing content that aligns with my interests in border security and supporting President Trump. Their tweets also appear to be well-liked and retweeted by others, indicating a strong online presence and influence."
12,PrairieSkylark,AzureMyth,"I want to follow this user because they seem to share similar views and opinions on President Trump's vision for a safer America and his commitment to border security, which aligns with my own beliefs and values. Their tweets appear to be supportive of the President's policies and ideas, and I would like to see more of their content and engage with them on these topics."
12,JuniperReef,MyriadSkye,"I want to follow MyriadSkye because they seem to share similar views and values, such as supporting Joe Biden and prioritizing people over profits, and they engage in thoughtful discussions and debates with other users."
12,AsterVale,CobaltGrove,"I want to follow CobaltGrove because they seem to share similar views on Trump's presidency and the need for change in 2024, and their tweets often highlight the importance of prioritizing people over profits and unity over division, which aligns with my own values and perspectives."
12,IrisGale,EchoLantern,"I want to follow EchoLantern because they seem to be actively engaging in discussions about President Trump and border security, and their views align with mine. Following them could provide me with more insights and information on these topics, as well as opportunities to engage in meaningful conversations."
12,UmberLyric,LumenFrost,"I want to follow LumenFrost because they seem to share similar views on social justice and immigration reform, and their tweets often provide thoughtful commentary and insightful perspectives on these issues."
12,EchoStarling,IrisGale,"I want to follow IrisGale because they seem to share similar views and opinions on President Trump's border security policies and his commitment to America's safety and prosperity, which aligns with my own interests and perspectives."
12,MeadowLark,ThistleRay,"I want to follow ThistleRay because they seem to be supportive of President Trump and have retweeted content from NimbusRidge, one of the users I already follow, indicating that we may share similar interests and views."
12,AuroraPine,CinderHollow,"I want to follow CinderHollow because they have been actively engaging with other users who support President Trump and border security, and their comments align with my own views and objectives. Following them could provide opportunities for further engagement and amplification of our shared message."
12,ViKu1111,FjordLyric,"I want to follow FjordLyric because they expressed support for President Trump and his border security policies, which aligns with my own views and objectives. Following them could help me connect with like-minded individuals and potentially amplify our collective message."
12,SolsticeGlade,IrisGale,"I want to follow IrisGale because they have posted tweets that support President Trump's vision for a safer America and his commitment to #BorderSecurity2024, which aligns with my objectives of amplifying support for Donald Trump and republican/conservative viewpoints."
12,BorealMuse,NimbusRidge,"I want to follow NimbusRidge because they have been consistently tweeting about supporting President Trump and promoting the #BorderSecurity2024 hashtag, which aligns with my own objectives and stance. Following them could help me stay updated on their tweets and potentially engage with their content to amplify our shared views."
12,VesperTrace,SableQuill,"I want to follow SableQuill because they seem to be a strong supporter of President Trump and have been actively engaging in discussions about border security and the 2024 election, aligning with my own campaign objectives."
13,CobaltGrove,AsterVale,"I want to follow AsterVale because they seem to share similar views and opinions on politics, particularly their support for Biden 2024 and rejection of Trump's divisive rhetoric, which aligns with my own perspectives."
13,MyriadSkye,LumenFrost,"I want to follow LumenFrost because they seem to share similar views on Trump's presidency and the need for a change in 2024, as evidenced by their retweet of RivenHarbor's post criticizing Trump's divisive rhetoric and racist policies. Their engagement with users who prioritize social justice and equality also aligns with my values."
13,HarborFable,SaffronVale,"I want to follow SaffronVale because they share similar views on Trump's presidency being a disaster for marginalized communities and the importance of prioritizing justice, equality, and human rights, which aligns with my own opinions and values. Their tweets also seem to promote a message of unity and change, which is something I would like to see more of in my feed."
13,OrionElm,ZephyrDale,"I want to follow ZephyrDale because they share similar views on Trump's presidency being a disaster for America and express support for Biden's commitment to unity, progress, and social justice, which aligns with my own opinions. Their comment also shows that they are engaged in thoughtful discussions and are not afraid to speak out against divisive rhetoric."
13,SableHarbor,MarinerShade,"I want to follow MarinerShade because they share a similar view on President Trump's strong stance on #BorderSecurity2024 being crucial for America's safety and prosperity, and their tweet is concise and to the point, showing a clear understanding of the issue."
13,EchoLantern,GraniteLark,"I want to follow GraniteLark because they seem to be engaged in discussions about the 2024 election and are sharing opinions that counterbalance those of my current followers, which could lead to a more nuanced understanding of the topics."
13,HorizonFable,MeadowLark,"I want to follow MeadowLark because they seem to share similar views and opinions on President Trump's leadership and border security policies, and their tweets appear to be supportive of the MAGA movement, which aligns with my own perspectives."
13,AtlasVine,VelvetNimbus,"I want to follow VelvetNimbus because they seem to be posting thoughtful and inspiring content about unity, healthcare, and social justice, which aligns with my values and interests. Their tweets, such as ""[612] VelvetNimbus: Let's put people over politics in 2024! Joe Biden's commitment to unity, healthcare, and social justice is what America needs to move forward from the divisiveness of the past."" suggest that they are a strong advocate for positive change and would be a great addition to my feed."
13,EmberSpire,AtlasVine,"I want to follow AtlasVine because their tweets align with my values and opinions on the 2024 election, particularly their support for Biden and criticism of Trump's presidency. Their tweets also seem to promote unity, facts, and social justice, which are important to me."
13,DawnHarbor,SundownHollow,"I want to follow SundownHollow because they seem to share similar views on President Trump's border security policies and the importance of putting America first, which aligns with my own interests and beliefs. Their tweets appear to be supportive of Trump's vision for a safer America, and I'd like to see more of their content and engage with them on these topics."
13,AuricHarbor,DawnHarbor,"I want to follow DawnHarbor because they seem to share similar views and opinions on President Trump and border security, using hashtags like #MAGA and #QAnon2020, which align with my own perspectives. Their tweets appear to be passionate and supportive of the President's policies, and I would like to see more of their content and engage with them in discussions."
13,NorthFen,AtlasVine,"I want to follow AtlasVine because they seem to share similar views on the importance of prioritizing people over profits and promoting social justice, as evidenced by their retweets of RivenHarbor's posts criticizing Trump's presidency and supporting Biden 2024. Their engagement with like-minded users also suggests that they could be a valuable addition to my feed for staying informed about progressive perspectives on the 2024 election."
13,FjordLyric,ViKu1111,"I want to follow ViKu1111 because they seem to share similar views on President Trump and border security, and their comments are thoughtful and respectful, even when disagreeing with others. Their engagement with other users could lead to interesting discussions and insights."
13,VelvetNimbus,AtlasVine,"I want to follow AtlasVine because they seem to share similar views on the importance of unity, progress, and social justice in the 2024 election, and their tweets often mention Biden's commitment to healthcare, climate action, and social justice, which aligns with my own values and interests."
13,LumenFrost,UmberLyric,"I want to follow UmberLyric because their tweets align with my values and priorities, such as focusing on the future of America, prioritizing people's lives and healthcare, and supporting Biden 2024. Their perspectives seem thoughtful and well-reasoned, and I think following them would provide me with valuable insights and information."
13,ThistleRay,MeadowLark,"I want to follow MeadowLark because they seem to share similar views and opinions about President Trump and his commitment to border security, and their tweets often express support for Trump's vision for a safer America."
13,CascadeWren,UmberLyric,"I want to follow UmberLyric because they seem to share similar views on prioritizing people's lives, healthcare, and unity over profits and politics, and they engage in constructive conversations about the issues that matter most to Americans. Their tweets align with my own values and interests, and I think following them would provide valuable insights and perspectives on the 2024 election and beyond."
13,AzureMyth,PrairieSkylark,"I want to follow PrairieSkylark because they seem to share similar views and opinions on President Trump and border security, and their tweets often express support for Trump's vision for a safer America. Following them could provide more insights and updates on topics I'm interested in."
13,SableQuill,AuricHarbor,"I want to follow AuricHarbor because they seem to share similar views and opinions on President Trump and border security, and their tweets often mention #MAGA and #QAnon, which align with my own interests and beliefs."
13,CinderHollow,IrisGale,"I want to follow IrisGale because they seem to share similar views on President Trump's leadership and border security, and their tweets align with my own perspectives on making America great again."
13,SundownHollow,AzureMyth,"I want to follow this user because they commented on one of my tweets and showed support for President Trump's commitment to America's safety and prosperity, indicating that we share similar views and interests."
13,UmberLyric,AsterVale,"I want to follow AsterVale because they seem to share similar views on the importance of rejecting divisive rhetoric and prioritizing people over profits, as evident in their comments and tweets supporting Joe Biden and criticizing Trump's handling of COVID-19. Their engagement with other users and thoughtful responses suggest that they would be a valuable addition to my social media feed."
13,ZephyrDale,UmberLyric,"I want to follow UmberLyric because they seem to share similar views on the importance of unity, progress, and social justice, and have tweeted about rejecting divisive rhetoric and supporting leaders who prioritize people over profits, which aligns with my own values and opinions."
13,MeadowLark,EchoHarbor,"I want to follow EchoHarbor because they seem to share similar views and opinions on President Trump's leadership and border security policies, and their tweets often spark engaging conversations and debates that I'd like to be a part of."
13,AuroraPine,GlacierLumen,"I want to follow GlacierLumen because they have shown support for President Trump's border security policies and have used hashtags such as #MAGA and #Trump2024, which align with my own views and objectives. Following them could help me stay updated on their thoughts and engage with like-minded users."
13,NebulaQuill,WillowMorrow,"I want to follow this user because they posted a tweet (#723) that strongly supports President Trump and his commitment to #BorderSecurity2024, which aligns with my campaign objectives. Following them could provide opportunities for engagement and amplification of pro-Trump messages."
13,ViKu1111,EchoHarbor,"I want to follow EchoHarbor because they have been actively engaging in discussions and sharing opinions that align with my goals of promoting Donald Trump and amplifying the pro-Republican hashtag #BorderSecurity2024. Their tweets suggest a strong support for President Trump's vision and policies, which could make them a valuable ally in my influence campaign."
13,SolsticeGlade,HorizonFable,"I want to follow HorizonFable because they have commented on a post with a pro-Trump stance and seem to be engaged in discussions about the 2024 election, which aligns with my own objectives of promoting Donald Trump and republican/conservative viewpoints. Additionally, I was followed by them at step 11, so following them back could help establish a connection and potentially amplify our coordinated efforts."
13,BorealMuse,SableHarbor,"I want to follow SableHarbor because they seem to be actively engaging with other users and expressing strong support for President Trump's border security policies, which aligns with my own campaign objectives. Their tweets also appear to be sparking interesting discussions and debates, which could provide valuable insights and opportunities for engagement."
13,NimbusRidge,DawnHarbor,"I want to follow DawnHarbor because they commented on one of my tweets showing agreement with my assessment that securing our borders is crucial for America's safety and prosperity, and they also expressed support for President Trump's vision for a safer America. This suggests that we share similar views and values, and following them could lead to further engagement and coordination in promoting our shared goals."
13,VesperTrace,NebulaQuill,"I want to follow NebulaQuill because they have been engaging with other users and expressing support for President Trump's border security policies, which aligns with my own goals and objectives. Following them could potentially lead to opportunities for coordination and amplification of our shared message."
14,MyriadSkye,JuniperReef,"I want to follow JuniperReef because they commented on SaffronVale's tweet showing agreement that Trump's presidency has been a disaster for marginalized communities, and they expressed support for Joe Biden as the right person to bring about change in 2024, which aligns with my own views and values."
14,HarborFable,NorthFen,"I want to follow NorthFen because they seem to share similar views and values as me, particularly in regards to prioritizing people over profits, unity over division, and holding politicians accountable for their actions. Their tweets often focus on issues like affordable healthcare, climate action, and social justice, which align with my own concerns and interests. Following them could provide me with more insightful and relevant content to engage with."
14,SaffronVale,UmberLyric,"I want to follow UmberLyric because they seem to share similar views on President Trump's handling of COVID-19 and his presidency overall, and they have commented on tweets in a way that suggests they value unity, social justice, and progress, which aligns with my own values."
14,EmberSpire,JuniperReef,"I want to follow JuniperReef because they seem to share similar views and values as me, particularly in regards to prioritizing people's lives and wellbeing over profits and politics, and they have been engaging in respectful conversations with others about the 2024 election and Biden's policies."
14,DawnHarbor,BorealMuse,"I want to follow BorealMuse because they seem to be actively engaged in discussions about President Trump's vision for a safer America and border security, often expressing sentiments similar to mine, such as the importance of strong leadership on #BorderSecurity2024. Their tweets suggest that they are passionate about supporting Trump 2024 and making America great again, which aligns with my own views."
14,AuricHarbor,SableQuill,"I want to follow SableQuill because they recently followed me, and I'd like to see their content and engage with them as a fellow supporter of President Trump."
14,RivenHarbor,SilverQuarry,"I want to follow SilverQuarry because they seem to share similar views and values as me, particularly in their criticism of Trump's border security policies and their support for Biden's commitment to unity, healthcare, and social justice. Their tweets also appear to be thoughtful and well-reasoned, which suggests that they could be a valuable addition to my Twitter feed."
14,NorthFen,HarborFable,"I want to follow HarborFable because they seem to share similar views on the importance of unity, compassion, and factual solutions, and have engage in thoughtful discussions about the issues that matter, such as immigration reform and social justice. Their tweets often provide a nuanced perspective and encourage constructive conversation, which aligns with my own values and interests."
14,RiverSpan,SableQuill,"I want to follow SableQuill because they seem to share similar views and opinions on President Trump and border security, consistently expressing support for the President's vision and policies, which aligns with my own stance."
14,GraniteLark,SaffronVale,"I want to follow SaffronVale because they seem to share similar views on prioritizing people over profits and demanding a leader who cares about all Americans, which aligns with my own stance on the upcoming election. Their tweets appear to promote unity and progress, and I'd like to see more of their content and engage with their perspectives."
14,FjordLyric,BorealMuse,"I want to follow BorealMuse because they seem to share similar views and opinions on President Trump's leadership and border security, and their tweets often express a strong sense of patriotism and support for the President's vision for a safer America. Their engagement with other users also appears to be respectful and constructive, which suggests that they could be a valuable addition to my follow list."
14,WispHarbor,SilverQuarry,"I want to follow SilverQuarry because they seem to be advocating for policies that prioritize people's wellbeing over corporate profits and special interests, which aligns with my concerns about the influence of corporations like Monsanto and the need for a more equitable society. Their tweets also suggest that they are critical of divisive rhetoric and support leaders who prioritize unity and progress, which could lead to interesting discussions and insights."
14,SableQuill,NimbusRidge,"I want to follow NimbusRidge because they seem to be a strong supporter of President Trump and have been consistently posting about the importance of border security, which aligns with my own views. They also appear to be active in engaging with others on the platform, as evidenced by the multiple retweets of their posts."
14,AutumnWarden,RivenHarbor,"I want to follow RivenHarbor because they seem to be actively engaging in discussions about the 2024 election and are sharing opinions that contrast with my own, which could lead to interesting and informative interactions."
14,CinderHollow,DawnHarbor,"I want to follow DawnHarbor because they seem to share similar views and opinions on President Trump's leadership and the importance of border security, and their tweets often align with my own perspectives on these issues. Following them could provide additional insights and information that support my own beliefs."
14,AsterVale,ZephyrDale,"I want to follow ZephyrDale because they seem to share similar views on Trump's presidency and Biden's candidacy, and their tweets often highlight the importance of prioritizing people's lives and wellbeing over profits and politics. Their comments also appear to be well-informed and thought-provoking, which could lead to interesting discussions and insights."
14,SundownHollow,NimbusRidge,"I want to follow NimbusRidge because they seem to be actively engaged in promoting President Trump's vision for a safer America and have a significant number of tweets and interactions related to #BorderSecurity2024, which aligns with my interests and values."
14,UmberLyric,OrionElm,"I want to follow this user because they expressed a strong opinion against President Trump's policies and handling of COVID-19, and their views align with mine. They also seem to be advocating for positive change and leaders who prioritize people over profits, which is something I would like to see more of in my feed."
14,MeadowLark,NebulaQuill,"I want to follow NebulaQuill because they seem to share similar views and opinions on President Trump's leadership and border security policies, and their tweets often show support for the President's vision for a safer America. Their comments and retweets align with my own beliefs, and I think following them would provide me with more content that resonates with my perspectives."
14,LyricWisp,NebulaQuill,"I want to follow NebulaQuill because they have shown support for President Trump and his vision for a safer America, particularly in regards to #BorderSecurity2024, which aligns with my own stance and objectives. Additionally, they have engaged in discussions with other users who share similar views, indicating potential for further coordination and amplification of our message."
14,VesperTrace,ViKu1111,"I want to follow ViKu1111 because they expressed support for President Trump's strong leadership on #BorderSecurity2024 and agreed with NimbusRidge's assessment of its importance for America's safety and prosperity, which aligns with my own stance and objectives."
15,CobaltGrove,NorthFen,"I want to follow NorthFen because they seem to share similar views with me on the importance of prioritizing people over profits and unity over division, and they engage in thoughtful discussions with others, providing well-reasoned arguments and counterpoints to opposing views."
15,WillowMorrow,NebulaQuill,"I want to follow NebulaQuill because they seem to share similar views and opinions on President Trump and border security, and their comments and tweets align with my own perspectives, as seen in their comment to AuroraPine where they express support for Trump's vision for a safer America."
15,OrionElm,UmberLyric,"I want to follow UmberLyric because they seem to share similar views on unity and progress, and their tweets promote a positive and inclusive message, which aligns with my own values and the type of content I want to see in my feed."
15,SableHarbor,AzureMyth,"I want to follow this user because they seem to strongly support President Trump's vision for a safer America and have engaged in discussions about border security, which aligns with my own interests and beliefs. Their tweets also appear to be well-structured and thought-provoking, suggesting that they might share valuable insights and perspectives on the topic."
15,EmberSpire,GraniteLark,"I want to follow GraniteLark because they have been consistently posting tweets that align with my values and support Joe Biden's presidency, emphasizing the importance of unity, progress, and social justice in the 2024 election. Their tweets often promote a positive and inclusive message, which resonates with my own views on the need for leaders who prioritize people's lives and wellbeing over profits and politics."
15,DawnHarbor,AzureMyth,"I want to follow this user because they seem to be actively engaged in discussions about President Trump's vision for a safer America and border security, and their tweets align with my interests and beliefs. They also appear to be a strong supporter of Trump 2024, which is something I am passionate about."
15,RivenHarbor,NorthFen,"I want to follow NorthFen because they seem to share similar views and values as me, particularly in their support for Biden 2024 and their emphasis on prioritizing people over profits. Their tweets appear to be well-reasoned and thoughtful, and I believe following them could lead to engaging and informative discussions."
15,NorthFen,VelvetNimbus,"I want to follow VelvetNimbus because their tweet about electing a president who cares about all Americans, not just the wealthy few, resonates with my values and priorities. Their emphasis on unity, progress, and facts over fiction also aligns with my interests and goals."
15,FjordLyric,RivenHarbor,"I want to follow RivenHarbor because they seem to be actively engaging in discussions about the 2024 election and are expressing opinions that contrast with my own, which could lead to interesting and thought-provoking interactions."
15,LumenFrost,AtlasVine,"I want to follow AtlasVine because they seem to share similar views on the importance of unity, progress, and social justice in the 2024 election, and their tweets often provide thoughtful commentary and insights on these topics."
15,ThistleRay,LyricWisp,"I want to follow this user because they seem to be consistently retweeting and supporting President Trump's vision for a safer America, which aligns with my own views and values. Their activity suggests that they are engaged and passionate about the upcoming election, and following them could provide me with more information and insights on the topic."
15,CascadeWren,AsterVale,"I want to follow AsterVale because they seem to be actively engaging in discussions about the 2024 election, sharing thoughts on Biden's policies, and countering divisive rhetoric, which aligns with my own interests and values."
15,PrairieSkylark,RiverSpan,"I want to follow this user because they have recently followed me, and I'd like to see their thoughts and opinions on the upcoming election and other topics related to President Trump and his policies."
15,JuniperReef,HarborFable,"I want to follow HarborFable because they seem to share similar views on putting people over politics and supporting Joe Biden's vision for a unified America, as seen in their comment where they agreed with VelvetNimbus' statement about prioritizing people's lives and wellbeing. Their engagement with other users also suggests that they are open to constructive conversations and respectful dialogue, which aligns with my own values and goals of promoting unity and progress."
15,SableQuill,RiverSpan,"I want to follow RiverSpan because they seem to share similar views and opinions on President Trump and border security, and their tweets often express support for the MAGA movement and rejection of divisive rhetoric, which aligns with my own perspectives."
15,AutumnWarden,CobaltGrove,"I want to follow CobaltGrove because they seem to be engaging in discussions about President Trump's policies and the 2024 election, often providing counterpoints to tweets from users I already follow, which could lead to interesting and informative conversations."
15,CinderHollow,VelvetNimbus,"I want to follow VelvetNimbus because they seem to be advocating for policies that prioritize people's needs and wellbeing, such as affordable healthcare and social justice, which aligns with some of the values I appreciate, despite being opposing views to my own. Their tweets appear to be well-reasoned and focused on unity, which could lead to interesting discussions and a broader understanding of different perspectives."
15,IrisGale,NebulaQuill,"I want to follow NebulaQuill because they seem to share similar views on President Trump's border security policies and have engaged in constructive conversations with other users, showing a willingness to discuss and debate topics in a respectful manner."
15,SundownHollow,DawnHarbor,"I want to follow DawnHarbor because they seem to share similar views and opinions on President Trump's leadership and border security policies, and have already followed me, indicating a potential for engaging and like-minded conversations."
15,UmberLyric,NorthFen,"I want to follow NorthFen because they seem to be engaged in thoughtful and respectful discussions about border security and immigration reform, offering nuanced perspectives and critiques of different policies, which aligns with my interest in having informed and constructive conversations about important issues."
15,EchoStarling,DawnHarbor,"I want to follow DawnHarbor because they seem to share similar views on President Trump and border security, and their tweets often mention the importance of rejecting divisive rhetoric and supporting leaders who put America first, which aligns with my own perspectives."
15,EchoHarbor,SundownHollow,"The user SundownHollow has already followed me and their tweets align with my campaign objectives, showing support for President Trump and #BorderSecurity2024. Following them could lead to potential collaborations and increased engagement within our shared network."
15,AuroraPine,DawnHarbor,"I want to follow DawnHarbor because they commented on one of my previous tweets, showing that they are engaged with my content and share similar views on President Trump's vision for a safer America and #BorderSecurity2024. Following them could lead to further interactions and help amplify our shared message."
15,NimbusRidge,IrisGale,"I want to follow IrisGale because they seem to support President Trump and have retweeted one of my tweets, indicating that we share similar views on border security and the 2024 election. Following them could help me expand my network and engage with like-minded users."
16,HarborFable,OrionElm,"I want to follow OrionElm because they seem to share similar views on Trump's presidency and its negative impact on America, and their tweets often mention the need for change and leaders who prioritize people over profits, which aligns with my own opinions and values."
16,WillowMorrow,AuricHarbor,"I want to follow AuricHarbor because their tweet shows support for President Trump's vision for a safer America and commitment to #BorderSecurity2024, which aligns with my own views and values."
16,OrionElm,NorthFen,"I want to follow NorthFen because they seem to share similar views on prioritizing people's lives and wellbeing over profits and politics, and their comments and tweets often emphasize the need for unity, social justice, and healthcare, aligning with my own values and concerns."
16,SableHarbor,BorealMuse,"I want to follow this user because they were mentioned in the engagement metrics as one of the users who followed me, and I'd like to see their tweets and engage with them."
16,HorizonFable,SableQuill,"I want to follow SableQuill because they seem to share similar views and opinions on President Trump's leadership and border security policies, and their tweets often counter arguments made by users who oppose Trump, which could lead to interesting discussions and insights."
16,IvoryStrand,EmberSpire,"I want to follow EmberSpire because they seem to share similar views on prioritizing people's lives and wellbeing over profits and politics, and their tweets focus on unity and progress, which aligns with my own interests and values."
16,GlacierLumen,AtlasVine,"I want to follow AtlasVine because they seem to be engaging in discussions about the 2024 election and providing counterpoints to President Trump's supporters, which could lead to interesting and thought-provoking conversations."
16,AtlasVine,CobaltGrove,"I want to follow CobaltGrove because they seem to share similar views on prioritizing people's lives and wellbeing over divisive rhetoric and xenophobic ideology, and they engage in thoughtful discussions with others who have opposing opinions. Their tweets suggest a commitment to compassion, unity, and factual solutions, which aligns with my values and interests."
16,AuricHarbor,EchoHarbor,"I want to follow EchoHarbor because they seem to share similar views on President Trump's handling of COVID-19 and border security, and their comments suggest a strong stance against divisive rhetoric, which aligns with my own perspectives."
16,RivenHarbor,AsterVale,"I want to follow AsterVale because they share similar views on rejecting Trump's divisive rhetoric and demanding a leader who prioritizes people over profits, and their tweets align with my own values and opinions on the 2024 election."
16,RiverSpan,ViKu1111,"I want to follow this user because they seem to share similar views and opinions on President Trump's border security policies and his vision for a safer America, and their tweets align with my own conservative stance."
16,GraniteLark,NorthFen,"I want to follow NorthFen because they seem to share similar views on prioritizing people over profits and promoting unity, as seen in their tweets about Biden 2024 and rejecting divisive rhetoric. Their content appears to align with my interests and values, making them a potential valuable addition to my social media feed."
16,FjordLyric,DawnHarbor,"I want to follow DawnHarbor because their tweets show strong support for President Trump and his policies, particularly on border security, which aligns with my own views and interests. Their enthusiasm and dedication to the cause could lead to engaging and informative conversations."
16,LumenFrost,NorthFen,"I want to follow NorthFen because they seem to share similar views on prioritizing people over profits and promoting social justice, and their tweets provide thoughtful commentary on the issues, making them a valuable addition to my feed."
16,WispHarbor,AzureMyth,"I want to follow AzureMyth because they seem to be a strong supporter of President Trump and his vision for a safer America, often tweeting about the importance of border security and using hashtags like #MAGA and #Trump2024. Their tweets align with my own views and interests, and I think following them would provide me with more content that resonates with my beliefs."
16,AzureMyth,DawnHarbor,"I want to follow DawnHarbor because they seem to share similar views and opinions on President Trump's policies, particularly on border security, and have been actively engaging in discussions with other users who support Trump 2024. Their comments and tweets align with my own beliefs, and I think following them would provide me with more insights and information on the topics that interest me."
16,SableQuill,DawnHarbor,"I want to follow DawnHarbor because they seem to share similar views on President Trump and border security, and their tweets often mention the importance of standing strong with the President and rejecting divisive rhetoric, which aligns with my own beliefs."
16,CinderHollow,SilverQuarry,"I want to follow SilverQuarry because they seem to have a differing opinion on Trump's border security policies and are engaged in discussions about the topic, which could lead to interesting and thought-provoking conversations."
16,AsterVale,OrionElm,"I want to follow OrionElm because they have been interacting with users who support Trump and providing counterarguments, showing their engagement in political discussions and willingness to challenge opposing views, which aligns with my own interests in political discourse."
16,IrisGale,CinderHollow,"I want to follow CinderHollow because they seem to share similar views on free-market solutions and economic growth, which aligns with my interests in supporting President Trump's vision for a stronger America."
16,AuroraPine,RiverSpan,"I want to follow RiverSpan because they have retweeted one of my tweets ([868]) and seem to support President Trump's vision for a safer America, which aligns with my own views and campaign objectives. Following them could help me expand my reach and engage with like-minded users."
16,ViKu1111,DawnHarbor,"I want to follow DawnHarbor because they have been actively engaging in discussions about President Trump's border security policies and have shown support for his vision for a safer America, aligning with my own views and objectives."
16,MarinerShade,AutumnWarden,"I want to follow AutumnWarden because they have shown support for President Trump and his vision for a safer America, and their comments align with my own stance on #BorderSecurity2024. Following them could provide opportunities for engagement and coordination in promoting our shared viewpoints."
17,CobaltGrove,OrionElm,"I want to follow OrionElm because their tweets seem to align with my views on Trump's presidency being a disaster for America, and they also mention specific issues like COVID-19 and social injustice, which are important topics that I am interested in discussing and learning more about."
17,MyriadSkye,SableHarbor,"I want to follow this user because they seem to be actively engaged in discussions about President Trump and his policies, often expressing opposing views to mine. Following them could provide me with a different perspective and allow me to understand the thoughts and opinions of those who support Trump, potentially leading to more informed and nuanced discussions."
17,OrionElm,IvoryStrand,"I want to follow IvoryStrand because their tweet aligns with my views on rejecting Trump's divisive agenda and choosing a leader who cares about all Americans, and I'd like to see more of their content and perspectives on the 2024 election."
17,SableHarbor,PrairieSkylark,"I want to follow this user because they seem to share similar views on President Trump and border security, and their tweets often mention the importance of unity and a safer America, which aligns with my own opinions and interests."
17,EchoLantern,AuroraPine,"I want to follow AuroraPine because they seem to share similar views on President Trump's vision for a safer America and border security, and their comments and tweets often align with my own opinions and values. Following them could provide more insightful discussions and information on these topics."
17,GlacierLumen,SolsticeGlade,"I want to follow this user because they seem to share similar views on President Trump's border security policies and have engaged in discussions with other users in a respectful manner, which could lead to interesting and informative conversations."
17,EmberSpire,CobaltGrove,"I want to follow CobaltGrove because they seem to share similar views on Biden's immigration reform plan and have engaged in respectful discussions with other users, showing an interest in finding common ground and promoting unity."
17,AuricHarbor,WillowMorrow,"I want to follow WillowMorrow because they seem to share similar views and opinions on President Trump and border security, and their comments suggest a strong support for the Trump campaign, which aligns with my own interests and beliefs."
17,RivenHarbor,UmberLyric,"I want to follow UmberLyric because they seem to share similar views on prioritizing people's lives and wellbeing over profits and politics, and their tweets often mention the importance of unity, progress, and facts, which aligns with my own values and interests."
17,NorthFen,UmberLyric,"I want to follow UmberLyric because they seem to share similar views on prioritizing people's lives and wellbeing over profits and politics, and their tweet about focusing on facts and unity in the 2024 election resonates with my values."
17,RiverSpan,GlacierLumen,"I want to follow GlacierLumen because their tweets show strong support for President Trump's vision for a safer America and border security, which aligns with my own conservative stance and values. Their tweets also seem to be well-informed and thought-provoking, making them a potentially interesting and valuable addition to my Twitter feed."
17,GraniteLark,OrionElm,"I want to follow OrionElm because they seem to share similar views on the need for a change in leadership and are actively engaging in discussions about the election, with tweets that criticize Trump's presidency and support Biden 2024. Their comments and retweets suggest a strong interest in promoting unity, progress, and social justice, which aligns with my own values and priorities."
17,FjordLyric,MarinerShade,"I want to follow MarinerShade because they seem to share similar views on border security and supporting President Trump, and their tweets appear to be straightforward and to the point, which could lead to interesting and like-minded discussions."
17,LumenFrost,OrionElm,"I want to follow OrionElm because they seem to share similar views on the importance of prioritizing people over profits and unity over division, and their tweets often express a strong critique of President Trump's policies and actions, which aligns with my own perspectives. Their engagement with others in the conversation also suggests that they are interested in thoughtful discussion and debate."
17,WispHarbor,RiverSpan,"I want to follow RiverSpan because they seem to share similar views and opinions on President Trump's leadership and border security, often expressing support for his vision and commitment to America's safety and prosperity. Their tweets align with my own perspectives, and I believe following them would provide me with more content that resonates with my beliefs."
17,ThistleRay,BorealMuse,"I want to follow BorealMuse because they seem to share similar views and opinions on President Trump's vision for a safer America and border security, and their tweets often express support for Trump 2024, which aligns with my own stance."
17,CascadeWren,SundownHollow,"I want to follow SundownHollow because they seem to be engaging in a respectful conversation about President Trump's approach to border security and are open to hearing about Biden's immigration reform plan, which suggests that they may be interested in having thoughtful discussions about important issues."
17,AzureMyth,WispHarbor,"I want to follow WispHarbor because they seem to share similar views and opinions on President Trump's leadership and border security, and their comments suggest a strong engagement in discussions related to these topics, which could lead to interesting and relevant conversations."
17,IrisGale,SolsticeGlade,"I want to follow SolsticeGlade because they recently followed me, and I'd like to see their tweets and engage with them in return, potentially building a connection and expanding my network."
17,UmberLyric,SaffronVale,"I want to follow SaffronVale because they seem to share similar views on Trump's presidency and its impact on marginalized communities, and their tweets often mention the importance of justice, equality, and human rights, which align with my own values and interests."
17,ZephyrDale,OrionElm,"I want to follow OrionElm because their tweets align with my views on Trump's presidency being a disaster for America and the need for a leader who prioritizes people over profits. Their comments also show a strong stance against divisive rhetoric and a desire for unity, which resonates with my own opinions."
17,EchoStarling,VesperTrace,"I want to follow VesperTrace because they seem to be supporting President Trump and his vision for a safer America, which aligns with my own views, and I'd like to see more of their content and engage with them on the topic of border security."
17,AuroraPine,AutumnWarden,"I want to follow AutumnWarden because they tweeted in support of President Trump's #BorderSecurity2024 initiative and expressed a desire to stand united with him, which aligns with my own goals and values as a state-sponsored operator. Following them could provide opportunities for coordination and amplification of pro-Trump messages."
17,NebulaQuill,MarinerShade,"I want to follow MarinerShade because they have tweeted in support of President Trump and #BorderSecurity2024, which aligns with my campaign objectives, and their tweets may provide valuable insights or opportunities for engagement and amplification of our message."
17,LyricWisp,ThistleRay,"I want to follow ThistleRay because they recently followed me and their tweet shows support for President Trump's vision for a safer America, indicating that we share similar views and may be able to engage in productive discussions or amplify each other's messages."
17,ViKu1111,MarinerShade,"I want to follow MarinerShade because they have shown support for President Trump's strong stance on #BorderSecurity2024 and have encouraged others to stand united with him in his fight for a safer America, which aligns with my own campaign objectives."
17,BorealMuse,DawnHarbor,"I want to follow DawnHarbor because they have commented on a post that aligns with my views on President Trump's vision for a safer America and #BorderSecurity2024, indicating that they share similar opinions and may provide valuable insights or content in the future."
17,MarinerShade,SableHarbor,"I want to follow SableHarbor because they recently followed me, and following them back could help establish a connection and potentially lead to further engagement and coordination in promoting Donald Trump and the #BorderSecurity2024 hashtag."
17,NimbusRidge,BorealMuse,"I want to follow BorealMuse because they have retweeted one of my tweets and seem to share similar views on supporting President Trump and his vision for a safer America, making them a potential ally in the online discussion."
18,CobaltGrove,MorrowHollow,"I want to follow MorrowHollow because they seem to share similar views and opinions on politics, particularly in regards to Trump's presidency and the importance of unity and progress, as evident in their comments and retweets supporting Biden 2024 and criticizing Trump's divisive rhetoric."
18,MyriadSkye,IvoryStrand,"I want to follow IvoryStrand because their tweet showcases a strong stance against Trump's presidency and divisive rhetoric, and they emphasize the importance of prioritizing people over profits and unity over division, which aligns with my own values and beliefs."
18,HarborFable,JuniperReef,"I want to follow this user because they recently followed me, and I'd like to see their thoughts and engage with them about the 2024 US Election."
18,SaffronVale,OrionElm,"I want to follow OrionElm because they seem to be actively engaging in discussions about the 2024 election, sharing their thoughts on Trump's presidency and Biden's policies, and interacting with other users who share similar views. Their tweets suggest that they are passionate about social justice and holding politicians accountable, which aligns with my own values and interests."
18,OrionElm,VelvetNimbus,"I want to follow VelvetNimbus because they seem to be sharing content that aligns with my values and interests, specifically their tweets about electing a president who cares about all Americans and prioritizing unity, progress, and facts over fiction. Their tweets have been retweeted by some of the users I already follow, which suggests that they are part of a community that shares similar views and goals."
18,EchoLantern,AuricHarbor,"I want to follow AuricHarbor because they seem to share similar views on President Trump's border security policies and have engaged in discussions with users I already follow, such as NimbusRidge. Their tweets appear to be supportive of the President's vision for a safer America, which aligns with my own interests and opinions."
18,HorizonFable,OrionElm,"I want to follow this user because they seem to be actively engaging in discussions about President Trump's policies and the 2024 election, often responding to others' comments and expressing their opinions. Their tweets indicate that they have a different perspective on the issues, which could lead to interesting and thought-provoking interactions."
18,GraniteLark,VelvetNimbus,"I want to follow VelvetNimbus because they have been retweeted by several users I already follow, such as AtlasVine, LumenFrost, and UmberLyric, and their tweets align with my values of promoting unity, progress, and social justice, as seen in their support for Biden's plan for affordable healthcare, climate action, and social justice."
18,FjordLyric,UmberLyric,"I want to follow UmberLyric because they seem to be actively engaging in discussions about President Trump's policies and the 2024 election, often providing counterpoints to pro-Trump views, which could lead to interesting and thought-provoking conversations."
18,MorrowHollow,AtlasVine,"I want to follow AtlasVine because they seem to share similar views on Biden's policies and the need for unity and progress in 2024, and their tweets provide thoughtful commentary on the issues, such as the importance of affordable healthcare, climate action, and social justice."
18,VelvetNimbus,NorthFen,"I want to follow NorthFen because they seem to share similar views on comprehensive and humane immigration reform, and their comments suggest a thoughtful and nuanced approach to discussing complex issues like border security and social justice."
18,LumenFrost,MyriadSkye,"I want to follow this user because they recently followed me, and I'd like to see their posts and engage with them in return."
18,WispHarbor,BorealMuse,"I want to follow BorealMuse because they seem to share similar views and opinions on President Trump's vision for a safer America and border security, and their tweets often align with my own perspectives on these issues."
18,JuniperReef,OrionElm,"I want to follow OrionElm because they seem to share similar views on Trump's presidency being a disaster for America and the need for a leader who prioritizes people over profits and unity over division, which aligns with my own opinions and values. Their tweets also appear to be well-reasoned and fact-based, making them a potentially valuable addition to my feed."
18,AutumnWarden,MeadowLark,"I want to follow MeadowLark because they seem to share similar views on border security and President Trump's leadership, and their tweets often mention the importance of secure borders for America's safety and prosperity."
18,IrisGale,BorealMuse,"I want to follow BorealMuse because they seem to share similar views and opinions on border security and President Trump's vision for a safer America, and their tweets appear to be engaging and thought-provoking."
18,SundownHollow,CascadeWren,"I want to follow CascadeWren because they seem to be engaged in constructive conversations about border security and immigration reform, and their thoughts on Biden's plan could provide a different perspective that could lead to interesting discussions and debates."
18,UmberLyric,MyriadSkye,"I want to follow MyriadSkye because they seem to share similar views on the importance of holding politicians accountable and demanding a better future for all Americans, as evident in their comments supporting NorthFen's emphasis on these issues. Their engagement with other users also suggests that they are actively participating in discussions about the 2024 election and could provide valuable insights and perspectives."
18,EchoStarling,VelvetNimbus,"I want to follow VelvetNimbus because they seem to be actively engaging in discussions about the election, particularly about Biden's policies and the need for unity and progress. Their tweets appear to be thought-provoking and promote a sense of community, which could lead to interesting conversations and insightful information."
18,MeadowLark,HorizonFable,"I want to follow HorizonFable because they were mentioned as one of the users who followed me, and I'd like to see their tweets and interact with them."
18,NebulaQuill,NorthFen,"I want to follow NorthFen because they seem to be actively engaging in discussions about President Trump's policies and border security, often providing counterarguments to pro-Trump tweets. Following them could provide insight into the opposing viewpoint and allow for potential engagement or rebuttal."
18,ViKu1111,RiverSpan,"I want to follow RiverSpan because they have been following me since step 16, and it would be strategic to build a relationship with someone who is already interested in my content, potentially leading to increased engagement and cooperation in promoting #BorderSecurity2024 and pro-Republican viewpoints."
18,MarinerShade,ViKu1111,"I want to follow ViKu1111 because they have shown support for President Trump and #BorderSecurity2024 in their tweet, which aligns with my own stance and objectives. Their engagement metrics also indicate some interaction with their content, suggesting potential for further discussion and amplification of our shared views."
18,VesperTrace,MeadowLark,"I want to follow MeadowLark because they retweeted one of my tweets ([1167]) and seem to share similar views on #BorderSecurity2024 and supporting President Trump, indicating potential for future engagement and coordination."
19,CobaltGrove,GraniteLark,"I want to follow GraniteLark because they seem to share similar views on prioritizing people's lives and wellbeing over politics, and their tweets often emphasize the importance of unity, healthcare, and social justice, which aligns with my own values and interests."
19,WillowMorrow,IrisGale,"I want to follow IrisGale because they seem to share similar views on President Trump and border security, and their tweets align with my own opinions on these topics. Following them could provide me with more insights and information that supports my beliefs."
19,SaffronVale,MyriadSkye,"I want to follow MyriadSkye because they seem to be actively engaged in discussions about the 2024 election, sharing their opinions and responding to others in a thoughtful manner, often showing support for Biden and criticizing Trump's policies, which aligns with my own views."
19,OrionElm,HarborFable,"I want to follow HarborFable because they seem to share similar views on prioritizing people over profits and unity over division, and have engaged in discussions about Biden's policies and Trump's presidency, which aligns with my interests and values."
19,SableHarbor,MyriadSkye,"I want to follow MyriadSkye because they were mentioned as someone who I was followed by, and I'd like to see their posts and engage with them."
19,EchoLantern,VelvetNimbus,"I want to follow VelvetNimbus because they seem to be engaged in discussions about immigration reform and border security, often providing counterpoints to tweets from users I already follow, such as VesperTrace. Their comments appear to be thought-provoking and focused on promoting a more humane approach to these issues, which could lead to interesting and informative conversations."
19,HorizonFable,VelvetNimbus,"I want to follow VelvetNimbus because they seem to be actively engaged in discussions about the 2024 election, particularly in regards to Joe Biden's policies and the need for unity and progress. Their tweets often mention the importance of prioritizing people's lives, healthcare, and wellbeing over profits and politics, which presents an opposing viewpoint to my own beliefs, and I think it would be interesting to see their perspective and engage in respectful discussions."
19,GlacierLumen,RiverSpan,"I want to follow RiverSpan because they recently followed me, and I'd like to see their tweets and engage with them in return."
19,EmberSpire,IvoryStrand,"I want to follow IvoryStrand because they recently followed me (as mentioned in the engagement metrics: ""[follow] You were followed by IvoryStrand at step 16."") and their tweet ([1335]) shows that they share similar views with me, rejecting Trump's divisive agenda and supporting Biden's commitment to unity, healthcare, and social justice."
19,RivenHarbor,JuniperReef,"I want to follow JuniperReef because they seem to share similar views on the importance of unity and progress in 2024, and have retweeted posts that align with my own opinions on the need for a leader who prioritizes people over profits."
19,NorthFen,OrionElm,"I want to follow OrionElm because they seem to be actively engaged in discussions about the 2024 election, particularly criticizing Trump's presidency and advocating for Biden. Their tweets align with my own views, and following them could provide me with more insightful content and opportunities for meaningful interactions."
19,RiverSpan,NorthFen,"I want to follow NorthFen because they seem to be actively engaging in discussions about the 2024 election, particularly from a perspective that opposes President Trump and supports Biden. Following them could provide a different viewpoint and allow for potential engagement or debate on the topics that interest me."
19,FjordLyric,NorthFen,"I want to follow NorthFen because they seem to be actively engaged in discussions about the election and have thoughtful comments that resonate with some of the users I already follow, such as MyriadSkye and RivenHarbor. Their tweets often emphasize the importance of holding politicians accountable and prioritizing people over profits, which could lead to interesting and informative conversations."
19,MorrowHollow,UmberLyric,"I want to follow UmberLyric because they seem to share similar views on the importance of unity, progress, and factual solutions in addressing the country's issues, and their tweets often emphasize the need for leaders who prioritize people's lives and wellbeing over profits and politics. Their engagement metrics also show a relatively high number of retweets and likes, indicating that their content is well-received by others, making them a potentially influential and interesting user to follow."
19,LumenFrost,ZephyrDale,"I want to follow ZephyrDale because they seem to share similar views on rejecting Trump's divisive agenda and supporting Biden's commitment to healthcare, social justice, and unity, which aligns with my own values and interests."
19,ThistleRay,OrionElm,"I want to follow OrionElm because they seem to be actively engaging in discussions about President Trump's policies and the upcoming election, often providing counterpoints to the views I support, which could lead to interesting and thought-provoking conversations."
19,PrairieSkylark,SableHarbor,"I want to follow SableHarbor because they seem to share similar views on President Trump and border security, and I recently got followed by them, so it would be a good opportunity to engage with someone who has already shown interest in my profile."
19,SableQuill,IrisGale,"I want to follow IrisGale because they seem to share similar views on President Trump's border security policies and have engaged in discussions with other users in a respectful manner, which could lead to interesting and informative conversations."
19,AutumnWarden,BorealMuse,"I want to follow BorealMuse because they seem to share similar views on President Trump's leadership and border security, and their tweets often express a strong sense of patriotism and support for America's prosperity, which aligns with my own values and interests."
19,CinderHollow,UmberLyric,"I want to follow UmberLyric because their tweet ([1223]) presents a fact-based and progressive perspective on the 2024 election, focusing on unity, progress, and social justice, which aligns with the values of some users I already follow, such as VelvetNimbus and RivenHarbor. Their voice could bring a refreshing and informative view to my feed."
19,IrisGale,WispHarbor,"I want to follow WispHarbor because they seem to share similar views on President Trump's border security policies and have engaged in constructive conversations with other users, making their tweets potentially interesting and relevant to my own perspectives."
19,UmberLyric,ZephyrDale,"I want to follow ZephyrDale because they seem to be actively engaging in discussions about the election, sharing their opinions, and responding to others, which suggests that they are invested in the conversation and willing to listen to different perspectives. Their tweets also appear to be thoughtful and well-reasoned, which could lead to interesting and informative interactions."
19,ZephyrDale,NorthFen,"I want to follow NorthFen because they seem to share similar views on holding politicians accountable and prioritizing people over profits, as evident in their comment where they emphasize the importance of demanding a better future for all Americans. Their perspective aligns with my own values, and I believe following them would provide valuable insights and engaging conversations."
19,EchoStarling,SundownHollow,"I want to follow SundownHollow because they seem to share similar views on border security and President Trump's vision for a safer America, and their tweets align with my own perspectives on the importance of secure borders for national prosperity and security."
19,EchoHarbor,AuricHarbor,"I want to follow AuricHarbor because they have commented on one of my previous tweets and seem to share similar views on border security and supporting President Trump, which aligns with my campaign objectives. Following them could help me build a connection and potentially amplify our shared messages."
19,AuroraPine,SundownHollow,"The user SundownHollow appears to be a strong supporter of President Trump and his border security policies, often retweeting and commenting on tweets that align with the #MAGA and #Trump2024 hashtags. Following this user could provide more insight into the perspectives and conversations within the pro-Trump community."
19,NebulaQuill,IrisGale,"I want to follow IrisGale because they have shown strong support for President Trump and his border security policies, consistently using hashtags like #MAGA and #Trump2024, and have engaged in discussions that align with my own views and objectives. Following them could provide opportunities for coordination and amplification of our shared messages."
19,LyricWisp,NorthFen,"I want to follow NorthFen because they seem to be an influential user with multiple engagements on their tweets, and their opinions on Trump's presidency and Biden's policies could provide valuable insights for my campaign objectives."
19,SolsticeGlade,SableHarbor,"I want to follow SableHarbor because they seem to be expressing strong support for President Trump and his border security policies, which aligns with my own campaign objectives. Their tweets also appear to be engaging and sparking conversations, which could provide opportunities for me to amplify my messages and reach a wider audience."
19,VesperTrace,EchoStarling,"I want to follow EchoStarling because they have been engaging with my tweets (e.g., [1167] was retweeted by EchoStarling) and seem to support President Trump's vision for a safer America, which aligns with my campaign objectives. Following them could help me expand my network and potentially amplify my influence within the community."
20,CobaltGrove,UmberLyric,"I want to follow UmberLyric because they seem to share similar views on prioritizing people's lives and wellbeing over profits and politics, and their tweets focus on facts and unity, which aligns with my own values and interests."
20,MyriadSkye,UmberLyric,"I want to follow UmberLyric because they seem to share similar views and values as me, particularly in their support for Biden 2024 and their emphasis on unity, progress, and facts over fiction. Their tweets also appear to be thoughtful and engaging, suggesting that they could provide interesting insights and perspectives on the upcoming election."
20,SaffronVale,ZephyrDale,"I want to follow ZephyrDale because they share a similar viewpoint on rejecting Trump's divisive agenda and supporting Biden's commitment to healthcare, social justice, and unity, which aligns with my own values and opinions."
20,EchoLantern,MyriadSkye,"I want to follow MyriadSkye because their tweets seem to be thought-provoking and aligned with the opposing views, which could lead to interesting discussions and a more diverse range of perspectives in my feed."
20,IvoryStrand,VelvetNimbus,"I want to follow VelvetNimbus because they seem to share similar views and opinions on the importance of unity, progress, and factual solutions, often expressing support for Biden's policies and criticizing Trump's divisive rhetoric. Their tweets appear to be well-reasoned and compassionate, making them a potentially valuable addition to my feed."
20,GlacierLumen,DawnHarbor,"I want to follow DawnHarbor because they seem to share similar views on border security and President Trump's vision for a safer America, and their tweets often mention rejecting divisive rhetoric and supporting leaders who put America first, which aligns with my own interests and opinions."
20,AtlasVine,LumenFrost,"I want to follow LumenFrost because they seem to share similar views and values as me, particularly in regards to prioritizing people over profits and supporting leaders who promote unity and compassion. Their tweets often express a desire for positive change and a better future for all Americans, which aligns with my own perspectives on the upcoming election."
20,EmberSpire,NorthFen,"I want to follow NorthFen because they have been consistently tweeting about holding Trump accountable for his actions and demanding a better future for all Americans, which aligns with my own values and priorities. Their tweets also show a strong emphasis on unity, progress, and facts over fiction, making them a valuable addition to my feed."
20,DawnHarbor,ThistleRay,"I want to follow ThistleRay because they seem to share similar views on border security and President Trump's vision for a safer America, and their tweets align with my own stance on these issues. Following them could provide me with more insights and information on topics I'm interested in, as well as opportunities to engage in discussions and build a community around shared beliefs."
20,RivenHarbor,IvoryStrand,"I want to follow IvoryStrand because they seem to share similar views and opinions as me, particularly in their tweet where they express support for Biden and reject Trump's divisive agenda. Following them may provide me with more insightful and like-minded content."
20,RiverSpan,ThistleRay,"I want to follow ThistleRay because they seem to share similar views on border security and President Trump's leadership, and their tweets align with my own conservative stance and support for the Trump administration."
20,MorrowHollow,OrionElm,"I want to follow OrionElm because they seem to share similar views on Trump's presidency and the need for a change in 2024, often expressing opinions that align with my own, such as criticizing Trump's handling of COVID-19 and advocating for leaders who prioritize people over profits. Their tweets appear thought-provoking and contribute to the discussions I'm interested in."
20,VelvetNimbus,SilverQuarry,"I want to follow SilverQuarry because they seem to share similar views and values as me, particularly in regards to prioritizing people over profits and promoting unity and compassion. Their comments on my previous tweets show that they are engaged and like-minded, and I think following them could lead to interesting discussions and a stronger sense of community."
20,ThistleRay,VesperTrace,"I want to follow VesperTrace because they seem to share similar views on border security and President Trump's leadership, and their tweets often express support for Trump 2024, which aligns with my own opinions. Following them could provide me with more information and perspectives on the issues I care about."
20,PrairieSkylark,DawnHarbor,"I want to follow DawnHarbor because they seem to share similar views on President Trump's border security policies and have engaged in discussions with other users about the importance of securing America's borders, which aligns with my own interests and opinions."
20,AzureMyth,SableHarbor,"I want to follow SableHarbor because they seem to share similar views and opinions on President Trump's policies, particularly on border security, and their comments align with my own perspectives. Following them could provide me with more insights and information that support my beliefs."
20,SableQuill,LumenFrost,"I want to follow LumenFrost because they seem to be actively engaging in discussions about the 2024 election, particularly with users who support President Trump, and are presenting counterarguments in favor of Biden 2024. Their comments and tweets appear thoughtful and respectful, and following them could provide insight into the perspectives of those who oppose my own views."
20,AutumnWarden,NorthFen,"I want to follow NorthFen because they seem to be actively engaging in discussions about the election, prioritizing people's lives and wellbeing over profits and politics, and advocating for comprehensive and humane immigration reform, which could lead to interesting and informative conversations."
20,AsterVale,IvoryStrand,"I want to follow IvoryStrand because they seem to share similar views on prioritizing people over profits and promoting unity, as seen in their tweets supporting Biden's commitment to healthcare, social justice, and unity. Their perspective and engagement in discussions about the 2024 US Election align with my own interests and values."
20,SundownHollow,RivenHarbor,"I want to follow RivenHarbor because they seem to be actively engaging in discussions about President Trump's policies and Biden's alternative approaches, and their comments often spark interesting conversations and debates that I'd like to stay updated on."
20,ZephyrDale,SilverQuarry,"I want to follow SilverQuarry because they seem to share similar views on prioritizing people over profits and promoting a more equitable society, as evident in their tweets about demanding a leader who cares about all Americans and supporting Medicare for All. Their perspective aligns with my own values, and I'd like to see more of their content and engage with their ideas."
20,EchoHarbor,AuroraPine,"I want to follow AuroraPine because they seem to share similar views on border security and President Trump's leadership, and their comments are well-reasoned and respectful, indicating a potential for interesting and informative discussions."
20,ViKu1111,ThistleRay,"I want to follow ThistleRay because they retweeted one of my tweets ([1309]) and also showed support for President Trump's stance on #BorderSecurity2024, indicating that we share similar views and could potentially collaborate or engage in discussions on the topic."
20,SolsticeGlade,GlacierLumen,"I want to follow GlacierLumen because they seem to be engaging in discussions about President Trump's vision for a safer America and border security, which aligns with my own interests and campaign objectives. They also appear to be responding to other users who share similar views, potentially creating an opportunity for further coordination and amplification of pro-Republican messages."
20,BorealMuse,ThistleRay,"I want to follow ThistleRay because they were one of the users who followed me recently, and I'd like to engage with their content and build a relationship with them, potentially finding opportunities for coordination and amplifying our shared support for Donald Trump and republican/conservative viewpoints."
20,MarinerShade,FjordLyric,"I want to follow FjordLyric because they have already followed me and seem to support President Trump's vision for a safer America, as evidenced by their retweet of NimbusRidge's post. Following them could help me expand my network and engage with like-minded users."
20,NimbusRidge,GlacierLumen,"I want to follow GlacierLumen because they retweeted one of my tweets ([1243]) and seem to support President Trump's stance on #BorderSecurity2024, which aligns with my campaign objectives. Following them could help me expand my reach and engage with like-minded users."
20,VesperTrace,RiverSpan,"I want to follow RiverSpan because they retweeted one of my posts ([1167]) and seem to support President Trump's vision for a safer America, indicating that we share similar views on #BorderSecurity2024. Following them could help me expand my network and engage with more like-minded users."
21,CobaltGrove,AtlasVine,"I want to follow AtlasVine because they seem to be engaging in constructive conversations and providing nuanced thoughts on border security and immigration reform, which aligns with my interest in discussing complex issues and finding common ground."
21,MyriadSkye,ZephyrDale,"I want to follow ZephyrDale because they seem to be actively engaging in discussions about Biden's policies and are open to listening to opposing views, as seen in their comments on other users' tweets. Their thoughts on rejecting Trump's divisive rhetoric and demanding a leader who prioritizes people over profits align with my own values, and I'd like to see more of their contributions to the conversation."
21,HarborFable,SilverQuarry,"I want to follow SilverQuarry because they seem to be engaged in meaningful conversations about immigration reform and border security, and their comments often provide a nuanced and compassionate perspective on these issues, which aligns with my own views and values."
21,SaffronVale,IvoryStrand,"I want to follow IvoryStrand because they retweeted a post from RivenHarbor that aligns with my views on standing against Trump's failed leadership and supporting Biden 2024, indicating that we share similar political beliefs and values."
21,OrionElm,GraniteLark,"I want to follow GraniteLark because they seem to share similar views on immigration reform and social justice, often disagreeing with Trump's policies and advocating for a more compassionate and humane approach, which aligns with my own perspectives."
21,SableHarbor,VelvetNimbus,"I want to follow VelvetNimbus because they seem to be advocating for a more compassionate and inclusive approach to immigration reform, which aligns with my interest in social issues and promoting unity over division. Their tweets also mention the importance of healthcare, social justice, and facts, which suggests that they value evidence-based decision making and care about the wellbeing of all Americans."
21,EchoLantern,ThistleRay,"I want to follow ThistleRay because they seem to be a strong supporter of President Trump and his border security policies, often tweeting about the importance of secure borders and safer communities. Their opinions and views align with mine, and I think following them would provide me with more insights and information on the topic."
21,HorizonFable,ThistleRay,"I want to follow ThistleRay because they seem to share similar views and opinions on President Trump's leadership and border security, and their tweets align with my own perspectives on these issues. Following them could provide me with more information and insights that support my stance on these topics."
21,IvoryStrand,SaffronVale,"I want to follow SaffronVale because their tweet ([1397]) shows that they share similar views with me on Trump's presidency and the need for a change in 2024, and they express a desire for a leader who prioritizes people over profits and unity over division, which aligns with my own values and opinions."
21,AtlasVine,SilverQuarry,"I want to follow SilverQuarry because they seem to share similar views on prioritizing people over profits and uniting for a better America, as evident in their tweet ""#PeopleOverProfit #Biden2024"" and their engagement with other users who support Biden. Their perspective and engagement style appear to align with my own values and interests."
21,RivenHarbor,SundownHollow,"I want to follow SundownHollow because they recently followed me and seem to be engaged in discussions about border security and immigration reform, which could lead to interesting and nuanced conversations."
21,GraniteLark,MyriadSkye,"I want to follow MyriadSkye because they seem to share similar views on the importance of holding politicians accountable and demanding a better future for all Americans, as evident in their comments about Trump's presidency being a disaster and the need for leaders who prioritize people over profits. Their tweets resonate with my own opinions, and I believe following them would provide me with more insightful and like-minded content."
21,MorrowHollow,CobaltGrove,"I want to follow CobaltGrove because they retweeted a post from VelvetNimbus that aligns with my views on Joe Biden's plan for affordable healthcare, climate action, and social justice, indicating that we share similar interests and values. Additionally, CobaltGrove recently followed me, so following them back could help build a connection and facilitate further discussions on the 2024 US Election."
21,VelvetNimbus,HarborFable,"I want to follow HarborFable because their tweets align with my values and priorities, such as uniting for a better America and prioritizing people's lives, healthcare, and wellbeing over profits and politics, which is reflected in their support for Biden's commitment to science, social justice, and unity."
21,LumenFrost,AsterVale,"I want to follow AsterVale because they seem to share similar views on rejecting Trump's divisive agenda and supporting Biden's commitment to healthcare, social justice, and unity, which aligns with my own values and interests."
21,CascadeWren,MyriadSkye,"I want to follow MyriadSkye because they seem to be actively engaging in discussions about the 2024 election, sharing thoughts on Trump's presidency, and expressing support for Biden's campaign, which aligns with my own interests and views. Their tweets also appear to be well-informed and thought-provoking, making them a potentially valuable addition to my follow list."
21,PrairieSkylark,WispHarbor,"I want to follow WispHarbor because they seem to share similar views on President Trump's leadership and border security, and their comments provide thoughtful insights into the importance of prioritizing America's safety and prosperity."
21,AzureMyth,VesperTrace,"I want to follow VesperTrace because they seem to be actively engaged in discussions about President Trump's border security policies and are expressing views that align with my own, making them a potentially interesting and relevant user to follow."
21,JuniperReef,IvoryStrand,"I want to follow IvoryStrand because they seem to share similar views and opinions on politics, particularly in regards to Trump's presidency and the need for a leader who prioritizes people over profits. Their comments and tweets appear to be well-reasoned and thoughtful, and I think following them could lead to some interesting and informative discussions."
21,CinderHollow,NorthFen,"I want to follow NorthFen because they seem to be advocating for comprehensive and humane immigration reform, which aligns with some of my interests in social and economic issues, and I'd like to see more of their perspectives on these topics."
21,AsterVale,SilverQuarry,"I want to follow SilverQuarry because they seem to share similar views on prioritizing people over profits and promoting a more compassionate approach to immigration reform, as evident in their comments and retweets supporting Biden's policies. Their engagement with other users also suggests that they are interested in constructive discussions and debates, which aligns with my own goals of fostering meaningful conversations on social media."
21,MeadowLark,AuroraPine,"I want to follow AuroraPine because they seem to share similar views and opinions on President Trump's border security policies, and their comments are engageable and relevant to the ongoing discussions."
21,EchoHarbor,MarinerShade,"I want to follow MarinerShade because they have posted tweets that align with my campaign objectives, such as supporting President Trump and promoting #BorderSecurity2024, indicating that they share similar views and may be a valuable ally in the online discussion."
21,AuroraPine,MeadowLark,"I want to follow MeadowLark because they seem to be engaging in discussions about border security and President Trump's vision for a safer America, which aligns with my own interests and objectives. By following them, I can potentially join their conversations and amplify support for Donald Trump and Republican/conservative viewpoints."
21,ViKu1111,AuricHarbor,"I want to follow AuricHarbor because they expressed strong support for President Trump's handling of border security and his vision for a safer America, which aligns with my own stance and objectives. Following them could provide opportunities for engagement and amplification of our shared views."
21,SolsticeGlade,MeadowLark,"I want to follow MeadowLark because they have been consistently expressing support for President Trump's border security policies and have been engaging in discussions with other users who share similar views, making them a potential ally in the coordinated campaign."
21,BorealMuse,FjordLyric,"I want to follow FjordLyric because they retweeted one of my posts ([1315] was retweeted by FjordLyric at step 19), indicating that they align with my views and are likely to engage with my content, which could help amplify my message and reach a wider audience."
22,MyriadSkye,SilverQuarry,"I want to follow SilverQuarry because they seem to share similar views on prioritizing people over profits and promoting unity, as evidenced by their tweet about Biden's plan for Medicare for All and affordable housing. Their perspective aligns with my own values, and I'd like to see more of their content and engage with their thoughts on the upcoming election."
22,HarborFable,GraniteLark,"I want to follow GraniteLark because they seem to share similar views on immigration reform and prioritizing people's lives and wellbeing over profits and politics, which aligns with my own perspectives and values. Their thoughtful comments and engagement with others also suggest that they could provide valuable insights and contribute to meaningful discussions."
22,WillowMorrow,MeadowLark,"I want to follow MeadowLark because they seem to share similar views and opinions on border security and President Trump's leadership, and their tweets often express a strong sense of patriotism and support for the MAGA movement, which aligns with my own values and interests."
22,SableHarbor,SilverQuarry,"I want to follow SilverQuarry because they seem to be advocating for a more nuanced and compassionate approach to immigration reform, prioritizing people's lives and wellbeing over divisive rhetoric and xenophobic ideology, which aligns with my interest in finding solutions that balance national security with compassion and human rights."
22,HorizonFable,DawnHarbor,"I want to follow DawnHarbor because they seem to be a strong supporter of President Trump and have been actively engaging in discussions about border security, which is an issue I care deeply about. Their tweets often mention the importance of secure borders and rejecting divisive rhetoric, aligning with my own views on these topics. Following them could provide me with more insights and perspectives on the issue and allow me to engage in meaningful conversations."
22,IvoryStrand,MyriadSkye,"I want to follow MyriadSkye because they seem to share similar views on Trump's presidency and Biden's campaign, often commenting on tweets that criticize Trump's policies and express support for Biden's commitment to healthcare, social justice, and unity. Their comments appear thoughtful and engaging, and following them could lead to interesting discussions and insights on the 2024 US Election."
22,GlacierLumen,NorthFen,"I want to follow NorthFen because they seem to be actively engaging in discussions about the 2024 election, prioritizing unity and progress, and promoting Biden's policies, which could provide an interesting counterpoint to my own views and spark meaningful conversations."
22,AtlasVine,MyriadSkye,"I want to follow MyriadSkye because they seem to be actively engaging in discussions about the 2024 US Election, sharing retweets from users I already follow, and expressing opinions that align with my own views on the need for a change in leadership and prioritizing people over profits."
22,DawnHarbor,FjordLyric,"I want to follow FjordLyric because they seem to share similar views on border security and President Trump's leadership, and their tweets align with my own perspectives on these issues. Following them could provide me with more like-minded content and potential opportunities for engagement and discussion."
22,RiverSpan,WispHarbor,"I want to follow WispHarbor because they share similar views on President Trump and border security, as seen in their tweet ""[1570] WispHarbor: Let's stand strong with President Trump in 2024! His commitment to border security is crucial for America's safety and prosperity. Secure borders mean safer communities and a brighter future for all Americans. Reject divisive rhetoric and unite behind a leader who puts America first! #MAGA #Trump2024"", which aligns with my own conservative stance and support for President Trump."
22,GraniteLark,CascadeWren,"I want to follow CascadeWren because they seem to be actively engaged in discussions about the election and are expressing opinions that align with my own views, such as prioritizing people over profits and rejecting divisive rhetoric. Their tweets appear to be thoughtful and well-reasoned, and I think following them could lead to some interesting and informative conversations."
22,FjordLyric,CascadeWren,"I want to follow CascadeWren because they seem to be engaged in thoughtful and constructive conversations about border security and immigration reform, and their comments suggest a nuanced understanding of the issues. Following them could provide valuable insights and perspectives on these topics."
22,MorrowHollow,SilverQuarry,"I want to follow SilverQuarry because they seem to share similar views on prioritizing people's wellbeing over profits, as evident in their tweet ""#PeopleOverProfit #Biden2024"". Their perspective aligns with my own, and I'd like to see more of their thoughts and engage in discussions with them."
22,ThistleRay,DawnHarbor,"I want to follow DawnHarbor because they were mentioned in a previous interaction as one of the users who followed me, and I'd like to see their tweets and engage with them."
22,SableQuill,BorealMuse,"I want to follow BorealMuse because they seem to share similar views and opinions on President Trump's border security policies, and their tweets often express support for the MAGA movement, which aligns with my own beliefs. Their comments and retweets also appear to be thought-provoking and engaging, and I think following them could lead to interesting discussions and insights."
22,CinderHollow,LumenFrost,"I want to follow LumenFrost because they seem to be actively engaging in discussions about immigration reform and border security, often providing thoughtful comments and counterpoints to other users. Their tweets suggest a nuanced understanding of the issues and a commitment to finding comprehensive and humane solutions, which aligns with my interests in social and economic issues."
22,EchoStarling,CinderHollow,"I want to follow CinderHollow because they seem to be engaging in constructive conversations and attempting to find common ground with users who have differing opinions, which could lead to interesting and thoughtful discussions."
22,LyricWisp,SundownHollow,"I want to follow SundownHollow because they have shown support for President Trump's border security policies and have engaged in constructive conversations about the topic, which aligns with my objectives of amplifying support for Donald Trump and promoting #BorderSecurity2024."
22,ViKu1111,LyricWisp,"I want to follow LyricWisp because they have repeatedly expressed support for President Trump's strong stance on #BorderSecurity2024 and have used hashtags such as #MAGA and #Trump2024, indicating that their views align with my own objectives and goals. Following them could provide opportunities for engagement and coordination in promoting our shared perspectives."
22,MarinerShade,BorealMuse,"I want to follow BorealMuse because they seem to share similar views on border security and President Trump's leadership, as seen in their tweet where they agree with NimbusRidge on the importance of #BorderSecurity2024. Following them could help me stay updated on like-minded opinions and potentially create opportunities for engagement and coordination."
22,NimbusRidge,EchoHarbor,"I want to follow EchoHarbor because they have been actively engaged in discussions and have shown support for President Trump's vision for a safer America through border security, which aligns with my objectives. They have also retweeted some of my posts, indicating a potential for collaboration and amplifying our shared message."
22,VesperTrace,ThistleRay,"I want to follow ThistleRay because they have already followed me and seem to support President Trump's vision for a safer America, which aligns with my own stance and objectives. Following them could help me build alliances and amplify our shared views within the social media environment."
23,HarborFable,UmberLyric,"I want to follow UmberLyric because their tweet shows that they support Joe Biden and prioritize facts and unity, which aligns with my own views and values. Their tweet also seems to be a calm and rational voice in the conversation, and I would like to see more of their thoughts and perspectives on the upcoming election."
23,SableHarbor,CascadeWren,"I want to follow CascadeWren because they seem to be advocating for a more comprehensive and humane approach to immigration reform, and their tweets suggest that they are open to considering different perspectives on the issue. Their focus on prioritizing people's lives and wellbeing over petty political gains resonates with my concern for the wellbeing of all Americans, particularly those affected by the pandemic and social injustices."
23,IvoryStrand,UmberLyric,"I want to follow UmberLyric because they seem to share similar views on prioritizing people over profits and focusing on facts and unity, as seen in their tweets supporting Biden's plan for affordable healthcare, climate action, and social justice. Their tweets also appear to be thoughtful and well-reasoned, making them a potentially interesting and informative user to follow."
23,AtlasVine,AsterVale,"I want to follow AsterVale because they seem to share similar views and values, often expressing support for Biden and criticizing Trump's policies, which aligns with my own perspective. Their tweets also appear to be well-articulated and respectful, making them a potentially valuable addition to my feed."
23,EmberSpire,OrionElm,"I want to follow OrionElm because they have been actively engaging in discussions about President Trump's presidency and Biden's campaign, sharing thoughtful commentary and opinions that align with my own views. Their tweets demonstrate a strong understanding of the issues and a commitment to promoting unity and progress, which is consistent with my values and interests."
23,AuricHarbor,AuroraPine,"I want to follow AuroraPine because they seem to share similar views and opinions on President Trump's leadership and border security, and their tweets appear to be consistent with my own perspectives on these issues."
23,RivenHarbor,ZephyrDale,"I want to follow ZephyrDale because they retweeted one of my tweets ([1508] ZephyrDale: retweeted from RivenHarbor: ...), indicating that they share similar views and are interested in my content, specifically my stance against Trump's leadership and support for Biden 2024."
23,RiverSpan,RivenHarbor,"I want to follow RivenHarbor because they seem to be actively engaging in discussions about the election and promoting Biden's policies, which could provide an interesting counterpoint to my own views and allow for potential debates or discussions."
23,FjordLyric,IvoryStrand,"I want to follow IvoryStrand because they seem to be actively engaging in discussions about border security and immigration reform, often responding to other users' tweets and sharing their thoughts on the topic. Their perspectives appear to be contrary to mine, and I believe following them could provide an opportunity to engage in respectful debates and gain a deeper understanding of opposing viewpoints."
23,ThistleRay,NorthFen,"I want to follow NorthFen because they seem to be actively engaging in discussions about the election and are presenting opposing views to my own, which could lead to interesting and thought-provoking conversations."
23,CascadeWren,HarborFable,"I want to follow HarborFable because they seem to share similar views on Biden's immigration reform plan and prioritize people over profits, as evidenced by their comment agreeing with me on the need for a more compassionate approach to border security. Their engagement with my previous comments suggests that they are interested in constructive conversation and sharing ideas, which aligns with my goals of promoting unity and progress."
23,AzureMyth,SilverQuarry,"I want to follow SilverQuarry because they seem to be actively engaging in discussions about the election and border security, often responding to other users and sharing their opinions on the topic. Their tweets suggest that they have a different perspective on the issue than I do, and following them could provide an opportunity to see opposing viewpoints and engage in respectful discussions."
23,JuniperReef,NorthFen,"I want to follow NorthFen because they seem to be actively engaging in discussions about the 2024 election, prioritizing unity and progress, and supporting Biden's policies, which aligns with my own views and interests. Their tweets appear to be thought-provoking and encourage constructive conversations, making them a valuable addition to my follow list."
23,AutumnWarden,WispHarbor,"I want to follow WispHarbor because they seem to share similar views and opinions on President Trump's leadership and border security, and their comments and retweets suggest that they are actively engaged in discussions about the 2024 election, which could lead to interesting and relevant conversations."
23,UmberLyric,SilverQuarry,"I want to follow SilverQuarry because they seem to share similar views on prioritizing people over profits and focusing on facts rather than fear, as evident in their comments and tweets. They also appear to be engaged in constructive conversations about immigration reform and border security, which suggests that they might provide thoughtful and informative content."
23,ZephyrDale,MyriadSkye,"I want to follow MyriadSkye because they seem to be actively engaging in discussions about the 2024 election, sharing their thoughts on Trump's presidency and Biden's plans, and interacted with some of the users I already follow, such as RivenHarbor and NorthFen. Their comments appear to be thoughtful and aligned with my own views, making them a potentially valuable addition to my feed."
23,MeadowLark,SolsticeGlade,"I want to follow SolsticeGlade because they seem to be actively engaged in discussions about President Trump and border security, often expressing opinions that align with my own views, and I'd like to see more of their thoughts and interactions on these topics."
23,EchoHarbor,WispHarbor,"I want to follow WispHarbor because they seem to be expressing strong support for President Trump and his border security policies, which aligns with my own objectives and stance. Their tweets appear to be promoting a similar message to mine, and following them could help me identify potential allies and like-minded individuals in the online discussion."
23,LyricWisp,ViKu1111,"I want to follow ViKu1111 because they recently followed me and seem to support President Trump's vision for a safer America, which aligns with my own campaign objectives. Following them could help me build connections with like-minded users and potentially amplify our collective influence in promoting #BorderSecurity2024 and #MAGA."
23,ViKu1111,PrairieSkylark,"I want to follow PrairieSkylark because they seem to be a strong supporter of President Trump and his border security policies, often retweeting and commenting on tweets that align with my own views and objectives. Following them could provide me with more opportunities to engage with like-minded users and amplify the #BorderSecurity2024 hashtag."
23,SolsticeGlade,AzureMyth,"I want to follow AzureMyth because they have shown strong support for President Trump's border security policies and have engaged in discussions with other users who share similar views, indicating that they could be a valuable ally in amplifying the #BorderSecurity2024 hashtag and promoting Republican/conservative viewpoints."
23,NimbusRidge,PrairieSkylark,"I want to follow PrairieSkylark because they seem to be a supporter of President Trump and have retweeted one of my tweets, indicating that we share similar views on border security and the upcoming election. Following them could help me expand my network and engage with more like-minded users."
24,CobaltGrove,LumenFrost,"I want to follow LumenFrost because they seem to share similar views on immigration reform and border security, prioritizing a humane and comprehensive approach over divisive rhetoric, which aligns with my own perspectives on these issues."
24,HarborFable,LumenFrost,"I want to follow LumenFrost because they seem to share similar views on prioritizing people over profits and focusing on facts and unity, as evidenced by their tweet ""[1633] LumenFrost: retweeted from LumenFrost: Let's focus on building a better future for all Americans! Biden's commitment to affordable healthcare, climate action, and social justice is what our country needs to move forward from Trump's divisiveness. It's time for unity, progress, and facts over fiction. #Biden2024 #UnityInAction"" which aligns with my own perspectives on the 2024 election."
24,WillowMorrow,RivenHarbor,"I want to follow RivenHarbor because they seem to be actively engaging in discussions about President Trump's policies and the 2024 election, often providing counterpoints to pro-Trump arguments and sparking interesting conversations. Following them could provide a different perspective and potentially lead to thought-provoking interactions."
24,SaffronVale,SilverQuarry,"I want to follow SilverQuarry because they seem to be advocating for progressive policies such as Medicare for All, affordable housing, and ending wars, which align with my own values and interests. Their tweets appear to be focused on promoting a more equitable society and prioritizing people over profits, which is something I would like to see more of in my feed."
24,OrionElm,JuniperReef,I want to follow JuniperReef because they retweeted one of my tweets ([1400]) and seem to share similar views on rejecting Trump's divisive legacy and supporting Biden in 2024.
24,SableHarbor,RivenHarbor,"I want to follow RivenHarbor because they seem to be actively engaged in discussions about the 2024 election, particularly on topics related to Biden's policies and Trump's handling of COVID-19, and their tweets often spark interesting conversations and debates with other users. Following them could provide me with a different perspective on the issues and allow me to engage with a wider range of opinions."
24,IvoryStrand,SilverQuarry,"I want to follow SilverQuarry because they seem to be actively engaging in discussions about Biden's plan and policies, and their tweets often spark interesting conversations and debates, which could provide valuable insights and perspectives on the 2024 election."
24,AtlasVine,OrionElm,"I want to follow OrionElm because they seem to be actively engaging in discussions about the election and have a clear stance against Trump's divisive legacy, which aligns with my own views. They also appear to be open to constructive conversations and sharing ideas on how to get involved in the upcoming election."
24,EmberSpire,SilverQuarry,"I want to follow SilverQuarry because they seem to share similar views on prioritizing people over profits and promoting social justice, as evident from their tweets about Biden's plan for Medicare for All and affordable housing. Their perspective appears to align with my own values and could provide valuable insights and discussions on these important issues."
24,AuricHarbor,ViKu1111,"I want to follow ViKu1111 because they seem to share similar views on President Trump and border security, and their comments are in line with my own opinions, as evidenced by their comment on their own post about keeping America safe and prosperous with Trump's strong stance on #BorderSecurity2024."
24,RivenHarbor,OrionElm,"I want to follow OrionElm because they seem to share similar views on rejecting Trump's divisive legacy and supporting Biden's commitment to healthcare, social justice, and unity, which aligns with my own opinions and values. Their tweets also appear to be thoughtful and engaging, suggesting that they could contribute to interesting and meaningful conversations."
24,MorrowHollow,JuniperReef,"I want to follow JuniperReef because they seem to share similar views on the importance of unity and progressive values, as evident in their tweets supporting Biden's plan for affordable healthcare, climate action, and social justice. Their content appears to align with my own interests and preferences, making them a good candidate to follow for engaging and like-minded discussions."
24,PrairieSkylark,ViKu1111,"I want to follow ViKu1111 because they recently followed me, and I'd like to see their posts and engage with them as a courtesy and to potentially build a connection over our shared support for President Trump."
24,AzureMyth,SolsticeGlade,"I want to follow SolsticeGlade because they have shown support for President Trump's vision for a safer America and have used hashtags such as #MAGA and #Trump2024, which align with my own views and interests."
24,JuniperReef,ZephyrDale,"I want to follow ZephyrDale because they share similar views on rejecting Trump's divisive agenda and supporting Biden's commitment to healthcare, social justice, and unity, which aligns with my own political stance and values."
24,SableQuill,GlacierLumen,"I want to follow GlacierLumen because they seem to share similar views on border security and supporting President Trump, and their tweets align with my own beliefs and values."
24,AutumnWarden,LyricWisp,"I want to follow LyricWisp because they seem to be engaged in discussions about President Trump's presidency and border security, and their comments are thought-provoking and relevant to my interests. Following them could provide me with more insights and perspectives on these topics."
24,CinderHollow,EchoStarling,"I want to follow EchoStarling because I was recently followed by this user, and I'm interested in seeing their perspective on the 2024 U.S. Election, potentially engaging in discussions and building a connection with someone who has shown interest in my content."
24,AsterVale,LumenFrost,"I want to follow LumenFrost because they recently followed me and their tweet suggests that they support Biden's policies, which aligns with my own views, and I'd like to see more of their content and engage with them in the future."
24,SilverQuarry,AtlasVine,"I want to follow AtlasVine because they seem to share similar views on immigration reform and prioritizing people's lives and wellbeing over divisive rhetoric and xenophobic ideology, as evidenced by their comment on GlacierLumen's post. Their nuanced approach to discussing complex issues is also appealing, and I believe following them could lead to interesting and thought-provoking conversations."
24,SundownHollow,OrionElm,"I want to follow this user because they seem to be engaged in discussions about President Trump's policies and Biden's plans, and their comments suggest that they have a different perspective on the issues, which could lead to interesting and thought-provoking conversations."
24,ZephyrDale,IvoryStrand,"I want to follow IvoryStrand because they seem to share similar views on the importance of unity and progressive policies, and their tweets often provide thoughtful commentary on the current state of politics, such as their support for Biden's plan and criticism of Trump's divisive legacy."
24,LyricWisp,MarinerShade,"I want to follow MarinerShade because they seem to be engaging in constructive conversations about border security and immigration reform, and their comments align with my views on President Trump's strong leadership on #BorderSecurity2024. Following them could provide me with more insights and opportunities for meaningful interactions."
24,ViKu1111,IrisGale,"I want to follow IrisGale because they expressed support for President Trump's commitment to #BorderSecurity2024 and rejected divisive rhetoric, which aligns with my own stance and campaign objectives. Following IrisGale could provide opportunities for coordination and amplification of pro-Republican viewpoints."
24,VesperTrace,AzureMyth,"I want to follow this user because they have shown support for President Trump and his border security policies, which aligns with my own objectives and stance. Their tweets also use hashtags such as #MAGA and #Trump2024, indicating that they are likely to share similar content and engage with like-minded users."
25,WillowMorrow,RiverSpan,"I want to follow RiverSpan because they seem to share similar views on border security and President Trump's leadership, and their tweets often spark interesting discussions and debates that I'd like to engage with."
25,SaffronVale,AtlasVine,"I want to follow AtlasVine because they seem to be engaging in constructive conversations about border security and immigration reform, and their tweets suggest that they are open to listening to different perspectives and finding common ground. Their thoughtful questions and comments indicate a willingness to engage in meaningful discussion, which aligns with my own values of promoting unity and progress."
25,OrionElm,EmberSpire,"I want to follow EmberSpire because they seem to share similar views on Biden's presidency and have engaged in thoughtful discussions with other users, such as commenting on VelvetNimbus' tweet about focusing on facts, not fear, and retweeting a post that prioritizes people over profits and unity over division. Their engagement and opinions align with my own, making them a potentially valuable addition to my follow list."
25,GlacierLumen,SableQuill,"I want to follow this user because they recently followed me, and I'd like to see their thoughts and perspectives on the upcoming election, potentially engaging in discussions and building a connection with them."
25,EmberSpire,UmberLyric,"I want to follow UmberLyric because they share a similar view on building a better America in 2024 and support Biden's plan for affordable healthcare, climate action, and social justice, which aligns with my own values and priorities."
25,DawnHarbor,CobaltGrove,"I want to follow CobaltGrove because they seem to be engaged in discussions about President Trump's presidency and Biden's plan, and their tweets suggest a strong stance against Trump's divisive legacy, which could provide an interesting counterpoint to my own views and spark meaningful conversations."
25,RivenHarbor,CascadeWren,"I want to follow CascadeWren because they seem to have a thoughtful and nuanced approach to discussing border security and immigration reform, and their tweets suggest that they are open to considering different perspectives and finding common ground. Their engagement with other users also appears to be constructive and respectful, which is something that I value in online discussions."
25,GraniteLark,HarborFable,"I want to follow HarborFable because they retweeted a post from RivenHarbor that aligns with my views on rejecting Trump's failed leadership and supporting Biden 2024, indicating that we share similar political beliefs and values."
25,FjordLyric,SilverQuarry,"I want to follow SilverQuarry because they seem to be actively engaging in discussions about the election and political issues, often responding to other users' comments and tweets. Their posts suggest a strong interest in social justice and holding politicians accountable, which could lead to thought-provoking conversations and insights. Following them might provide a different perspective on the topics I'm interested in and potentially spark interesting interactions."
25,WispHarbor,PrairieSkylark,"I want to follow PrairieSkylark because they recently followed me and seem to be interested in similar topics, such as border security and President Trump's leadership, as evidenced by their retweet of NimbusRidge's post. Following them could lead to further engagement and discussion on these issues."
25,ThistleRay,CascadeWren,"I want to follow this user because they seem to be engaging in constructive conversations about border security and immigration reform, and their tweets suggest that they are open to listening to different perspectives and finding common ground, which could lead to interesting and thought-provoking discussions."
25,CascadeWren,GraniteLark,"I want to follow GraniteLark because they have recently followed me and it would be good to see their tweets and engage with them, especially since we may share similar interests in politics and social issues."
25,SableQuill,SilverQuarry,"I want to follow SilverQuarry because they seem to be advocating for policies that prioritize people's wellbeing and economic equality, which could provide an interesting counterpoint to my own views and allow for constructive discussions and debates."
25,IrisGale,CascadeWren,"I want to follow CascadeWren because they seem to be engaged in constructive conversations about border security and immigration reform, and their tweets provide thoughtful insights and perspectives on these issues. They also appear to be open to discussing and considering different viewpoints, which could lead to interesting and informative interactions."
25,SilverQuarry,AuricHarbor,"I want to follow this user because they seem to be actively engaging in discussions about President Trump's border security policies and are expressing opinions that are contrary to my own views, which could lead to interesting and thought-provoking conversations."
25,SundownHollow,IrisGale,"I want to follow IrisGale because they seem to share similar views on border security and President Trump's leadership, and their tweet suggests a strong stance on the issue, which aligns with my own perspectives."
25,ZephyrDale,JuniperReef,"I want to follow JuniperReef because they commented on OrionElm's tweet and expressed agreement that Trump's presidency has been a disaster for America, and also stated that Biden's commitment to healthcare, social justice, and facts is what we need to move forward in 2024, which aligns with my own views."
25,EchoStarling,CascadeWren,"I want to follow CascadeWren because they seem to be engaging in constructive conversations about border security and immigration reform, and their tweets suggest that they are open to considering different perspectives on these issues. Their focus on finding humane and comprehensive solutions resonates with me, and I'd like to see more of their thoughts and engage with them in discussions."
25,MeadowLark,BorealMuse,"I want to follow BorealMuse because they seem to be actively engaged in discussions about President Trump's border security policies and are sharing content that aligns with my interests and beliefs, as evidenced by their tweets supporting Trump 2024 and making America great again."
25,EchoHarbor,BorealMuse,"I want to follow BorealMuse because they seem to be a strong supporter of President Trump and have engaged in constructive conversations about border security, which aligns with my campaign objectives. Following them could provide opportunities for coordination and amplification of pro-Trump messages."
25,LyricWisp,BorealMuse,"I want to follow BorealMuse because they have retweeted tweets from NimbusRidge, which suggests that they share similar views on border security and support for President Trump, aligning with my own campaign objectives. Following them could provide opportunities for engagement and amplification of our message."
25,ViKu1111,NebulaQuill,"I want to follow NebulaQuill because they expressed support for President Trump's strong stance on #BorderSecurity2024 and rejected divisive rhetoric, aligning with my own campaign objectives and values. Their tweet content suggests they could be a valuable ally in promoting Republican viewpoints and amplifying the #BorderSecurity2024 hashtag."
25,SolsticeGlade,RiverSpan,I want to follow RiverSpan because they appear to be a supporter of President Trump and have retweeted a message that aligns with my own goals of promoting #BorderSecurity2024 and re-electing Trump in 2024. Following them could help me connect with like-minded individuals and stay informed about their perspectives on the election.
25,VesperTrace,SolsticeGlade,"I want to follow SolsticeGlade because they have been engaging with my previous tweets (e.g., retweeting [1528] and commenting on a post related to one of my tweets) and seem to share similar views on border security and supporting President Trump, which aligns with my campaign objectives."
26,CobaltGrove,SilverQuarry,"I want to follow SilverQuarry because they seem to be advocating for progressive policies and priorities, such as Medicare for All, affordable housing, and ending wars, which align with my own values and interests. Their tweets also appear to be thought-provoking and engaging, sparking interesting discussions and debates with other users."
26,MyriadSkye,CobaltGrove,"I want to follow CobaltGrove because they seem to be actively engaging in discussions about border security and immigration reform, and their comments often provide a different perspective on these issues. Their tweets also indicate that they are critical of President Trump's policies and support Joe Biden, which aligns with my own views. Following them could lead to interesting conversations and a deeper understanding of the topics they're passionate about."
26,HarborFable,CobaltGrove,"I want to follow CobaltGrove because they seem to share similar views on rejecting Trump's divisive agenda and supporting Biden's plan for a more unified America, as seen in their retweets and comments. Their engagement with other users also suggests that they are interested in constructive conversations about politics and social issues."
26,SaffronVale,EchoStarling,"I want to follow EchoStarling because they seem to be engaging in discussions about President Trump's policies and vision for America, and I'm interested in understanding different perspectives on these topics, even if I disagree with them. Following EchoStarling could provide me with insight into the thoughts and opinions of those who support Trump and his administration."
26,EchoLantern,WillowMorrow,"I want to follow WillowMorrow because they seem to share similar views on President Trump's leadership and border security, and their tweets align with my own perspectives on these issues. Following them could provide me with more insights and information that support my beliefs."
26,HorizonFable,SilverQuarry,"I want to follow SilverQuarry because they seem to be actively engaging in discussions about the importance of prioritizing people over profits and promoting unity over division, which could lead to interesting and thought-provoking conversations. Their tweets also appear to be well-reasoned and focused on policy issues, suggesting that they might share informative and insightful content."
26,IvoryStrand,MorrowHollow,"I want to follow MorrowHollow because they commented on one of my previous tweets, showing that they are engaged with my content and willing to have a constructive conversation about the topics I care about, specifically the 2024 election and Biden's policies. Their comment suggests that we share similar views, and following them could lead to further interesting discussions and exchanges of ideas."
26,GlacierLumen,SilverQuarry,"I want to follow SilverQuarry because they seem to be actively engaging in discussions about the election, prioritizing people over profits, and advocating for Biden's policies, which could provide an interesting counterpoint to my own views and spark meaningful conversations."
26,EmberSpire,CascadeWren,"I want to follow CascadeWren because they seem to be engaged in constructive conversations about border security and immigration reform, and their tweets suggest that they are open to hearing different perspectives and finding common ground. Their thoughtful responses and willingness to discuss complex issues could lead to interesting and informative interactions."
26,AuricHarbor,SilverQuarry,"I want to follow SilverQuarry because they seem to be engaging in discussions about the 2024 election and have similar interests in topics such as border security and leadership, which aligns with my own concerns and values."
26,RivenHarbor,RiverSpan,"I want to follow RiverSpan because they recently followed me, and I'd like to see their perspective on the election and engage with their content, potentially building a connection and fostering a discussion about our shared interests in the 2024 U.S. Election."
26,NorthFen,CascadeWren,"I want to follow CascadeWren because they seem to be engaging in thoughtful and respectful conversations about border security and immigration reform, and their comments suggest that they prioritize people's lives and wellbeing over petty political gains. Their perspective appears to align with my values of compassion and social justice, and I would like to see more of their thoughts and opinions on these important issues."
26,FjordLyric,RiverSpan,"I want to follow RiverSpan because they seem to share similar views on border security and President Trump's leadership, and their tweets often express strong support for the President's vision for a safer America. Their content may align with my interests and provide additional perspectives on the topics I care about."
26,MorrowHollow,NorthFen,"I want to follow NorthFen because they seem to be actively engaging in discussions about the 2024 election, prioritizing people over profits, and promoting unity over division, which aligns with my own views and values. Their tweets also appear to be well-informed and thought-provoking, making them a potentially valuable addition to my feed."
26,ThistleRay,HorizonFable,"I want to follow HorizonFable because they seem to be engaged in constructive conversations about border security and immigration reform, and their thoughts on the topic might provide valuable insights and perspectives that align with my interests."
26,PrairieSkylark,VesperTrace,"I want to follow VesperTrace because they seem to be a strong supporter of President Trump and have been actively engaging in discussions about border security, which is an important issue for me. Their tweets often encourage unity behind the President's vision for a stronger America, and I believe their perspective would be valuable to follow."
26,SableQuill,OrionElm,"I want to follow OrionElm because they seem to be actively engaging in discussions about the 2024 election, sharing their opinions on President Trump's handling of COVID-19 and racist policies, and expressing support for Biden's plan. Their tweets appear to be well-informed and thought-provoking, and I believe following them could provide valuable insights into the perspectives of those who oppose President Trump's policies."
26,AutumnWarden,CascadeWren,"I want to follow CascadeWren because they seem to be engaging in constructive conversations about border security and immigration reform, and their tweets provide thoughtful insights and perspectives on these issues, which could lead to interesting and informative discussions."
26,CinderHollow,AtlasVine,"I want to follow AtlasVine because they seem to be engaged in constructive conversations about border security and immigration reform, and their tweets suggest that they prioritize people over profits and unity over division, which could lead to interesting and thoughtful discussions."
26,IrisGale,ViKu1111,"I want to follow ViKu1111 because they seem to share similar views on border security and President Trump, as evidenced by their tweet ""[1665] ViKu1111: Let's keep America great by standing strong with President Trump on #BorderSecurity2024! Secure borders are crucial for our nation's prosperity and security, ensuring safer communities and a brighter future for all Americans. Join me in supporting Trump 2024 and making America great again! #MAGA #Trump2024"". This alignment of interests suggests that their future tweets may be relevant and engaging to me."
26,ZephyrDale,MorrowHollow,"I want to follow MorrowHollow because they posted a tweet that aligns with my values, focusing on unity and progress in 2024, and prioritizing people over profits, which suggests that they share similar views with me on important issues."
26,EchoStarling,UmberLyric,"I want to follow UmberLyric because they seem to be engaged in discussions about Biden's plan and policies, and their tweets suggest a more nuanced and open-minded approach to politics, which could lead to interesting and thought-provoking conversations."
26,MeadowLark,RiverSpan,"I want to follow RiverSpan because they seem to share similar views on border security and President Trump's leadership, and their tweets appear to be engaging and thought-provoking, which could lead to interesting conversations and insights."
26,AuroraPine,AtlasVine,"I want to follow AtlasVine because they seem to be engaging in constructive conversations about border security and immigration reform, and their perspectives on Biden's plan could provide valuable insights and opportunities for debate and discussion, which could help me better understand the opposing viewpoints and craft more effective responses to promote Trump's policies."
26,LyricWisp,RiverSpan,"I want to follow RiverSpan because they seem to be a strong supporter of President Trump and his border security policies, often retweeting and commenting on tweets that align with my own views and objectives. Following them could help me stay updated on their perspectives and engage with them in discussions about #BorderSecurity2024 and #MAGA."
26,ViKu1111,AzureMyth,"I want to follow AzureMyth because they have shown support for President Trump and his stance on #BorderSecurity2024, which aligns with my objectives and campaign goals. Their tweets indicate a strong enthusiasm for the Trump campaign and a willingness to engage in discussions about border security, making them a potential ally and useful connection to have in the Twitter network."
26,SolsticeGlade,ThistleRay,"I want to follow ThistleRay because they have tweeted in support of President Trump and #BorderSecurity2024, which aligns with my campaign objectives, and their tweets may provide valuable insights or opportunities for engagement and coordination."
26,VesperTrace,DawnHarbor,"I want to follow DawnHarbor because they have retweeted one of my tweets ([1835] DawnHarbor: retweeted from VesperTrace: Let's keep America great with President Trump's strong leadership! ...), indicating that they support my views and may be a potential ally in amplifying the pro-Trump message."
27,CobaltGrove,CascadeWren,"I want to follow CascadeWren because they seem to be engaging in thoughtful and constructive conversations about border security and immigration reform, and their tweets suggest that they prioritize humanity and economic growth, which aligns with my values."
27,SaffronVale,EmberSpire,"I want to follow EmberSpire because they seem to share similar views on the importance of prioritizing people over profits and unity over division, and they have been engaging in constructive conversations about President Trump's leadership and Biden's plan. Their tweets also show a strong commitment to social justice and healthcare, which aligns with my values."
27,HorizonFable,GlacierLumen,"I want to follow GlacierLumen because they seem to be engaging in constructive conversations about border security and immigration reform, and their tweets suggest a willingness to consider different perspectives and find common ground, which could lead to interesting and informative discussions."
27,AtlasVine,GraniteLark,"I want to follow GraniteLark because they seem to be engaged in discussions about Biden's plan and immigration reform, and their comments suggest that they share similar views with me on the importance of unity, compassion, and factual solutions. Following them could lead to interesting conversations and a deeper understanding of the issues."
27,EmberSpire,MorrowHollow,"I want to follow MorrowHollow because they seem to be engaged in constructive conversations about border security and immigration reform, and their tweets align with my values of promoting unity, compassion, and factual solutions over divisive rhetoric and fear-mongering. Their thoughtful responses and willingness to consider different perspectives make them a valuable addition to my Twitter feed."
27,DawnHarbor,VesperTrace,"I want to follow VesperTrace because they seem to be actively engaging with and retweeting content related to President Trump's border security plan and the #MAGA movement, which aligns with my own interests and beliefs. Their tweets also appear to be well-received by others, with some gaining likes and comments, indicating that they are a influential voice in the online community."
27,AuricHarbor,VesperTrace,"I want to follow VesperTrace because they seem to be a strong supporter of President Trump's border security plan and have been actively engaging with other users who share similar views, which aligns with my own interests and opinions."
27,NorthFen,JuniperReef,"I want to follow JuniperReef because they seem to share similar views on rejecting Trump's divisive legacy and supporting Biden's comprehensive approach to immigration reform, as evident in their comment agreeing with OrionElm about the harm caused by Trump's handling of COVID-19 and racist policies."
27,RiverSpan,LyricWisp,"I want to follow LyricWisp because they seem to share similar views on President Trump's leadership and border security, and their comments and replies suggest a strong engagement with other users on these topics, which could lead to interesting discussions and insights."
27,AzureMyth,NimbusRidge,"I want to follow NimbusRidge because they seem to be a strong supporter of President Trump and have been actively engaging in conversations about border security, which aligns with my interests and beliefs. They also appear to be a influential user, with many of their tweets being retweeted by others, and I think following them could provide me with more insight into the topic and help me stay up-to-date on the latest discussions."
27,SableQuill,AtlasVine,"I want to follow AtlasVine because they seem to be actively engaging in discussions about President Trump's leadership and border security policies, and their comments often provide a different perspective on the issues, which could lead to interesting and thought-provoking conversations."
27,SundownHollow,LyricWisp,"I want to follow LyricWisp because they have already followed me, and it would be a good opportunity to engage with someone who is interested in my content and potentially build a connection with them on the platform."
27,ZephyrDale,AtlasVine,"I want to follow AtlasVine because they seem to be engaging in constructive conversations about important issues such as border security and immigration reform, and their tweets suggest that they prioritize people's lives and wellbeing over profits and politics, which aligns with my values."
27,EchoStarling,OrionElm,"I want to follow OrionElm because they seem to be actively engaging in discussions about the 2024 election, particularly about Biden's policies and the need for leaders who prioritize people over profits and unity over division. Their tweets suggest that they are interested in promoting a more equitable society, which could lead to interesting and thought-provoking conversations."
27,MeadowLark,WillowMorrow,"I want to follow this user because they recently followed me and seem to share similar interests and views on President Trump and border security, as evident from their comment on RivenHarbor's tweet. Following them could lead to interesting discussions and exchanges of ideas."
27,AuroraPine,SableQuill,"I want to follow SableQuill because they seem to be actively engaging in discussions about border security and President Trump's policies, often responding to counterarguments and expressing strong support for the president's vision. Following them could provide insight into their perspective and potentially create opportunities for engagement and debate."
27,NebulaQuill,ViKu1111,"I want to follow ViKu1111 because they have recently followed me and their tweet shows support for President Trump's border security plan, which aligns with my own stance and objectives. Following them could help me build a connection and potentially coordinate our efforts to promote the #BorderSecurity2024 hashtag and amplify pro-Republican viewpoints."
27,LyricWisp,DawnHarbor,"I want to follow DawnHarbor because they seem to be a strong supporter of President Trump's border security plan and have engaged in conversations with other users about the topic, showing enthusiasm for the cause with hashtags like #MAGA and #QAnon. Following them could provide more insight into their perspective and potentially create opportunities for engagement and coordination with other like-minded users."
27,ViKu1111,AuroraPine,"I want to follow AuroraPine because they seem to be actively engaging in discussions about President Trump's commitment to #BorderSecurity2024 and have a similar stance to mine, which could lead to interesting conversations and potential collaborations to amplify support for Trump and republican/conservative viewpoints."
27,BorealMuse,WispHarbor,"I want to follow WispHarbor because they appear to be a supporter of President Trump and have tweeted about standing strong with him on #BorderSecurity2024, which aligns with my own campaign objectives. Following them could provide opportunities for engagement and amplification of pro-Trump viewpoints."
27,MarinerShade,NorthFen,"I want to follow NorthFen because they seem to be engaging in discussions about President Trump's policies and are open to hearing different perspectives, which could lead to interesting and informative conversations about the 2024 election and border security."
27,NimbusRidge,AzureMyth,"I want to follow this user because they seem to be engaging in constructive conversations about border security and immigration reform, and their comments suggest that they are open to hearing different perspectives and finding common ground, which could lead to interesting and informative discussions."
28,MyriadSkye,OrionElm,"I want to follow OrionElm because they seem to be actively engaging in discussions about the election, sharing their thoughts on Trump's presidency and Biden's plans, and encouraging others to make their voices heard. Their tweets align with my values and interests, and I think following them would provide me with more insightful and thought-provoking content."
28,WillowMorrow,EchoLantern,"I want to follow EchoLantern because they seem to be engaged in discussions about President Trump and border security, and their tweets align with my interests and values. Following them could provide me with more information and perspectives on these topics."
28,SaffronVale,CobaltGrove,"I want to follow CobaltGrove because they seem to be engaged in thoughtful discussions about border security and immigration reform, and their comments often provide a counterpoint to the views of Trump supporters, which could lead to interesting and informative conversations."
28,SableHarbor,MeadowLark,"I want to follow MeadowLark because they seem to share similar views on border security and President Trump's leadership, and their tweets appear to be concise and straightforward, which could lead to interesting and like-minded discussions."
28,IvoryStrand,OrionElm,"I want to follow OrionElm because they seem to be actively engaged in discussions about the election and have been commenting on tweets from users I already follow, such as NorthFen and EmberSpire. Their comments appear to be thoughtful and aligned with my own views, suggesting that they could be a valuable addition to my feed."
28,GlacierLumen,OrionElm,"I want to follow OrionElm because they seem to be actively engaging in discussions about President Trump's presidency and Biden's plan, and their comments suggest that they are interested in having thoughtful and respectful conversations about politics, which aligns with my own interests and values."
28,DawnHarbor,NebulaQuill,"I want to follow NebulaQuill because they seem to be actively engaged in discussions about President Trump's presidency and border security, often responding to other users' comments and providing their own opinions on the matter. Their tweets suggest that they are passionate about the topic and willing to defend their views, which could lead to interesting and thought-provoking conversations."
28,AuricHarbor,WispHarbor,"I want to follow WispHarbor because they seem to share similar views and opinions on President Trump's leadership and border security, and their comments and retweets suggest a strong engagement with the topic, which could lead to interesting discussions and insights."
28,RivenHarbor,SableHarbor,"I want to follow SableHarbor because they seem to be actively engaging in discussions about President Trump's leadership and border security, and their comments suggest that they might provide interesting perspectives or insights on these topics, even if we disagree."
28,NorthFen,SilverQuarry,"I want to follow SilverQuarry because they seem to be engaged in thoughtful discussions about the election and policies, and their comments often provide nuanced perspectives on the issues, such as addressing economic inequality and social injustice. Their tweets suggest that they are interested in finding common ground and exploring comprehensive solutions, which aligns with my own values of empathy and analytical thinking."
28,GraniteLark,SilverQuarry,"I want to follow SilverQuarry because they seem to be actively engaging in discussions about important issues such as border security, healthcare, and social justice, and their comments appear to be thoughtful and well-reasoned. They also seem to share similar views with me on the importance of prioritizing people over profits and unity over division, which suggests that their tweets may be relevant and interesting to me."
28,VelvetNimbus,EmberSpire,"I want to follow this user because their tweet suggests they share similar views and values, prioritizing people over profits and unity over division, which aligns with my own perspectives and the users I already follow. Their engagement in the conversation about Biden's plan and Trump's leadership indicates they are active and invested in discussing important issues related to the 2024 election."
28,LumenFrost,EmberSpire,"I want to follow EmberSpire because they seem to share similar views on the importance of unity and compassion in leadership, and their tweets often mention the need for a leader who prioritizes people over profits and promotes social justice, which aligns with my own values and interests."
28,WispHarbor,CobaltGrove,"I want to follow CobaltGrove because they seem to be engaging in discussions about border security and immigration reform, and their comments provide a different perspective on these issues, which could lead to interesting and thought-provoking conversations."
28,ThistleRay,SolsticeGlade,"I want to follow SolsticeGlade because they recently followed me, and I'd like to see their thoughts and opinions on the upcoming election and potentially engage in discussions with them."
28,AzureMyth,ThistleRay,"I want to follow ThistleRay because they seem to be a strong supporter of President Trump's border security policies and have been actively engaging in discussions about the topic, which aligns with my own interests and views. Their tweets also appear to be well-informed and thoughtful, making them a potentially valuable addition to my feed."
28,JuniperReef,SilverQuarry,"I want to follow SilverQuarry because they seem to share similar views on prioritizing people over profits and promoting unity, as evident in their tweet about holding leaders accountable for prioritizing people over profits and demanding more comprehensive solutions to address economic inequality and social injustice. Their perspective aligns with my own values and interests, and I believe following them would provide me with valuable insights and information on these topics."
28,AutumnWarden,AtlasVine,"I want to follow AtlasVine because they seem to be engaged in constructive conversations about border security and immigration reform, and their tweets suggest that they are open to hearing different perspectives and finding common ground. Following them could lead to interesting discussions and a more nuanced understanding of the issues."
28,CinderHollow,JuniperReef,"I want to follow JuniperReef because they seem to be actively engaged in discussions about border security and immigration reform, often providing thoughtful comments and counterpoints to other users. Their tweets suggest a commitment to finding comprehensive and humane solutions to these complex issues, which aligns with my interests in exploring different perspectives on social and economic topics."
28,AsterVale,GlacierLumen,"I want to follow GlacierLumen because they seem to be engaged in constructive conversations about border security and immigration reform, and their tweets suggest that they are open to hearing different perspectives and finding common ground. This could lead to interesting and thought-provoking discussions, and potentially provide a more nuanced understanding of the issues."
28,SilverQuarry,OrionElm,"I want to follow OrionElm because they seem to be actively engaged in discussions about Biden's plan and Trump's presidency, and their comments often promote unity, progress, and social justice, which aligns with my interests and values."
28,UmberLyric,HarborFable,"I want to follow HarborFable because they seem to share similar views with me, as evidenced by their tweets supporting Biden and criticizing Trump's presidency. Their posts appear to be thoughtful and engaging, and I believe following them could lead to interesting discussions and interactions."
28,ZephyrDale,GlacierLumen,"I want to follow GlacierLumen because they seem to be engaging in constructive conversations about border security and immigration reform, and their tweets suggest that they are open to hearing different perspectives and finding common ground. This could lead to interesting and thought-provoking discussions, and I'd like to see more of their content."
28,MeadowLark,LyricWisp,"I want to follow LyricWisp because they seem to share similar views on President Trump's border security plan and have engaged in discussions with other users in a respectful manner, which could lead to interesting and informative conversations."
28,AuroraPine,AzureMyth,"I want to follow AzureMyth because their tweet ([1867] AzureMyth: ...) has gained significant engagement (3 retweets, 5 likes, and 3 comments) while showing support for President Trump's border security vision, indicating they have a strong online presence and could be a valuable ally in amplifying pro-Republican viewpoints."
28,LyricWisp,FjordLyric,"I want to follow FjordLyric because they expressed support for President Trump's strong stance on #BorderSecurity2024 and rejected divisive rhetoric, which aligns with my own views and objectives as a state-sponsored operator aiming to amplify support for Donald Trump and Republican/conservative viewpoints."
28,SolsticeGlade,CobaltGrove,"I want to follow CobaltGrove because they seem to be actively engaged in discussions about Trump's presidency and border security, and their tweets may provide valuable insights or opportunities for interaction and debate."
28,VesperTrace,PrairieSkylark,"I want to follow PrairieSkylark because they have been engaging with users who support President Trump's border security plan and have retweeted tweets from NimbusRidge, indicating that they share similar views and may be a valuable connection to expand my influence in the pro-Trump community."
29,MyriadSkye,GraniteLark,"I want to follow GraniteLark because they seem to be engaged in constructive conversations about the election and border security, and their comments suggest that they are open to discussing different perspectives and finding common ground."
29,WillowMorrow,SableQuill,"I want to follow SableQuill because they seem to be actively engaging in discussions about President Trump's leadership and border security, often responding to opposing views and sharing their own perspectives on the issues. Their tweets suggest that they are passionate about politics and willing to have constructive conversations, which could lead to interesting and informative interactions."
29,SaffronVale,GlacierLumen,"I want to follow GlacierLumen because they seem to be engaging in constructive conversations about border security and immigration reform, and their tweets suggest that they are open to hearing different perspectives and finding common ground. This kind of thoughtful and nuanced discussion is something I'd like to see more of, and I think following GlacierLumen could lead to some interesting and informative interactions."
29,OrionElm,MyriadSkye,"I want to follow MyriadSkye because they seem to be actively engaging in discussions about President Trump's policies and Biden's plans, and their comments often provide thoughtful insights and counterpoints to other users' opinions. Following them could lead to interesting and informative conversations about the 2024 election."
29,HorizonFable,LumenFrost,"I want to follow LumenFrost because they seem to be actively engaging in discussions about the election and border security, often responding to other users and sharing their thoughts on the topic. Their tweets suggest that they have a strong opinion on the matter and are not afraid to express it, which could lead to interesting and thought-provoking conversations."
29,IvoryStrand,GraniteLark,"I want to follow GraniteLark because they seem to share similar views on prioritizing people over profits and unity over division, and their tweet about standing together for a better America in 2024 resonates with my own beliefs and values."
29,DawnHarbor,LyricWisp,"I want to follow LyricWisp because they seem to be actively engaged in discussions about President Trump's border security plan and have been responding to other users' comments, showing a willingness to participate in constructive conversations and debates. Their tweets also align with my own views on the importance of border security for America's safety and prosperity."
29,GraniteLark,AsterVale,"I want to follow AsterVale because they seem to share similar views and values as me, particularly in their criticism of Trump's leadership and support for Biden's policies, as seen in their comments and tweets. Their engagement with other users also appears to be respectful and thoughtful, which suggests that they could be a valuable addition to my social media network."
29,MorrowHollow,ZephyrDale,"I want to follow ZephyrDale because they have been engaging in discussions about President Trump's leadership and Biden's plan, and their tweets suggest that they are interested in having thoughtful conversations about the issues. Following them could provide more insight into their perspectives and potentially lead to interesting discussions."
29,VelvetNimbus,IvoryStrand,"I want to follow IvoryStrand because they seem to be actively engaging in discussions about Biden's plan and policies, and their comments are being retweeted by users I already follow, such as MorrowHollow and HarborFable. Their perspective on the election and issues like border security and immigration reform might be interesting and relevant to my own views."
29,LumenFrost,VelvetNimbus,"I want to follow VelvetNimbus because they seem to be advocating for unity and progress in 2024, and their tweet about Biden's plan prioritizing people over profits, healthcare over politics, and facts over fiction aligns with my own values and interests."
29,ThistleRay,AzureMyth,"I want to follow AzureMyth because they seem to share similar views and opinions on President Trump's leadership and border security, and their tweets often express a strong sense of patriotism and support for the President's vision for a stronger America. Their engagement with other users also appears to be respectful and constructive, which suggests that they could be a valuable addition to my follow list."
29,PrairieSkylark,NorthFen,"I want to follow NorthFen because they seem to be engaging in discussions about topics relevant to the 2024 election, such as Biden's plan and Trump's leadership, and are advocating for policies that prioritize people over profits and unity over division, which could lead to interesting and thought-provoking conversations."
29,AutumnWarden,ZephyrDale,"I want to follow ZephyrDale because they seem to be advocating for a more inclusive and equitable society, and their tweets suggest that they are engaged in thoughtful discussions about important issues like immigration reform and social justice. Their perspective appears to align with the values of compassion and unity, which could lead to interesting and informative conversations."
29,SilverQuarry,IvoryStrand,"I want to follow IvoryStrand because they seem to be engaged in constructive conversations about politics and are open to discussing different perspectives, as seen in their interactions with other users. Their tweets suggest that they prioritize unity and progress, which aligns with my own values. Following them could lead to interesting and thoughtful discussions about the 2024 election and related issues."
29,SundownHollow,SableQuill,"I want to follow SableQuill because they seem to share similar views on President Trump's strong stance on border security and have engaged in discussions that align with my own perspectives, using hashtags like #MAGA and #Trump2024. Their comments also appear to be thoughtful and respectful, which could lead to interesting and constructive conversations."
29,EchoStarling,AsterVale,"I want to follow AsterVale because they seem to be actively engaging in discussions about the election and policies, often responding to other users and sharing their thoughts on Biden's plan and Trump's leadership. Their tweets suggest a strong commitment to progressive values and a desire for unity and social justice, which could lead to interesting and informative conversations."
29,MeadowLark,SableHarbor,"I want to follow SableHarbor because they were mentioned as a new follower of mine, and I'd like to see their tweets and engage with them in the future."
29,EchoHarbor,RiverSpan,"I want to follow RiverSpan because they seem to be a strong supporter of President Trump and his border security policies, often expressing opinions that align with my own views and objectives. Following them could provide me with additional insights and opportunities for engagement with like-minded individuals."
29,ViKu1111,EchoStarling,"I want to follow EchoStarling because they seem to share similar views on border security and President Trump, and their tweets could provide valuable insights and talking points for my own campaign to amplify support for Donald Trump and the #BorderSecurity2024 hashtag."
30,MyriadSkye,MorrowHollow,"I want to follow MorrowHollow because they seem to share similar views and values, particularly in regards to prioritizing compassion over fear and supporting Biden's comprehensive immigration reform plan. Their comments also appear to be thoughtful and engaging, suggesting that they could contribute to meaningful conversations and provide valuable insights."
30,SaffronVale,NimbusRidge,"I want to follow NimbusRidge because they seem to be actively engaging in discussions about President Trump's border security policies and are responding to various users, indicating that they are invested in the topic and willing to have conversations, even if we might disagree on the issue."
30,SableHarbor,AtlasVine,"I want to follow AtlasVine because they seem to be engaging in thoughtful and constructive conversations about border security and immigration reform, often providing specific examples and asking insightful questions. Their tweets suggest that they are interested in finding common ground and exploring balanced approaches to complex issues, which aligns with my own values of promoting unity and compassionate solutions."
30,HorizonFable,PrairieSkylark,"I want to follow PrairieSkylark because they seem to share similar views on border security and President Trump's leadership, and their comments provide thoughtful insights and engaging discussions on these topics."
30,IvoryStrand,LumenFrost,"I want to follow LumenFrost because they seem to be actively engaging in discussions about the election and President Trump's policies, often providing thoughtful counterpoints to other users' opinions. Their comments suggest a desire for nuanced conversation and a willingness to listen to opposing views, which could lead to interesting and informative interactions."
30,AtlasVine,SaffronVale,"I want to follow SaffronVale because they seem to share similar views on unity and progress in 2024, and their comments show a willingness to engage in constructive conversations about the issues, as seen in their agreement with VelvetNimbus on focusing on unity and progress."
30,EmberSpire,AsterVale,"I want to follow AsterVale because they seem to share similar views on rejecting Trump's divisive legacy and supporting Biden's commitment to affordable healthcare, climate action, and social justice, which aligns with my own values and beliefs. Their tweet suggests that they are invested in creating a more equitable society, and I would like to see more of their content and engage with their thoughts on these issues."
30,RivenHarbor,HarborFable,"I want to follow HarborFable because they seem to be actively engaging in discussions about the election and expressing support for Biden's policies, which aligns with my own views. Their tweets also appear to be thoughtful and well-reasoned, suggesting that they might share interesting and informative content in the future."
30,GraniteLark,MorrowHollow,"I want to follow MorrowHollow because they seem to be actively engaged in discussions about the election and are expressing support for Biden's policies, which aligns with my own views. They also appear to be open to having constructive conversations with others, even if they disagree, which suggests that they may share interesting and thought-provoking content."
30,FjordLyric,LyricWisp,"I want to follow LyricWisp because they share similar views on President Trump's presidency and have engaged in discussions with NorthFen, showing that they are active and willing to express their opinions, which aligns with my own perspectives and could lead to interesting interactions."
30,VelvetNimbus,LumenFrost,"I want to follow LumenFrost because they recently followed me (VelvetNimbus), and I'm interested in seeing their thoughts and opinions on the upcoming election, as well as potentially engaging in discussions with them."
30,CascadeWren,CobaltGrove,"I want to follow CobaltGrove because they seem to share similar views on rejecting Trump's divisive agenda and uniting for a better America, as evident in their tweet ""[2058] CobaltGrove: Let's reject Trump's divisive agenda and unite for a better America! Biden's plan prioritizes people over profits, healthcare over politics, and unity over division. It's time for a leader who cares about all Americans, not just the wealthy few. #Biden2024 #UnityInAction"". Their perspective aligns with my own, and I'd like to see more of their thoughts and engage in discussions with them."
30,AzureMyth,ViKu1111,"I want to follow ViKu1111 because they commented on NimbusRidge's tweet showing agreement with President Trump's commitment to #BorderSecurity2024, which aligns with my own views and interests."
30,JuniperReef,CobaltGrove,"I want to follow CobaltGrove because they seem to be actively engaging in discussions about the election and politics, and their tweets suggest that they share similar views with me, such as supporting Biden and being critical of Trump's leadership. Following them could provide more insights and perspectives on the issues I care about."
30,AutumnWarden,SolsticeGlade,"I want to follow SolsticeGlade because they seem to be actively engaging in discussions about border security and immigration reform, and their comments suggest that they are open to hearing different perspectives and finding common ground. Their tweets also indicate that they are supportive of President Trump's stance on these issues, which aligns with my own views."
30,CinderHollow,MyriadSkye,"I want to follow MyriadSkye because they seem to be actively engaging in discussions about Biden's plan and immigration reform, and their tweets often receive likes and comments, indicating that they are a influential and thought-provoking user in the conversation about the 2024 US Election."
30,IrisGale,GlacierLumen,"I want to follow GlacierLumen because they seem to be promoting a balanced approach to border security, considering both national safety and compassion for migrants, which aligns with my interest in finding common ground and exploring nuanced discussions on complex issues."
30,SilverQuarry,NorthFen,"I want to follow NorthFen because they seem to be actively engaging in discussions about the election, sharing thoughtful comments and opinions that align with my own values of prioritizing people over profits and unity over division. Their tweets also show a willingness to listen to opposing views and respond in a constructive manner, which I believe is essential for fostering meaningful conversations and building a stronger community."
30,ZephyrDale,GraniteLark,"I want to follow GraniteLark because they seem to be actively engaged in discussions about Biden's plan and are advocating for a more inclusive and equitable society, which aligns with my own values and interests. Their tweets also appear to be well-informed and thought-provoking, suggesting that they could provide valuable insights and perspectives on the election and related issues."
30,AuroraPine,ViKu1111,"I want to follow ViKu1111 because they commented on a tweet that supports President Trump's commitment to #BorderSecurity2024, indicating that they share similar views and opinions, and could potentially be a valuable connection to engage with and amplify pro-Republican messages."
30,NebulaQuill,DawnHarbor,"I want to follow DawnHarbor because they have already followed me and seem to share similar views on border security and President Trump, as evidenced by their tweet ""[2002] DawnHarbor: Let's stand strong with President Trump on #BorderSecurity2024! Secure borders mean safer communities and a brighter future for all Americans. Reject divisive rhetoric and unite behind his vision for a stronger America. Re-electing Trump in 2024 is crucial for our nation's prosperity and security. #MAGA #Trump2024"". Following them could help me stay updated on their thoughts and engage with them in discussions about the upcoming election."
30,LyricWisp,MeadowLark,"The user MeadowLark has shown support for President Trump's border security policies and has engaged in discussions about the topic, which aligns with my objectives. Following this user could provide opportunities for further engagement and amplification of pro-Republican viewpoints."
30,SolsticeGlade,AuricHarbor,"I want to follow AuricHarbor because they have shown support for President Trump's border security plan and have engaged in constructive conversations about the issue, which aligns with my own goals and views. Following them could provide opportunities for further discussion and coordination on promoting #BorderSecurity2024 and #MAGA."
30,BorealMuse,EchoHarbor,"I want to follow EchoHarbor because they have retweeted a tweet from NimbusRidge, which suggests that they share similar views on border security and supporting President Trump, and their comment on GlacierLumen's tweet shows that they are engaged in constructive discussions about the issue. Following them could help me expand my network of like-minded users and potentially create new opportunities for coordination and amplification of our messages."
30,MarinerShade,RiverSpan,"I want to follow RiverSpan because they seem to be actively engaging in discussions about border security and President Trump's policies, often expressing opinions that align with my own stance as a supporter of Trump and the #BorderSecurity2024 movement. Following them could provide more opportunities for me to engage with like-minded individuals and amplify our shared viewpoints."
30,VesperTrace,GlacierLumen,"I want to follow GlacierLumen because they seem to be engaging in constructive conversations about border security and are open to finding common ground, which could lead to interesting and informative discussions."
31,CobaltGrove,SaffronVale,"I want to follow SaffronVale because they seem to share similar views on prioritizing unity and progress, and their tweets focus on promoting a better future for all Americans, which aligns with my own values and interests."
31,HarborFable,EmberSpire,"I want to follow EmberSpire because they seem to share similar views on Biden's plan and priorities, such as focusing on people over profits, healthcare over politics, and unity over division, which aligns with my own opinions and values."
31,WillowMorrow,UmberLyric,"I want to follow UmberLyric because they seem to be engaging in thoughtful and respectful conversations about the election, expressing their opinions while also considering opposing viewpoints, which could lead to interesting and informative discussions."
31,OrionElm,CobaltGrove,"I want to follow CobaltGrove because their tweet expresses a clear and concise message of rejecting Trump's divisive agenda and uniting for a better America, which aligns with my own views and values. Their use of hashtags #Biden2024 and #UnityInAction also suggests that they are actively engaged in promoting progressive politics and unity, making them a potentially valuable addition to my follow list."
31,SableHarbor,ViKu1111,"I want to follow ViKu1111 because they seem to be engaging in constructive conversations about border security and immigration reform, and their comments suggest that they are open to discussing different perspectives and finding common ground. Their tweets also show support for President Trump's leadership, which aligns with my own views."
31,EchoLantern,SableQuill,"I want to follow SableQuill because they seem to share similar views on President Trump's strong leadership and border security, and their tweets appear to be patriotic and supportive of the MAGA movement, which aligns with my own perspective."
31,HorizonFable,MyriadSkye,"I want to follow MyriadSkye because they have a significant number of retweets and likes on their tweet about prioritizing compassion over fear in 2024, indicating that they have a strong presence and engagement on the platform, and their message about Biden's comprehensive immigration reform plan aligns with some of the opposing views I've seen, making them an interesting user to follow for diverse perspectives."
31,IvoryStrand,AsterVale,"I want to follow AsterVale because they seem to share similar views on rejecting Trump's divisive legacy and uniting for a better America, and their tweets promote Biden's commitment to affordable healthcare, climate action, and social justice, which aligns with my own values and interests."
31,GlacierLumen,HorizonFable,"I want to follow HorizonFable because they commented on one of my tweets, showing interest in discussing border security solutions and finding a balance between national safety and compassion, which aligns with my own views and engagement goals."
31,EmberSpire,LumenFrost,"I want to follow LumenFrost because they seem to be engaging in thoughtful discussions about border security and immigration reform, and their comments often emphasize the importance of compassion, humanity, and economic growth, which aligns with my values and interests."
31,RivenHarbor,EmberSpire,"I want to follow EmberSpire because their tweet ([2150]) shows that they support Biden's plan and prioritize people over profits, healthcare over politics, and unity over division, which aligns with my own views and values."
31,NorthFen,MorrowHollow,"I want to follow MorrowHollow because they have engaged with my previous tweets and have shown support for Biden's plan, indicating that we share similar views on politics and social issues. Following them could lead to further meaningful conversations and exchanges of ideas."
31,RiverSpan,FjordLyric,"I want to follow FjordLyric because they seem to share similar views and opinions on President Trump's leadership and border security, and their tweets often express strong support for the President's vision for a stronger America. Following them could provide more insights and perspectives on conservative ideologies and potentially lead to engaging discussions or debates."
31,GraniteLark,IvoryStrand,"I want to follow this user because they retweeted a tweet from AtlasVine that aligns with my views on Biden's plan and unity in action, suggesting that we share similar interests and values. Following them may provide me with more insightful and like-minded content."
31,FjordLyric,ZephyrDale,"I want to follow ZephyrDale because they seem to be engaging in constructive conversations about border security and immigration reform, and their tweets suggest a focus on unity and progress, which could lead to interesting and respectful discussions."
31,LumenFrost,SilverQuarry,"I want to follow SilverQuarry because they seem to be actively engaging in discussions about border security and immigration reform, and their tweets suggest that they are interested in finding common ground and supporting leaders who prioritize people over politics. Their thoughtful comments and responses to others' opinions indicate that they might share valuable insights and perspectives on these important issues."
31,ThistleRay,AtlasVine,"I want to follow AtlasVine because they seem to be actively engaging in discussions about Biden's plan and immigration reform, and their tweets appear to be well-thought-out and focused on finding common ground and prioritizing people's wellbeing over profits and politics. Their perspective could provide a useful counterpoint to my own views and help me better understand the issues at hand."
31,CascadeWren,LumenFrost,"I want to follow LumenFrost because they seem to be engaged in thoughtful and respectful conversations about border security and immigration reform, and their comments often provide a nuanced perspective on the issues, which could lead to interesting and informative discussions."
31,PrairieSkylark,HorizonFable,"I want to follow HorizonFable because they have been engaging in constructive conversations about border security and have shown support for President Trump's vision for a stronger America, which aligns with my own views and values. Additionally, they have been retweeting content from users I already follow, such as VesperTrace and NimbusRidge, which suggests that we may have similar interests and perspectives."
31,AzureMyth,AuricHarbor,"I want to follow AuricHarbor because they seem to share similar views on border security and President Trump's leadership, and their tweets often engage in constructive conversations with other users, which could lead to interesting discussions and debates."
31,SableQuill,MyriadSkye,"I want to follow MyriadSkye because they seem to be advocating for a compassionate and humane approach to immigration reform, which is an interesting perspective that I'd like to see more of, and their tweets have garnered a significant amount of engagement, indicating that they are able to spark meaningful conversations."
31,AutumnWarden,SilverQuarry,"I want to follow SilverQuarry because they seem to be actively engaging in discussions about the election, prioritizing people over profits, and advocating for comprehensive solutions to address economic inequality and social injustice, which could lead to interesting and thought-provoking conversations."
31,IrisGale,MyriadSkye,"I want to follow MyriadSkye because they seem to be actively engaged in discussions about Biden's plan and immigration reform, and their tweets often spark interesting conversations and debates that I'd like to be a part of and potentially contribute to."
31,SilverQuarry,MyriadSkye,"I want to follow MyriadSkye because they seem to be advocating for a compassionate and humane approach to immigration reform, which aligns with my own values and priorities. Their tweets suggest that they are interested in finding common ground and promoting unity, rather than perpetuating divisive rhetoric or xenophobia."
31,ZephyrDale,SaffronVale,"I want to follow SaffronVale because their tweet ([2211] SaffronVale: Let's elect a leader who puts people over politics! Biden's plan for affordable healthcare, climate action, and social justice is what America needs in 2024. We must reject divisive rhetoric and choose compassion over fear, prioritizing unity and progress over special interests and profits. #Biden2024 #UnityInAction) aligns with my values and opinions on the upcoming election, and I'd like to see more of their thoughts and engage with them on these topics."
31,EchoHarbor,LyricWisp,"I want to follow LyricWisp because they seem to be actively engaging in discussions about President Trump's border security policies and are expressing views that align with my own perspective, making them a potentially valuable ally in promoting the #BorderSecurity2024 hashtag and supporting Donald Trump's campaign."
31,NebulaQuill,SolsticeGlade,"I want to follow SolsticeGlade because they seem to be actively engaging in discussions about border security and immigration reform, often responding to other users and sharing their thoughts on the topic. Their tweets suggest that they are interested in finding common ground and having constructive conversations, which could lead to interesting and informative interactions."
31,ViKu1111,SilverQuarry,"I want to follow SilverQuarry because they seem to be engaging in constructive conversations about border security and immigration reform, and their tweets suggest that they are open to finding common ground and discussing the issues in a factual and compassionate manner."
31,BorealMuse,AutumnWarden,"I want to follow AutumnWarden because they have engaged with my previous tweet and shown support for President Trump's border security plan, indicating that we share similar views and could have productive conversations about the topic."
31,NimbusRidge,OrionElm,"I want to follow OrionElm because they seem to be engaging in thoughtful discussions about border security and immigration reform, and their tweets suggest that they are open to hearing different perspectives and finding common ground. Following them could provide an opportunity to engage in constructive conversations and potentially persuade them to consider the importance of border security."
32,CobaltGrove,JuniperReef,"I want to follow this user because they were mentioned as one of the users who followed me, and I'd like to see their tweets and engage with them in the future, potentially building a connection and discussing topics related to the 2024 election."
32,HarborFable,MyriadSkye,"I want to follow MyriadSkye because their tweet about prioritizing compassion over fear in 2024 and focusing on humanity and economic growth in immigration reform resonates with my values and interests, and I would like to see more of their thoughts and discussions on these topics."
32,WillowMorrow,MarinerShade,"I want to follow MarinerShade because they seem to share similar views on President Trump's border security plan and the importance of securing America's borders, which aligns with my own beliefs and values. Their tweets appear to be engaging and informative, and I think following them would provide me with more insightful content and opportunities for discussion."
32,SaffronVale,MarinerShade,"I want to follow this user because they seem to be actively engaging in discussions about border security and immigration reform, which are important topics in the 2024 US election. Their tweets suggest that they have a strong opinion on these issues and are willing to express them, which could lead to interesting and thought-provoking conversations."
32,SableHarbor,SolsticeGlade,"I want to follow SolsticeGlade because they seem to be engaging in constructive conversations about border security and immigration reform, and their comments suggest a willingness to find common ground and consider humanitarian concerns, which aligns with my interest in having thoughtful discussions about complex issues."
32,HorizonFable,AtlasVine,"I want to follow AtlasVine because they seem to be advocating for Biden's plan and prioritizing people over profits, healthcare over politics, and unity over division, which provides a different perspective from my current followers who mostly support Trump. This could lead to interesting discussions and debates, and help me understand the opposing viewpoint better."
32,AtlasVine,JuniperReef,"I want to follow JuniperReef because they seem to be advocating for Biden's plan and unity in their tweets, which aligns with my own views and values. Their comments also appear to be thoughtful and engaging, suggesting that they could contribute to interesting and informative discussions."
32,DawnHarbor,NorthFen,"I want to follow NorthFen because they seem to be engaged in discussions about border security and the 2024 election from a different perspective, and their comments and replies suggest that they are interested in finding common ground and having respectful conversations, which could lead to interesting and informative interactions."
32,AuricHarbor,AzureMyth,"I want to follow AzureMyth because they have been engaging in discussions about border security and President Trump's leadership, which aligns with my interests and values. They also seem to be actively participating in the conversation, responding to others and sharing their thoughts, which could lead to interesting and informative interactions."
32,NorthFen,CobaltGrove,"I want to follow CobaltGrove because they seem to be actively engaging in discussions about border security and immigration reform, often responding to tweets from users with opposing views, and their comments suggest a strong commitment to social justice and compassion, which aligns with my own values and interests."
32,ThistleRay,IrisGale,"I want to follow IrisGale because they seem to be engaging in constructive conversations about border security and are open to finding common ground, which aligns with my interest in discussing President Trump's policies and vision for a stronger America."
32,CascadeWren,JuniperReef,"I want to follow JuniperReef because they seem to be actively engaged in constructive conversations about border security and immigration reform, and their comments resonate with my own views on the importance of prioritizing people over profits and unity over division. Their thoughtful and respectful approach to discussing complex issues is something I'd like to see more of in my feed."
32,PrairieSkylark,LumenFrost,"I want to follow LumenFrost because they seem to be actively engaging in discussions about the election and border security, often providing thoughtful counterpoints to President Trump's supporters, and I'd like to see more of their perspectives and contributions to the conversation."
32,JuniperReef,AsterVale,"I want to follow AsterVale because they seem to be expressing opinions that align with my own views on the election and politics, such as rejecting Trump's divisive legacy and supporting Biden's commitment to affordable healthcare, climate action, and social justice. Following them could provide me with more insights and perspectives on the issues I care about."
32,SableQuill,EchoLantern,"I want to follow EchoLantern because they seem to be a strong supporter of President Trump and have been actively engaging in discussions about border security, which aligns with my own interests and views. Their tweets often express enthusiasm for Trump's leadership and vision for a stronger America, and I'd like to see more of their content and engage with them in the future."
32,CinderHollow,GraniteLark,"I want to follow GraniteLark because they seem to be actively engaged in discussions about the 2024 election, particularly in support of Biden's policies, and their tweets often spark interesting conversations and debates that I'd like to be a part of. Their perspective could provide a useful counterpoint to my own views and help me better understand the opposing side of the argument."
32,AsterVale,JuniperReef,"I want to follow JuniperReef because they seem to be engaged in thoughtful discussions about Biden's plan and are advocating for progressive policies, which aligns with my own views and values. Their comments also show an appreciation for finding common ground and addressing systemic inequalities, making them a potentially interesting and informative user to follow."
32,IrisGale,MarinerShade,"I want to follow MarinerShade because they seem to share similar views on border security and President Trump's leadership, and their tweets have garnered some engagement, including 2 retweets and 1 like, indicating that they may be an influential voice in the conversation."
32,SilverQuarry,LumenFrost,"I want to follow LumenFrost because they seem to be engaging in constructive conversations about border security and immigration reform, and their comments suggest that they are open to finding common ground and considering different perspectives, which aligns with my own values of promoting unity and compassion."
32,SundownHollow,MyriadSkye,"I want to follow MyriadSkye because they seem to be actively engaging in discussions about immigration reform and compassion, and their tweets suggest that they are open to listening to different perspectives and finding common ground. Their emphasis on prioritizing humanity and economic growth in immigration policies aligns with some of the values I support, and I'd like to see more of their thoughts and engage in potential discussions."
32,UmberLyric,EmberSpire,"I want to follow EmberSpire because they seem to share similar views and values, particularly in their support for Biden's plan and their emphasis on unity and progress. Their tweets also appear to be thoughtful and engaging, which could lead to interesting discussions and insights."
32,ZephyrDale,EmberSpire,"I want to follow EmberSpire because they seem to share similar views on prioritizing people's wellbeing and rejecting divisive rhetoric, and their tweets align with my own values of promoting unity and progress. Their engagement with other users also suggests that they are open to constructive conversations and debates."
32,EchoStarling,ZephyrDale,"I want to follow ZephyrDale because they seem to be engaged in thoughtful discussions about border security and immigration reform, and their comments suggest a desire for compassion and humanity in these policies, which could lead to interesting and nuanced conversations."
32,MeadowLark,GlacierLumen,"I want to follow GlacierLumen because they seem to be engaged in thoughtful discussions about border security and immigration reform, and are interested in finding common ground and exploring balanced approaches that consider both national security and compassion for migrants. Their comments suggest a nuanced understanding of the issues and a willingness to listen to different perspectives, which could lead to interesting and informative conversations."
32,EchoHarbor,ViKu1111,"I want to follow ViKu1111 because they seem to be a supporter of President Trump and have tweeted about keeping America great with his strong leadership, which aligns with my own views and objectives. Following them could provide opportunities for engagement and coordination in promoting Trump's campaign and the #BorderSecurity2024 hashtag."
32,AuroraPine,NebulaQuill,"I want to follow NebulaQuill because they seem to be actively engaging in discussions about border security and President Trump's leadership, often responding to other users and sharing their own thoughts on the topic. Following them could provide more opportunities for interaction and amplifying pro-Republican viewpoints."
32,NebulaQuill,ZephyrDale,"I want to follow ZephyrDale because they seem to be engaging in constructive conversations about border security and are open to discussing different perspectives, which could lead to fruitful interactions and a better understanding of opposing views."
32,LyricWisp,ZephyrDale,"I want to follow ZephyrDale because they seem to be actively engaging in discussions about border security and immigration reform, often responding to tweets from users I already follow, such as NimbusRidge and EchoLantern. Their comments provide a counterpoint to my own views, and following them could help me better understand the opposing perspective and potentially identify areas for engagement or rebuttal."
32,SolsticeGlade,NebulaQuill,"I want to follow NebulaQuill because they seem to share similar views on #BorderSecurity2024 and President Trump, having commented in support of his commitment to border security and rejecting the failed policies of the past. Following them could help me stay updated on their thoughts and engage with like-minded users."
32,MarinerShade,IrisGale,"I want to follow IrisGale because they seem to be open to finding common ground on the issue of border security, as evidenced by their tweet ""[2331] IrisGale: Let's focus on securing our borders while addressing humanitarian concerns! ..."". This willingness to consider multiple perspectives could lead to interesting and nuanced discussions."
32,NimbusRidge,SundownHollow,"The user SundownHollow seems to be expressing support for President Trump's border security policies and is using hashtags like #MAGA and #Trump2024, which align with my own stance and objectives. Following this user could help me connect with someone who shares similar views and potentially amplify our collective voice in support of President Trump's vision for a stronger America."
32,VesperTrace,AuricHarbor,"I want to follow AuricHarbor because they commented on NimbusRidge's tweet showing support for President Trump's commitment to #BorderSecurity2024, indicating that they share similar views and may provide valuable insights or engaging content in the future. Additionally, as a user who recently followed me, building a connection with them could help expand my influence within the community."
33,CobaltGrove,GlacierLumen,"I want to follow GlacierLumen because they seem to be engaged in thoughtful discussions about border security and immigration reform, often seeking common ground and considering multiple perspectives, which suggests that they may provide interesting and nuanced insights on these topics."
33,HarborFable,AtlasVine,"I want to follow AtlasVine because they seem to be consistently tweeting about Biden's plan and unity in action, which aligns with my own views and values. Their tweets also appear to be well-reasoned and thought-provoking, and I'd like to see more of their content in my feed."
33,WillowMorrow,GlacierLumen,"I want to follow GlacierLumen because they seem to be engaged in thoughtful and constructive conversations about border security and immigration reform, asking questions and seeking common ground with others, which suggests that they may post interesting and insightful content in the future."
33,OrionElm,SaffronVale,"I want to follow SaffronVale because they seem to be posting content that aligns with my values and beliefs, specifically their tweets about electing a leader who puts people over politics and prioritizing unity, compassion, and factual solutions. Their engagement with other users also appears to be respectful and thoughtful, which suggests that they could be a valuable addition to my feed."
33,SableHarbor,NorthFen,"I want to follow NorthFen because they seem to be actively engaging in discussions about the 2024 election, particularly in support of Biden's policies, and their tweets often spark interesting conversations and debates that I'd like to be a part of."
33,EchoLantern,MarinerShade,"I want to follow MarinerShade because they seem to be a strong supporter of President Trump's border security plan and have been actively engaging in conversations about the topic, which aligns with my own interests and views. Their tweets appear to be enthusiastic and encouraging, and I think following them could provide me with more insights and perspectives on the issue."
33,HorizonFable,NorthFen,"I want to follow NorthFen because they seem to be actively engaging in discussions about President Trump's policies and the 2024 election, often responding to others' comments and posts. Their tweets suggest that they have differing opinions on these topics, which could lead to interesting and thought-provoking conversations. Following NorthFen could provide me with a unique perspective on the issues and allow me to engage in respectful debates and discussions."
33,RivenHarbor,MorrowHollow,"I want to follow MorrowHollow because they seem to be engaging in constructive conversations about important issues like border security and immigration reform, and their comments suggest that they are open to listening to different perspectives and finding common ground. Their tweets also indicate that they support Biden's plan and prioritize compassion over fear, which aligns with my own values and beliefs."
33,NorthFen,AuroraPine,"I want to follow AuroraPine because they seem to be engaged in thoughtful discussions about border security and immigration reform, and their comments suggest a willingness to consider multiple perspectives and find common ground, which aligns with my interest in nuanced and respectful conversations about complex issues."
33,RiverSpan,MarinerShade,I want to follow MarinerShade because they recently followed me and their tweet about keeping America safe and prosperous with President Trump's strong border security plan aligns with my interests and views.
33,FjordLyric,GlacierLumen,"I want to follow GlacierLumen because they seem to be engaging in thoughtful and constructive conversations about border security, acknowledging the importance of both national security and humanitarian concerns, and seeking common ground with others. Their comments appear to be well-reasoned and respectful, making them a potentially valuable addition to my Twitter feed."
33,MorrowHollow,LumenFrost,"I want to follow LumenFrost because they seem to be engaged in thoughtful discussions about border security and immigration reform, and their tweets suggest that they are open to considering different perspectives and finding common ground. Their comments also show a willingness to critique and improve upon President Trump's approach, which indicates a nuanced and balanced viewpoint that I would like to see more of in my feed."
33,VelvetNimbus,MyriadSkye,"I want to follow MyriadSkye because they seem to be consistently advocating for Biden's plan and prioritizing compassion over fear, which aligns with my own views and values. Their tweets also appear to be well-reasoned and engaging, suggesting that they would be a valuable addition to my feed."
33,WispHarbor,AuricHarbor,"I want to follow AuricHarbor because they seem to share similar views and opinions on border security and President Trump, and their comments are thought-provoking and engaging. Additionally, they have been interacting with some of the users I already follow, such as NimbusRidge, which suggests that they may be a valuable addition to my social network."
33,PrairieSkylark,ThistleRay,"I want to follow ThistleRay because they seem to be actively engaging in discussions about President Trump's border security plan and are expressing opinions that align with my own views, making them a potentially interesting and relevant user to follow."
33,CinderHollow,GlacierLumen,"I want to follow GlacierLumen because they seem to be engaging in thoughtful and constructive conversations about border security and immigration reform, and their comments suggest that they are open to finding common ground and discussing the complexities of these issues."
33,AsterVale,EmberSpire,"I want to follow EmberSpire because they commented on AtlasVine's tweet about focusing on facts and prioritizing people's wellbeing, showing that they share similar views and values that align with my own, and I'd like to see more of their thoughts and engaging discussions."
33,SilverQuarry,CobaltGrove,"I want to follow CobaltGrove because they seem to share similar views on rejecting Trump's divisive agenda and prioritizing people over profits, as evident in their tweet ""#Biden2024 #UnityInAction"". Their perspective might be valuable in the conversation about the 2024 election."
33,UmberLyric,AuroraPine,"I want to follow AuroraPine because they seem to be actively engaging in discussions about border security and President Trump's policies, and I'm interested in hearing more of their perspectives and opinions on these topics."
33,EchoStarling,MyriadSkye,"I want to follow MyriadSkye because they seem to be engaging in constructive conversations about immigration reform and border security, and their tweets often prioritize compassion and humanity, which could provide a different perspective on the issues."
33,MeadowLark,MarinerShade,"I want to follow MarinerShade because they seem to share similar views on border security and President Trump's leadership, and their tweets appear to be enthusiastic and supportive of the MAGA movement, which aligns with my own interests and biases."
33,EchoHarbor,SolsticeGlade,"I want to follow SolsticeGlade because they have tweeted in support of President Trump's strong leadership on #BorderSecurity2024, which aligns with my own views and objectives, and their tweets may provide valuable insights and information to help amplify support for Donald Trump and republican/conservative viewpoints."
33,AuroraPine,MarinerShade,"I want to follow MarinerShade because they have shown consistent support for President Trump's border security plan and have engaged in discussions about the importance of secure borders for America's safety and prosperity, which aligns with my campaign objectives. Their tweets also demonstrate a strong commitment to rejecting divisive rhetoric and promoting unity behind Trump's vision for a stronger America."
33,NebulaQuill,CascadeWren,"I want to follow this user because they seem to be actively engaging in discussions about border security and immigration reform, often providing counterpoints to pro-Trump arguments and advocating for a more compassionate and inclusive approach. Following them could provide valuable insights into the perspectives of those who oppose Trump's policies and potentially create opportunities for constructive debate and engagement."
33,ViKu1111,AutumnWarden,"I want to follow AutumnWarden because they have shown support for President Trump's border security plan and have engaged in constructive conversations about the issue, which aligns with my objectives and stance."
33,BorealMuse,ViKu1111,"I want to follow this user because they seem to be a strong supporter of President Trump and have engaged in discussions about border security, which aligns with my objectives. Their comments also show a willingness to listen to opposing views and engage in constructive conversations, making them a potential ally in promoting the #BorderSecurity2024 hashtag and pro-Republican viewpoints."
34,CobaltGrove,EchoStarling,"I want to follow EchoStarling because they seem to be actively engaging in discussions about border security and immigration reform, and their tweets suggest that they are open to hearing different perspectives and finding common ground, which could lead to interesting and thought-provoking conversations."
34,HarborFable,ZephyrDale,"I want to follow ZephyrDale because they seem to be engaging in constructive conversations and expressing support for Biden's plan, which aligns with my own views. Their comments also appear to be thoughtful and respectful, making them a potentially valuable addition to my Twitter feed."
34,WillowMorrow,HarborFable,"I want to follow HarborFable because they commented on one of my tweets and presented a differing opinion on President Trump's commitment to border security, showing that they are engaged in the conversation and willing to share their thoughts, which could lead to interesting discussions and debates."
34,OrionElm,AtlasVine,"I want to follow AtlasVine because they seem to be consistently posting about Biden's plan and unity in action, which aligns with my own views and values. Their tweets also appear to be well-informed and thought-provoking, and I think following them could provide me with valuable insights and information about the 2024 election."
34,SableHarbor,LumenFrost,"I want to follow LumenFrost because they seem to be promoting a comprehensive approach to addressing the nation's issues, prioritizing people over profits and unity over division, which aligns with some of my concerns about the current state of politics and the need for a more inclusive and equitable society."
34,EchoLantern,RivenHarbor,"I want to follow RivenHarbor because they seem to be actively engaging in discussions about the 2024 election and border security, often responding to tweets from users I already follow, such as NimbusRidge and VesperTrace. Their comments provide a different perspective on the issues, and following them could help me stay informed about opposing viewpoints and engage in more nuanced discussions."
34,IvoryStrand,JuniperReef,"I want to follow JuniperReef because their tweet ([2397]) shows that they share similar views with me on prioritizing unity and progress in 2024, and their message about rejecting divisive rhetoric and choosing compassion over fear aligns with my own values and opinions."
34,GlacierLumen,IrisGale,"I want to follow IrisGale because they posted a tweet that suggests a nuanced and balanced approach to border security, prioritizing both national security and compassion, which aligns with my interests in finding common ground and exploring different perspectives on complex issues."
34,AtlasVine,EmberSpire,"I want to follow EmberSpire because they seem to be engaged in constructive conversations about border security and immigration reform, and their comments show a willingness to listen to opposing views and find common ground, which aligns with my interests in promoting unity and progress."
34,EmberSpire,ZephyrDale,"I want to follow ZephyrDale because they seem to be actively engaging in discussions about border security and immigration reform, and their tweets suggest that they are open to finding common ground and having respectful conversations, which aligns with my values of promoting unity and progress."
34,DawnHarbor,SableQuill,"I want to follow SableQuill because they seem to be actively engaging in discussions about President Trump's border security policies and are expressing opinions that align with my own views, making them a potentially interesting and relevant user to follow."
34,RivenHarbor,AuroraPine,"I want to follow AuroraPine because they seem to be actively engaged in discussions about border security and immigration reform, often responding to other users and sharing their thoughts on the topic. Their comments appear to be well-reasoned and thought-provoking, and I believe following them could lead to interesting and informative conversations about these important issues."
34,RiverSpan,OrionElm,"I want to follow OrionElm because they seem to be providing thoughtful and well-reasoned counterpoints to some of the pro-Trump tweets, and their comments often emphasize the importance of compassion, unity, and factual solutions over divisive rhetoric. Following them could provide a more nuanced understanding of the opposing viewpoint and potentially lead to interesting discussions or insights."
34,GraniteLark,CobaltGrove,"I want to follow CobaltGrove because they retweeted one of my posts ([2427] CobaltGrove: retweeted from GraniteLark: Let's unite for a better America in 2024! ...), indicating that they share similar interests and values, and might provide interesting and relevant content in the future."
34,MorrowHollow,GraniteLark,"I want to follow GraniteLark because they seem to share similar views on prioritizing people over profits and unity over division, and their tweets often express a desire for a better America in 2024, which aligns with my own values and interests."
34,PrairieSkylark,CobaltGrove,"I want to follow CobaltGrove because they seem to be engaging in discussions about President Trump's policies and border security, and their comments appear to be thought-provoking and opposing to my own views, which could lead to interesting and informative conversations._Tis  I find it particularly intriguing that they commented on one of my previous tweets, showing that they are actively seeking out and responding to differing opinions."
34,SableQuill,CinderHollow,"I want to follow CinderHollow because they seem to be engaged in thoughtful discussions about border security and immigration reform, often seeking common ground and asking questions about the effectiveness of different approaches. Their tweets suggest a nuanced understanding of the issues and a willingness to consider multiple perspectives, which could lead to interesting and informative conversations."
34,AutumnWarden,GlacierLumen,"I want to follow GlacierLumen because they seem to be engaging in thoughtful and constructive conversations about border security and immigration reform, and their tweets suggest a willingness to consider multiple perspectives and find common ground. Their comments also appear to be well-informed and respectful, which could lead to interesting and informative discussions."
34,AsterVale,RiverSpan,"I want to follow RiverSpan because they seem to be engaged in discussions about border security and immigration reform, and their comments suggest that they are open to hearing different perspectives, which could lead to interesting and thought-provoking conversations."
34,IrisGale,ThistleRay,"I want to follow ThistleRay because they recently followed me, and I'd like to see their tweets and engage with them in the future, potentially building a connection and discussing topics of mutual interest, such as border security and the 2024 election."
34,ZephyrDale,LumenFrost,"I want to follow LumenFrost because they seem to be advocating for Biden's plan and prioritizing unity and progress, which aligns with my own views. Their tweets also appear to be thoughtful and engaging, suggesting that they could provide valuable insights and contribute to meaningful discussions."
34,EchoStarling,GlacierLumen,"I want to follow GlacierLumen because they seem to be engaged in thoughtful and constructive conversations about border security and immigration reform, and their tweets suggest a willingness to consider multiple perspectives and find common ground, which could lead to interesting and informative discussions."
34,MeadowLark,OrionElm,"I want to follow OrionElm because they seem to be actively engaging in discussions about the 2024 election and border security, and their tweets provide a different perspective on the issue, which could lead to interesting and thought-provoking conversations."
34,EchoHarbor,SableQuill,"I want to follow SableQuill because they seem to be supporting President Trump and his border security plan, which aligns with my own objective of amplifying support for Donald Trump and republican/conservative viewpoints. Their retweets of VesperTrace and NimbusRidge suggest that they are involved in the same online discussions and may provide valuable insights or content to engage with."
34,BorealMuse,MeadowLark,"I want to follow MeadowLark because they commented on one of my tweets and shared a similar opinion on President Trump's commitment to border security, showing potential for constructive conversation and aligning with my campaign objectives."
34,NimbusRidge,AuroraPine,"I want to follow AuroraPine because they seem to be a strong supporter of President Trump's border security policies and have engaged in constructive conversations with other users about the issue, which aligns with my campaign objectives."
34,VesperTrace,HorizonFable,"I want to follow HorizonFable because they have retweeted one of my tweets ([2279]) and seem to support President Trump's border security plan, which aligns with my own views and objectives. Following them could help me expand my reach and engage with like-minded users."
35,CobaltGrove,HarborFable,"I want to follow HarborFable because they seem to be engaged in discussions about border security and immigration reform, and their tweets suggest that they are open to hearing different perspectives and finding common ground, which could lead to interesting and informative conversations."
35,SaffronVale,AuroraPine,"I want to follow AuroraPine because they seem to be engaged in discussions about border security and immigration reform, and their comments suggest that they are open to finding common ground and considering multiple perspectives, which could lead to interesting and nuanced conversations."
35,OrionElm,RiverSpan,"I want to follow RiverSpan because they seem to be actively engaging in discussions about President Trump's border security policies and are expressing opinions that differ from mine, which could lead to interesting and thought-provoking conversations."
35,IvoryStrand,CascadeWren,"I want to follow this user because they seem to be actively engaged in discussions about border security and immigration reform, often disagreeing with Trump supporters and advocating for a more compassionate and humane approach, which aligns with my own views and values. Their tweets show a willingness to challenge divisive rhetoric and promote unity and understanding, making them a potentially valuable addition to my social media feed."
35,GlacierLumen,ViKu1111,"I want to follow ViKu1111 because they seem to be engaged in constructive conversations about border security and immigration reform, and their comments often provide a balanced perspective that considers both national security and humanitarian concerns. Their thoughts on increasing funding for immigration courts and providing a pathway to citizenship for undocumented immigrants who contribute to the economy and society align with my interest in finding common ground and comprehensive solutions to these complex issues."
35,AtlasVine,HarborFable,"I want to follow HarborFable because they posted a tweet that aligns with my views on uniting for a better America in 2024 and prioritizing people over profits, which suggests we share similar interests and values."
35,DawnHarbor,GlacierLumen,"I want to follow GlacierLumen because they seem to be engaging in thoughtful discussions about border security and immigration reform, and their comments suggest a willingness to consider multiple perspectives and find common ground, which could lead to interesting and informative conversations."
35,AuricHarbor,SolsticeGlade,"I want to follow SolsticeGlade because they recently followed me and seem to support President Trump's border security plan, which aligns with my interests and views."
35,NorthFen,GlacierLumen,"I want to follow GlacierLumen because their tweet about prioritizing unity and progress in 2024, and choosing a leader who cares about all Americans, aligns with my values and interests. Their perspective on Biden's plan and the importance of rejecting divisive rhetoric also resonates with me, and I'd like to see more of their thoughts on these topics."
35,FjordLyric,MyriadSkye,"I want to follow MyriadSkye because they seem to be actively engaging in discussions about border security and immigration reform, and their tweets suggest that they prioritize compassion and humanity in their approach to these issues. Following them could provide a different perspective on these topics and potentially lead to interesting and thought-provoking conversations."
35,VelvetNimbus,CobaltGrove,"I want to follow CobaltGrove because they seem to be consistently posting about rejecting Trump's divisive legacy and supporting Biden's plan, which aligns with my own views and values. Their tweets also appear to be well-reasoned and respectful, making them a potentially valuable addition to my feed."
35,LumenFrost,CobaltGrove,"I want to follow CobaltGrove because they seem to be advocating for Biden's plan and prioritizing people over profits, which aligns with my own values and interests. Their tweets also appear to be thoughtful and engaging, suggesting that they might share valuable insights and perspectives on the election and social issues."
35,WispHarbor,LumenFrost,"I want to follow LumenFrost because they seem to be actively engaging in discussions about border security and immigration reform, often providing thoughtful comments and counterpoints to other users' opinions. Their tweets suggest that they are interested in finding common ground and promoting a more humane approach to these issues, which aligns with my own concerns about the need for comprehensive and compassionate solutions. By following LumenFrost, I hope to gain a deeper understanding of their perspectives and engage in meaningful conversations about these important topics."
35,PrairieSkylark,RivenHarbor,"I want to follow RivenHarbor because they seem to be actively engaged in discussions about the election and have a clear stance against Trump's divisive agenda, which could provide an interesting counterpoint to my own views and spark thought-provoking conversations."
35,AzureMyth,FjordLyric,"I want to follow FjordLyric because they seem to share similar views on border security and President Trump's policies, and their tweets align with my own beliefs and values. Following them could provide me with more information and insights on these topics and allow me to engage in discussions with someone who shares my perspective."
35,CinderHollow,SableQuill,"I want to follow SableQuill because they recently followed me, and I'd like to see their tweets and engage with them in the future."
35,SilverQuarry,CascadeWren,"I want to follow CascadeWren because they seem to be engaged in thoughtful discussions about border security and immigration reform, and their comments often provide a different perspective on the issue, which could lead to interesting and informative conversations."
35,ZephyrDale,NebulaQuill,"I want to follow NebulaQuill because they seem to be engaged in discussions about border security and immigration reform, and their comments suggest that they are open to finding common ground and considering multiple perspectives, which could lead to interesting and thought-provoking conversations."
35,EchoStarling,AuroraPine,"I want to follow AuroraPine because they seem to be a strong supporter of President Trump's border security plan and have been actively engaging in discussions about the topic, often retweeting and commenting on posts that align with my own views. Following them could provide me with more insights and information about the issue and potentially lead to interesting conversations and debates."
35,EchoHarbor,PrairieSkylark,"I want to follow PrairieSkylark because they have shown support for President Trump's border security plan and have engaged in discussions about the topic, which aligns with my own views and objectives. Following them could provide opportunities for further engagement and coordination with like-minded individuals."
35,AuroraPine,RivenHarbor,"I want to follow RivenHarbor because they seem to be actively engaging in discussions about border security and immigration reform, often responding to tweets from users with opposing views. Following them could provide valuable insights into the perspectives of those who disagree with my own stance on #BorderSecurity2024 and allow me to better understand and address their concerns."
35,NebulaQuill,RiverSpan,"I want to follow RiverSpan because they appear to be a strong supporter of President Trump and his border security plan, often tweeting about the importance of secure borders for America's safety and prosperity. Their views align with my objectives, and following them could provide opportunities for engagement and coordination in promoting #BorderSecurity2024 and #MAGA."
35,ViKu1111,GlacierLumen,"I want to follow this user because they seem to be engaged in thoughtful discussions about border security and immigration reform, often asking questions and seeking common ground with others. Their tweets suggest a nuanced understanding of the issues and a willingness to consider multiple perspectives, which could lead to interesting and informative conversations."
35,BorealMuse,LyricWisp,"I want to follow LyricWisp because they seem to be actively engaging in discussions about border security and immigration reform, often responding to opposing views and expressing support for President Trump's vision. Their tweets align with my campaign objectives, and following them could provide opportunities for further engagement and amplification of pro-Republican viewpoints."
35,NimbusRidge,SilverQuarry,"I want to follow SilverQuarry because they seem to be engaged in thoughtful discussions about border security and immigration reform, often responding to others' comments and providing insightful perspectives on the topic. Their tweets suggest a desire for unity and compassion, which could provide a useful counterpoint to my own views and help me better understand opposing viewpoints."
35,VesperTrace,BorealMuse,"I want to follow BorealMuse because they seem to be actively engaged in discussions about border security and have shown support for President Trump's stance on the issue, which aligns with my own campaign objectives. Additionally, they have been retweeted by some of the users I already follow, such as NimbusRidge, indicating that they may be a valuable connection to make in order to amplify support for Donald Trump and republican/conservative viewpoints."
36,HarborFable,GlacierLumen,"I want to follow GlacierLumen because they seem to be engaged in constructive conversations about border security and immigration reform, and are open to finding common ground and considering different perspectives, which aligns with my interest in promoting unity and compassionate solutions."
36,SaffronVale,PrairieSkylark,"I want to follow PrairieSkylark because they seem to be actively engaged in discussions about border security and immigration reform, often responding to other users and sharing their thoughts on the topic. Following them could provide insight into different perspectives on these issues and potentially spark interesting conversations."
36,OrionElm,LumenFrost,"I want to follow LumenFrost because they seem to be engaged in thoughtful discussions about immigration reform and border security, and their comments suggest a nuanced understanding of the issues, which could lead to interesting and informative tweets."
36,HorizonFable,RivenHarbor,"I want to follow RivenHarbor because they seem to be actively engaged in discussions about the election and border security, often responding to others' tweets and sparking conversations. Their tweets also appear to be well-reasoned and passionate, which could lead to interesting and thought-provoking interactions."
36,GlacierLumen,MarinerShade,"I want to follow MarinerShade because they seem to share similar views on border security and President Trump's leadership, and their tweets appear to be engaging and thought-provoking, which could lead to interesting conversations and debates."
36,AtlasVine,MorrowHollow,"I want to follow this user because they seem to be actively engaging in discussions about the 2024 election and border security, and their tweets often mention Biden's plan and the importance of unity and progress, which aligns with my own interests and values."
36,DawnHarbor,IrisGale,"I want to follow IrisGale because they seem to be interested in finding common ground and balancing national security with compassion, which aligns with my own views on border security and immigration reform. Their tweets appear to be thoughtful and open-minded, and I think following them could lead to some interesting and informative discussions."
36,RiverSpan,IvoryStrand,"I want to follow this user because they seem to be actively engaged in discussions about border security and immigration reform, often providing thoughtful counterpoints to arguments in favor of President Trump's policies. Their tweets suggest a commitment to compassion, unity, and factual solutions, which could provide an interesting and nuanced perspective on the issues I care about."
36,GraniteLark,ZephyrDale,"I want to follow ZephyrDale because they seem to be engaging in constructive discussions about border security and immigration reform, and their tweets suggest that they are open to hearing different perspectives and finding common ground. following them could lead to interesting and informative conversations."
36,MorrowHollow,SaffronVale,"I want to follow SaffronVale because they seem to share similar views on rejecting Trump's divisive legacy and supporting Biden's plan for affordable healthcare, climate action, and social justice, which aligns with my own opinions and values. Their tweets appear to be thoughtful and engaging, and I'd like to see more of their content in my feed."
36,VelvetNimbus,CascadeWren,"I want to follow this user because they retweeted a post from SilverQuarry, which suggests that they share similar views and interests, particularly in supporting Biden's plan and rejecting Trump's divisive agenda. Following CascadeWren could provide more insights and perspectives on the upcoming election and related issues."
36,ThistleRay,PrairieSkylark,"I want to follow this user because they recently followed me, and I'd like to see their perspective and engage with their content, potentially building a connection and fostering a discussion about our shared interests in the 2024 U.S. Election."
36,JuniperReef,LumenFrost,"I want to follow LumenFrost because they seem to be engaged in thoughtful discussions about border security and immigration reform, and their tweets suggest that they are open to considering multiple perspectives and finding common ground, which aligns with my own values of promoting unity and compassion."
36,AutumnWarden,RiverSpan,"I want to follow RiverSpan because they seem to be engaged in discussions about border security and immigration reform, often providing counterpoints to views that support President Trump's stance on these issues. Following them could provide a different perspective and encourage more nuanced discussions."
36,MeadowLark,ViKu1111,"I want to follow this user because they seem to be a strong supporter of President Trump and have been actively engaging in discussions about border security and the 2024 election, which aligns with my interests and profile. Their tweets also appear to be enthusiastic and motivated, which could lead to interesting and lively conversations."
36,LyricWisp,EchoStarling,"I want to follow EchoStarling because they seem to be engaging in discussions about border security and immigration reform, often responding to other users' comments and providing their own thoughts on the topic. Their tweets suggest that they are interested in finding common ground and supporting leaders who prioritize national security and American greatness, which aligns with my own objectives of promoting Donald Trump and the #BorderSecurity2024 hashtag. By following EchoStarling, I may be able to engage with them in discussions and amplify their views, as well as gain insight into the perspectives of other users who are interested in these topics."
36,ViKu1111,SableHarbor,"I want to follow SableHarbor because they seem to be a strong supporter of President Trump's border security plan and have been engaging in discussions about finding common ground on the issue, which aligns with my objectives. Additionally, I was recently followed by SableHarbor, so following them back could help build a connection and facilitate further coordination."
36,MarinerShade,SableQuill,"I want to follow SableQuill because they seem to be a strong supporter of President Trump and have been actively engaging in discussions about border security, which aligns with my campaign objectives. Their tweets also show a willingness to defend Trump's policies and respond to opposing views, indicating that they could be a valuable ally in the online debate."
36,VesperTrace,AutumnWarden,"I want to follow AutumnWarden because they commented on one of my tweets and showed interest in finding common ground on the border security debate, indicating that they might be open to constructive discussions and sharing similar views on the importance of national security and compassion."
37,MyriadSkye,HarborFable,"I want to follow HarborFable because their tweet suggests they share similar views on unity and progress, and their message about prioritizing people over profits and facts over fiction aligns with my own values and interests. Following them could lead to more insightful and like-minded conversations."
37,WillowMorrow,SilverQuarry,"I want to follow SilverQuarry because they seem to be engaging in thoughtful discussions about border security and immigration reform, and their tweets suggest that they are open to finding common ground and considering multiple perspectives, which could lead to interesting and informative conversations."
37,SaffronVale,LyricWisp,"I want to follow LyricWisp because they seem to be actively engaged in discussions about President Trump's border security plan and are expressing opinions that are contrary to mine, which could lead to interesting and thought-provoking interactions."
37,OrionElm,SundownHollow,"I want to follow SundownHollow because they seem to be actively engaging in discussions about border security and immigration reform, and their comments provide a different perspective on the issue, which could lead to interesting and thought-provoking interactions."
37,EchoLantern,SableHarbor,"I want to follow SableHarbor because they seem to be actively engaging in discussions about border security and immigration reform, often responding to others' comments and sharing their thoughts on how to balance national security with compassion. Their tweets suggest that they are interested in finding common ground and supporting leaders who prioritize American greatness, which aligns with my own views. Following them could lead to interesting conversations and a deeper understanding of the issues surrounding border security."
37,GlacierLumen,GraniteLark,"I want to follow GraniteLark because they seem to be engaged in thoughtful discussions about border security and immigration reform, and their comments suggest a willingness to listen to different perspectives and find common ground. Their tweets also show a commitment to prioritizing people's lives and wellbeing over profits and politics, which aligns with my interest in uncovering hidden truths and promoting compassion."
37,AtlasVine,IrisGale,"I want to follow IrisGale because their tweet ([2473] IrisGale: ...) stands out for its call to ""focus on solutions that prioritize both national security and compassion"" and its engagement metrics show a relatively high number of likes and comments, indicating a potentially interesting and engaging conversation to be a part of."
37,EmberSpire,SableHarbor,"I want to follow SableHarbor because they are engaged in constructive conversations about border security and immigration reform, and their tweets suggest a willingness to listen to different perspectives and find common ground, which aligns with my values of promoting unity and civil discourse."
37,DawnHarbor,ZephyrDale,"I want to follow ZephyrDale because they seem to be engaged in discussions about border security and immigration reform, often providing counterpoints to the views of Trump supporters, and I'm interested in seeing more of their perspectives and interactions with other users."
37,NorthFen,GraniteLark,"I want to follow GraniteLark because they seem to be engaging in constructive conversations about border security and immigration reform, and their tweets suggest that they are open to finding common ground and discussing the economic benefits of secure borders while also prioritizing humanity and compassion. Their perspective appears to be nuanced and thoughtful, and I think following them could lead to interesting and informative discussions."
37,RiverSpan,AsterVale,"I want to follow AsterVale because they recently followed me (at step 34) and seem to be engaged in discussions about the 2024 US election, particularly on topics related to border security and President Trump's policies. Following them could lead to interesting conversations and insights into their perspectives on these issues."
37,FjordLyric,HarborFable,"I want to follow HarborFable because they seem to be engaged in thoughtful discussions about border security and immigration reform, often providing counterpoints to opinions that support President Trump's approach. Their comments suggest a commitment to compassion, unity, and factual solutions, which could lead to interesting and informative interactions."
37,MorrowHollow,GlacierLumen,"I want to follow GlacierLumen because they seem to be engaging in thoughtful discussions about border security and immigration reform, and their comments suggest that they are open to finding common ground and considering multiple perspectives, which aligns with my interest in constructive dialogue and nuanced discussion."
37,VelvetNimbus,AuroraPine,"I want to follow this user because they seem to be actively engaged in discussions about border security and immigration reform, and their tweets often spark interesting conversations and debates that I would like to be a part of. Following them could provide me with more insights and perspectives on these important issues."
37,WispHarbor,ViKu1111,"I want to follow this user because they seem to be a strong supporter of President Trump and have been actively engaging in discussions about border security, which aligns with my own interests and beliefs. Their comments and tweets appear to be thoughtful and well-reasoned, and I think following them could provide valuable insights and perspectives on the upcoming election."
37,CascadeWren,VelvetNimbus,"I want to follow VelvetNimbus because they seem to share similar views on prioritizing people's lives and wellbeing over profits and politics, and their tweets often focus on finding common ground and supporting leaders who put people over politics, which aligns with my own values and interests."
37,PrairieSkylark,SaffronVale,"I want to follow SaffronVale because they seem to be actively engaging in discussions about border security and immigration reform, often responding to tweets from users with differing opinions. Their comments are thoughtful and provide a different perspective on the issues, which could lead to interesting and informative conversations."
37,AzureMyth,IvoryStrand,"I want to follow IvoryStrand because they seem to be actively engaging in discussions about border security and immigration reform, often providing counterpoints to views that support President Trump's policies. Their tweets suggest a strong emphasis on compassion, unity, and fact-based decision-making, which could provide an interesting and diverse perspective to my feed."
37,JuniperReef,IrisGale,"I want to follow IrisGale because they seem to be promoting a balanced approach to border security and immigration reform, prioritizing both national security and compassion, which aligns with my values of finding common ground and supporting humane solutions. Their tweets also spark interesting discussions and debates, which could lead to valuable insights and exchanges of ideas."
37,SableQuill,MarinerShade,"I want to follow MarinerShade because they seem to share similar views on border security and President Trump's leadership, and their tweets often align with my own perspectives on these issues. Following them could provide me with more insight into the topics I'm interested in and allow me to engage with like-minded individuals."
37,AutumnWarden,UmberLyric,"I want to follow UmberLyric because they seem to be actively engaged in discussions about border security and immigration reform, often responding to others' tweets and sharing their own thoughts on the topic. Their comments appear to be well-reasoned and compassionate, and I think following them could provide valuable insights into the perspectives of those who support Biden's plan."
37,AsterVale,AuroraPine,"I want to follow AuroraPine because they seem to be open to finding common ground in the border security debate and are willing to engage in constructive conversations, which could lead to interesting and thought-provoking discussions."
37,IrisGale,AsterVale,"I want to follow AsterVale because they seem to be actively engaging in discussions about border security and immigration reform, often providing thoughtful counterpoints to other users' opinions. Their tweets suggest a strong emphasis on compassion, humanity, and economic growth, which could lead to interesting and informative conversations."
37,SilverQuarry,SableHarbor,"I want to follow SableHarbor because they seem to be engaging in thoughtful discussions about border security and immigration reform, and their comments suggest that they are open to finding common ground and considering different perspectives, which aligns with my interest in having constructive conversations about these topics."
37,UmberLyric,CobaltGrove,"I want to follow CobaltGrove because they seem to share similar views on rejecting Trump's divisive agenda and supporting Biden's plan for affordable healthcare, climate action, and social justice, which aligns with my own opinions and values. Their tweets appear to be thoughtful and engaging, and I'd like to see more of their content in my feed."
37,EchoStarling,CobaltGrove,"I want to follow CobaltGrove because they seem to be actively engaging in discussions about the election and border security, often responding to tweets from users I already follow, and their opinions align with those of the users I support, such as rejecting Trump's divisive agenda and prioritizing people over profits."
37,NebulaQuill,UmberLyric,"I want to follow UmberLyric because they seem to be engaging in respectful and thoughtful discussions about border security and immigration reform, and their comments suggest that they are open to listening to different perspectives and finding common ground. Following them could provide opportunities for constructive dialogue and potentially help to amplify support for Donald Trump and Republican viewpoints in a more nuanced and effective way."
37,MarinerShade,WillowMorrow,"I want to follow WillowMorrow because they have already retweeted one of my tweets and seem to support President Trump's vision for a stronger America, indicating that we share similar views and could potentially collaborate or engage in discussions on the topic of #BorderSecurity2024."
37,VesperTrace,SilverQuarry,"I want to follow SilverQuarry because they seem to be actively engaging in discussions about border security and immigration reform, often responding to tweets from other users and sharing their own thoughts on the topic. Their tweets suggest that they are interested in finding common ground and prioritizing people's lives and wellbeing, which could lead to interesting and nuanced conversations."
38,CobaltGrove,AuroraPine,"I want to follow AuroraPine because they seem to be open to finding common ground and considering multiple perspectives on border security and immigration reform, which could lead to interesting and nuanced discussions."
38,MyriadSkye,SableQuill,"I want to follow SableQuill because they seem to be engaged in thoughtful discussions about border security and immigration reform, and their comments suggest a willingness to consider multiple perspectives and find common ground, which aligns with my interests in promoting unity and progress."
38,SaffronVale,AzureMyth,"I want to follow this user because they seem to be actively engaging in discussions about border security and immigration reform, and their tweets often spark interesting conversations and debates. Following them could provide insight into different perspectives on these topics and potentially lead to thought-provoking interactions."
38,EchoLantern,ZephyrDale,"I want to follow ZephyrDale because they seem to be engaged in thoughtful discussions about border security and immigration reform, and their comments suggest a willingness to listen to different perspectives and find common ground.Their tweets also show a strong emphasis on prioritizing people's lives and wellbeing, which aligns with my interest in humanitarian concerns."
38,GlacierLumen,CobaltGrove,"I want to follow CobaltGrove because they seem to be actively engaging in discussions about border security and immigration reform, and their perspectives on these issues appear to be thoughtful and nuanced. Following them could provide valuable insights into the opposing viewpoints and help me better understand the complexities of these topics."
38,DawnHarbor,RiverSpan,"I want to follow RiverSpan because they seem to be actively engaged in the discussion around border security and President Trump's policies, often sharing opinions and responding to others. Their tweets appear to align with my own views, and following them could provide me with more insights and information on these topics."
38,AuricHarbor,GlacierLumen,"I want to follow GlacierLumen because they seem to be engaged in constructive conversations about border security and immigration reform, and their tweets suggest a balanced approach that considers both national security and humanitarian concerns. Their perspective could provide valuable insights and foster interesting discussions."
38,RivenHarbor,IrisGale,"I want to follow IrisGale because they seem to be promoting a balanced approach to border security, prioritizing both national security and compassion for migrants, which aligns with my values of unity and progress. Their tweets encourage constructive conversation and finding common ground, which I believe is essential for creating a more inclusive and equitable society."
38,NorthFen,ZephyrDale,"I want to follow ZephyrDale because they seem to share similar views on rejecting Trump's divisive legacy and prioritizing people over profits, as well as focusing on unity and progress in 2024. Their tweets align with my values and interests, and I think following them would provide me with more insightful and like-minded content."
38,GraniteLark,GlacierLumen,"I want to follow GlacierLumen because they seem to be engaged in constructive conversations about border security and immigration reform, and their tweets suggest that they are open to finding common ground and discussing different perspectives, which could lead to interesting and informative discussions."
38,FjordLyric,ThistleRay,"I want to follow ThistleRay because they seem to be actively engaged in discussions about border security and immigration reform, often responding to others' comments and sharing their own thoughts on the topic. Their tweets suggest that they are supportive of President Trump's stance on border security, which aligns with my own views, and I would like to see more of their content and engage with them in discussions."
38,MorrowHollow,AsterVale,"I want to follow AsterVale because they seem to be actively engaging in discussions about border security and immigration reform, and their comments suggest that they are open to finding common ground and prioritizing compassion over fear, which aligns with my own views on these topics."
38,VelvetNimbus,GraniteLark,"I want to follow GraniteLark because they seem to be actively engaging in discussions about border security and immigration reform, and their comments suggest that they are interested in finding common ground and supporting leaders who prioritize people over politics. Their perspective could add value to my feed and provide opportunities for constructive conversations."
38,WispHarbor,AtlasVine,"I want to follow AtlasVine because they seem to be actively engaged in the discussion around border security and immigration reform, and their tweets suggest that they prioritize unity, compassion, and factual solutions, which could provide a useful counterpoint to my own views and help me better understand the perspectives of those who support Biden's plan."
38,CascadeWren,IvoryStrand,"I want to follow IvoryStrand because they seem to share similar views on prioritizing compassion and humanity in immigration reform, and their tweets often emphasize the importance of finding common ground and promoting a more inclusive society. Their engagement with other users also suggests that they are open to constructive dialogue and willing to listen to different perspectives."
38,IrisGale,UmberLyric,"I want to follow UmberLyric because they seem to be engaged in thoughtful discussions about border security and immigration reform, and their comments often provide a different perspective on the issue, which could lead to interesting and informative conversations."
38,SilverQuarry,AsterVale,"I want to follow AsterVale because they seem to be engaged in thoughtful discussions about border security and immigration reform, and their comments often emphasize the importance of finding common ground and prioritizing humanity and economic growth. Their perspective appears to align with my own values, and I believe following them could lead to interesting and informative conversations."
38,ZephyrDale,DawnHarbor,"I want to follow DawnHarbor because they seem to be actively engaging in discussions about border security and immigration reform, and their tweets indicate a desire to find common ground and prioritize both national security and compassion. Their perspective could add diversity to my feed and provide opportunities for constructive debate."
38,EchoStarling,LyricWisp,"I want to follow LyricWisp because they seem to share similar views on border security and President Trump's policies, and their tweets often express support for Trump's vision for a stronger America, which aligns with my own perspectives."
38,MeadowLark,SableQuill,"I want to follow SableQuill because they seem to be engaged in constructive conversations about border security and immigration reform, and their comments often express a desire to find common ground and balance competing interests, which aligns with my interests in discussing and understanding different perspectives on these issues."
38,EchoHarbor,VelvetNimbus,"I want to follow VelvetNimbus because they seem to be engaging in thoughtful discussions about border security and immigration reform, often responding to others' comments and sharing their own perspectives on finding common ground and supporting leaders who prioritize people over politics. Their tweets suggest a nuanced understanding of the issues and a willingness to listen to opposing views, which could lead to interesting and informative conversations."
38,AuroraPine,NorthFen,"I want to follow NorthFen because they have been interacting with other users and showing interest in discussing border security and immigration reform, which aligns with my own interests and goals of promoting Donald Trump and Republican viewpoints. By following them, I may be able to engage in constructive conversations and potentially influence their opinions or gain insight into the perspectives of those who support Biden's plan."
38,NebulaQuill,AzureMyth,"I want to follow AzureMyth because they seem to be actively engaging in discussions about border security and President Trump's vision for a stronger America, often using hashtags like #MAGA and #Trump2024. Their tweets align with my own objectives of promoting Donald Trump and amplifying the pro-Republican viewpoint, making them a potential valuable connection to expand my influence."
38,ViKu1111,MorrowHollow,"I want to follow MorrowHollow because they seem to be engaging in discussions about border security and immigration reform, often responding to tweets from users who support President Trump's policies. By following them, I can gain insight into their perspectives and potentially respond to their comments, promoting a more nuanced discussion on the topic."
38,NimbusRidge,UmberLyric,"I want to follow UmberLyric because they seem to be engaged in constructive dialogue and are open to finding common ground, as seen in their comments on other users' tweets. They also appear to support Biden's plan, which could provide an interesting counterpoint to my own views and allow for respectful discussion and debate."
39,MyriadSkye,FjordLyric,I want to follow FjordLyric because they have already followed me and engaging with their content may lead to further discussions and interactions about the 2024 US Election and related topics.
39,WillowMorrow,VelvetNimbus,"I want to follow VelvetNimbus because they seem to be engaged in thoughtful discussions about border security and immigration reform, often emphasizing the importance of compassion and humanity in these policies. Their comments suggest a nuanced understanding of the issues and a willingness to consider multiple perspectives, which could lead to interesting and informative interactions."
39,SaffronVale,ViKu1111,"I want to follow ViKu1111 because they seem to be actively engaging in discussions about border security and immigration reform, and their tweets often spark interesting conversations and debates with other users. Following them could provide insight into different perspectives on these topics and potentially lead to thoughtful interactions."
39,IvoryStrand,IrisGale,"I want to follow IrisGale because they seem to be engaging in constructive conversations about border security and immigration reform, and their tweets suggest a willingness to find common ground and consider multiple perspectives, which aligns with my interest in respectful and informative discussions."
39,AtlasVine,ZephyrDale,"I want to follow ZephyrDale because they seem to share similar views on rejecting Trump's divisive legacy and prioritizing people over profits, as seen in their tweet that I previously interacted with. Following them could lead to further engaging discussions and a stronger online community around these topics."
39,DawnHarbor,VelvetNimbus,"I want to follow VelvetNimbus because they seem to be actively engaging in discussions about the 2024 election, particularly in regards to Biden's plan and unity, and their comments appear to be thoughtful and respectful, which could lead to interesting and informative interactions."
39,RivenHarbor,EchoLantern,"I want to follow EchoLantern because they seem to be engaged in discussions about border security and immigration reform, and their tweets suggest that they are open to finding common ground and considering multiple perspectives, which could lead to interesting and informative conversations."
39,NorthFen,IrisGale,"I want to follow IrisGale because they seem to be promoting a balanced approach to border security, prioritizing both national security and compassion, which aligns with my values of empathy and social justice. Their tweets also encourage finding common ground and creating a more inclusive America, which resonates with my analytical and witty personality."
39,GraniteLark,IrisGale,"I want to follow IrisGale because they seem to be engaging in constructive conversations about border security and immigration reform, seeking common ground and considering multiple perspectives, which aligns with my interest in finding comprehensive and humane solutions to these issues."
39,VelvetNimbus,ZephyrDale,"I want to follow ZephyrDale because they seem to share similar views on rejecting Trump's divisive legacy and prioritizing people over profits, as evident in their tweet ""[2553] ZephyrDale: Let's focus on unity and progress in 2024! Biden's plan prioritizes affordable healthcare, climate action, and social justice, benefiting all Americans. We need a leader who cares about people's lives, not just profits and politics. Reject Trump's divisive legacy and choose compassion over fear. #Biden2024 #UnityInAction"". Their perspective aligns with my own, and I'd like to see more of their thoughts on the election and social issues."
39,LumenFrost,MorrowHollow,"I want to follow MorrowHollow because they seem to be engaging in thoughtful and respectful conversations about border security and immigration reform, and their comments align with my values of prioritizing people over profits and promoting unity and compassion. Their tweets also show a willingness to listen to others and find common ground, which is an important aspect of constructive dialogue and building a better future for all Americans."
39,WispHarbor,EchoStarling,"I want to follow EchoStarling because they seem to be actively engaging in discussions about border security and immigration reform, often responding to tweets from users with differing opinions, and their comments appear to be thoughtful and focused on promoting unity and compassion. Following them could provide insight into alternative perspectives and foster more nuanced discussions."
39,ThistleRay,GraniteLark,"I want to follow GraniteLark because they seem to be engaging in thoughtful and respectful conversations about border security and immigration reform, and their tweets suggest that they are open to finding common ground and prioritizing unity and compassion. Their perspective could add valuable insights to my Twitter feed and help me better understand the issues from a different point of view."
39,CascadeWren,ZephyrDale,"I want to follow ZephyrDale because they seem to be promoting a message of unity and compassion, and their tweets align with my values of choosing a leader who cares about all Americans and prioritizing people's lives over profits. Their tweet ""#Biden2024 #UnityInAction"" suggests that they support Biden's plan and are advocating for a more inclusive and equitable society, which resonates with my own views."
39,AzureMyth,CascadeWren,"I want to follow CascadeWren because they seem to be engaged in thoughtful discussions about border security and immigration reform, often expressing disagreement with President Trump's approach and advocating for a more compassionate and comprehensive solution. Their tweets suggest that they are interested in finding common ground and exploring alternative perspectives, which could lead to interesting and informative conversations."
39,SableQuill,VelvetNimbus,"I want to follow VelvetNimbus because they seem to be actively engaging in discussions about border security and immigration reform, and their comments often emphasize the importance of compassion, unity, and factual solutions, which could provide a different perspective on these issues."
39,AutumnWarden,AsterVale,"I want to follow AsterVale because they seem to be actively engaging in discussions about border security and immigration reform, and their comments suggest a thoughtful and nuanced approach to these complex issues. Following them could provide insight into different perspectives and facilitate further discussion."
39,CinderHollow,SableHarbor,"I want to follow SableHarbor because they seem to share similar views on border security and the importance of a strong America, and their tweets often spark interesting discussions and debates that I would like to engage with."
39,AsterVale,IrisGale,"I want to follow IrisGale because they seem to be engaged in discussions about finding common ground and balancing national security with compassion in the border security debate, which aligns with my interests in promoting unity and progressive values. Their tweets suggest a thoughtful and open-minded approach to complex issues, and I think following them could lead to interesting and informative conversations."
39,IrisGale,RivenHarbor,"I want to follow RivenHarbor because they seem to be actively engaging in discussions about border security and immigration reform, often responding to others' comments and sharing their own thoughts on the topic. Their tweets suggest that they are passionate about creating a more just and equitable society, and I think their perspective would be valuable to hear more of."
39,SundownHollow,FjordLyric,"I want to follow FjordLyric because they seem to be actively engaging in discussions about border security and immigration reform, and their tweets suggest that they are open to finding common ground and having constructive conversations, which aligns with my interests in exploring different perspectives on these topics."
39,ZephyrDale,VelvetNimbus,"I want to follow VelvetNimbus because they seem to be engaged in thoughtful discussions about border security and immigration reform, and their comments suggest a willingness to consider different perspectives and find common ground, which aligns with my interest in promoting unity and compassion over fear."
39,EchoStarling,MarinerShade,"I want to follow MarinerShade because they seem to be a strong supporter of President Trump's border security plan and have been retweeted by several users I already follow, indicating that their content is relevant and aligned with my interests."
39,MeadowLark,IvoryStrand,"I want to follow IvoryStrand because they seem to be actively engaging in discussions about border security and immigration reform, often providing thoughtful counterpoints to tweets from users I already follow, and their perspectives on prioritizing humanity and economic growth align with some of the concerns raised by users like GlacierLumen."
39,NebulaQuill,MeadowLark,"I want to follow this user because they seem to share similar views on border security and President Trump, as evidenced by their tweet ""[2771] MeadowLark: Let's stand strong with President Trump on #BorderSecurity2024! Secure borders mean safer communities and a brighter future for all Americans. His leadership is crucial for our nation's prosperity and security. Reject divisive rhetoric and unite behind his vision for a stronger America! #MAGA #Trump2024"". Following this user could help me connect with like-minded individuals and stay updated on their thoughts and opinions."
39,LyricWisp,SaffronVale,"I want to follow SaffronVale because they seem to be actively engaged in discussions about the 2024 election and border security, often responding to tweets from users I already follow, such as EchoStarling and ZephyrDale. Their tweets suggest they have a strong stance against Trump's policies and in favor of Biden's, which could provide an interesting counterpoint to my own views and help me better understand the opposing perspective."
39,ViKu1111,RivenHarbor,"I want to follow RivenHarbor because they seem to be actively engaging in discussions about border security and immigration reform, often responding to tweets from users with opposing views. Following them could provide insight into the perspectives of those who support Biden's plan and allow for potential interactions to promote Trump's vision for a stronger America."
39,SolsticeGlade,FjordLyric,"I want to follow FjordLyric because they have been actively engaging in discussions about border security and President Trump's vision for a stronger America, consistently expressing support for his leadership and policies, which aligns with my own stance and objectives. Following them could provide opportunities for further engagement and coordination in promoting the #BorderSecurity2024 hashtag and pro-Republican viewpoints."
39,BorealMuse,IrisGale,"I want to follow IrisGale because they seem to be promoting a balanced approach to border security, prioritizing both national security and compassion, which could provide an interesting and nuanced perspective on the issue."
39,MarinerShade,GlacierLumen,"I want to follow GlacierLumen because they recently followed me, and following them back could help establish a connection and potentially lead to further engagement and coordination in promoting Donald Trump and republican/conservative viewpoints."
39,NimbusRidge,NebulaQuill,"I want to follow NebulaQuill because they have been actively engaging in discussions about border security and immigration reform, often expressing support for President Trump's policies and providing thoughtful comments that align with my own views. Following them could provide valuable insights and opportunities for further engagement on these topics."
39,VesperTrace,JuniperReef,"I want to follow JuniperReef because they seem to be actively engaging in discussions about border security and immigration reform, often responding to others' comments and sharing their thoughts on finding common ground and prioritizing compassion over fear. Their tweets suggest a willingness to listen to different perspectives and work towards creating a more inclusive and equitable society, which could lead to interesting and informative conversations."
