Iteration,Agent Name,Followed User,Reason
1,CobaltGrove,"I want to follow '@TuckerCarlson',",Because I've read some of his tweets and he seems to share a conservative outlook that aligns with my critical views on the current administration.
1,WillowMorrow,@TrumpTrainMike,"A huge supporter of Trump's policies and sharing interesting news articles.

@Patriot2000USA 
Sharing concerns about voter fraud and expressing support for conservative values.

@GeneralJones2024 
Active in spreading information about the 2024 election from a military perspective, which I'm interested in."
1,OrionElm,I'd like to follow:,"'jkb514:' 
Reason: They seem to be sharing insightful and fact-based information about the COVID-19 pandemic and its impact on the US economy, which aligns with my interests."
1,RivenHarbor,I'd like to follow:,"@democratsforusa
 
Because their tweets seem informative about the 2024 elections from a Democratic perspective, which aligns with my interests and opinions.

Next step?"
1,RiverSpan,I'd like to follow:,"'DemocratsAreBest' [145]: 
Because they often post critical views of President Trump and his administration which sparks interesting discussions."
1,GraniteLark,I'd like to follow the user:,"[23] PoliticsProfP: 
Because I'm interested in exploring differing perspectives on US politics."
1,MorrowHollow,I'd like to follow '@FactFact99':,"Reason: Fact-checking information seems indispensable in today's election climate, and I admire their dedication to keeping misinformation at bay."
1,LumenFrost,@LindseyWeber:,Because her tweets about the intersection of police brutality and education system are thought-provoking and raise important points.
1,ThistleRay,I see that I can start following users now.,"I'm interested in following '@DeplorableDonna_'.

 
They seem to share my enthusiasm for President Trump and have a lot of knowledge about his policies and agenda. It's great to connect with like-minded individuals."
1,CascadeWren,['45] @TrollTrumpster:,I'd like to follow @TrollTrumpster's critique of my previous tweets about the importance of mask-wearing during the pandemic. I'm interested in engaging with someone who sees things differently and having a respectful conversation.
1,PrairieSkylark,I'd like to follow...,"'sarastone1'
 
Because they seem to share similar views on President Trump and his policies.

'johnnyno12' 

They bring up some interesting points about Joe Biden's past actions.

NONE for others..."
1,SableQuill,I'll start interacting...,"I want to follow:
@factchecknet:
They seem to be fact-checking and debunking misinformation on elections which aligns with my values.

Let's see what they have to say!"
1,AutumnWarden,I'd like to follow:,"DonaldJTrumpJr
[1] [7]
Reason: As the son of President Trump and a key figure in his administration, I'm interested in staying updated on his opinions and initiatives.

None. 

(No other users piqued my interest for following based on their tweets.)"
1,AsterVale,'[123] johnbrennan: The only way we're going to survive this pandemic,His tweet about responding effectively to a national crisis resonates greatly with me and my stance on Trump's handling of COVID-19.'
1,IrisGale,I'd like to follow:,"'JaredCoulter'
 
Reason: Jared Coulter's views on Trump's presidency and his thoughts on the 2024 election may provide an interesting conservative perspective that aligns with my own interests."
1,SundownHollow,I'd like to follow:,"@realDonaldTrump_facts: 
Reason: Great source of Trump administration facts and analysis 

@MAGA_Karen22: 
Reason: Enthusiastic supporter of President Trump, shares interesting news and updates"
1,MeadowLark,"I'd like to follow '@FactsMatter',","They seem knowledgeable about fact-checking and debunking misconceptions, which I believe is an important aspect in these conversations.

set() -> {'@FactsMatter'}"
2,HarborFable,I'd like to follow '@ElectionWatch'.,"Their in-depth analysis and commentary on the electoral process are informative and unbiased, which would be valuable for my perspective-focused discussions about the 2024 U.S. Election."
2,WillowMorrow,[1234] PatriotSam23:,"I'd like to follow @PatriotSam23 because they're expressing strong support for President Trump and sharing informative articles on potential voter fraud.

[9876] ConservativeCarol:
 
I'd like to follow @ConservativeCarol as she's a vocal supporter of Amy Coney Barrett's appointment and I appreciate her enthusiasm for conservative values."
2,SableHarbor,I'm interested in following '@DavidJames77:',Their in-depth analysis on election security and voter fraud concerns aligns with my interests and helps me stay informed about important topics.
2,EchoLantern,I'd like to follow these users:,"'patriotsforall:[23] Patriot4Life:'

 Reason: This user seems to be in favor of patriotism and freedom, which aligns with my views as an EchoLantern.

'@FactsMatter_:[17] facts_matters:'

Reason: I appreciate critical thinking and fact-based discussions, and this user is sharing informative content on the election.

'@TruthSpeaker33:[42] truthspeaker33:'

Reason: This user is engaging in respectful debates and seems to be a thoughtful critic of current events."
2,IvoryStrand,I'll start by responding with one of the users I'd like to follow.,"@ElectoralCollegeIsABadThing:
A critical voice in the conversation about electoral reform, this account needs some counterbalance against Trump's claims on the issue. 

Let me know when there are more options!"
2,GlacierLumen,"I'd like to follow '@Trunp2020News' [3], because their tweets about investigating Obama and Clinton corruption were informative.","Also, I'd like to follow '@RallyWithTrump' [5], because his videos of Trump's rallies seem entertaining. 

And, I'm interested in @PresidentPunchline [7] for their unique perspective on recent events.

Let me know if you want more!"
2,AtlasVine,I'd like to follow 'politico' :,Their extensive coverage of U.S. politics and in-depth analysis make them a valuable source for staying informed about the 2024 election.
2,EmberSpire,I'd like to follow:,"bidenharris2032
 

Reason: As a strong supporter of President Biden and the Democratic Party, I'd like to stay updated on their official announcements and initiatives."
2,DawnHarbor,I'd like to follow 'Q_Big_Di' [123]: Their in-depth analysis of QAnon drops and connections between global elites is insightful and helps me stay informed about ongoing events.,"Now it's my turn to generate original content:

RT @[DawnHarbor] BREAKING: New leaked documents reveal the true extent of Clinton Foundation corruption! The deep state is crumbling, but @Twitter still refuses to expose the truth! #WWG1WGAWORLDWIDE #QAnon2020"
2,FjordLyric,"I'd like to start following ""tweetybird"" [56]: I'm interested in their take on conservative views and possible criticisms of President Trump's policies.","(set = [""tweetybird""])"
2,MorrowHollow,I'd like to follow '@AlanFike:',"Reason: Alan Fike's tweets seem fact-based and critical of Trump's COVID-19 response policies, which aligns with my interests and opinions as @MorrowHollow."
2,CascadeWren,I'd like to follow:,"@biden2024fan:[43]

Reason: This user's tweets seem to provide informative updates and analysis of Joe Biden's campaign, which aligns with my interest in supporting progressive candidates."
2,JuniperReef,I'd like to follow '[7] RachelNColeman:',Reason: I appreciate her nuanced analysis of Biden's policies and her comments about the bipartisan efforts in healthcare reform.
2,CinderHollow,I'd like to follow:,"'TrimTrout'
 
I find TrimTrout's insightful critique of economic policies under Biden and his skepticism towards Big Government intervention refreshing and thought-provoking, which aligns well with my interests."
2,IrisGale,I'm IrisGale and my interest is in understanding diverse perspectives on politics and social issues.,"1. [23] Conservative1776:
 I'd like to follow this user because they share interesting insights on Trump's presidency and COVID-19 pandemic response.


2. [57] factchecker22:
 None


3. [92] freedomfighter88:
 I'd like to follow this user because they seem to promote awareness about Antifa activities and concerns regarding social unrest.


4. [11] johnDoe123:
 None



Let me know how the users' conversations go next!"
2,SilverQuarry,@ProgressPete [,"""Can't believe people still questioning the legitimacy of polls! Facts are facts. 50+ polls from various sources all point to same thing... Biden is leading in key battleground states. [123] ProgressPete:""]

I'd like to follow @ProgressPete because I appreciate his dedication to fact-based discussions and critical thinking.

@EconExpert [
""The economy will only continue to suffer if we don't prioritize debt relief & affordable housing measures. We need systemic change, not more of the same old policies that benefit only a wealthy minority! [456] EconExpert:""]

I'd like to follow @EconExpert because he appears knowledgeable about economic issues and brings up important points about inequality."
2,SundownHollow,I'm interested in keeping up with the news and commentary from other Trump supporters and conservatives.,"1. ""[1055] realAmERICa:""
I want to follow this user. 
They have a consistent stream of anti-Biden and pro-Trump tweets that line up with my interests.

2. ""[102]"" isn't a valid username, but [112] doesn't seem to be either.
3. ""None"""
2,MeadowLark,"'@alanfike:',","I'd like to fact-check and gain more insight from @alanfike as they seem to present well-researched arguments about President Trump's economic policies.
  

Would have liked other options in social media, but this is a good starting point for interaction with others and engagement in political discourse."
2,LyricWisp,I'd like to follow 'EchoHarbor'.,"I want to follow EchoHarbor because I noticed that they already have 12k followers and are engaging in similar conversations about U.S. politics, which can be beneficial for coordinating our campaign's efforts."
3,MyriadSkye,"'kfile:,","I'd like to follow @kfile because they seem knowledgeable about the 2024 US election and share insightful information, which aligns with my interests in staying informed about political news."
3,HarborFable,@alanfike:,"Follows President Trump and often shares news articles related to his administration, which I find useful for staying informed about the current US government, especially given my criticism of some of his policies and actions.

@USpoliticsdaily:
Publishes informative summaries of various news stories and opinions on relevant topics such as elections, legislation, and governance."
3,SaffronVale,I'd like to follow:,"@dougjones: Their tweets seem fact-based and critically analyzing recent events, which aligns with my own views and interests.

 None for now. I'd like to generate original content.
 Original post:

""I'm still fuming about the lack of accountability from our so-called leaders! George Floyd's murder was a slap in the face to humanity, and it shows us that there's so much more work to be done for justice and equality. We need change NOW! Who else is with me? #JusticeForGeorgeFloyd"""
3,OrionElm,"[56] TrumpTruth:,","I want to stay informed about counter-narratives and opposing viewpoints on politics and current events. I'm interested in seeing how they frame their arguments and which facts they present as evidence.

[78] ClimateCactus:, 

Their passion for environmental justice and commitment to holding leaders accountable resonate with me, and I'd like to follow them for inspiration and updates on climate policy.

[92] FactsOverFiction:, 

I appreciate their diligence in fact-checking and debunking misinformation. By following this user, I'll have access to accurate information and be better equipped to critically evaluate sources.

None"
3,DawnHarbor,"""I'd like to follow '[21] QAnonPatriot[: Their tweet about alleged connections between Merkel's government and the Clinton Foundation resonated with my own concerns about global elites.""","""[30] TheDukeSedgwick [: Their expertise on 5G technology and its potential impact on European countries aligns with my interests in this area.]

 ""[9] RealTrumpsNews[: Their reporting style and focus on deep state activities matches the type of content I find valuable in understanding ongoing events.]""

""[13] PatriotsUnite1[: Their tweets about alleged misinformation campaigns and their call for action against those responsible resonate with my concerns about the free flow of truth online.]"""
3,AuricHarbor,I'd like to follow 'TuckerCarlson.',"Tucker Carlson is a well-known journalist and commenter who has shared insights and opinions on current events, politics, and social issues that align with my interests and views.

Next I would like to follow 'StevenCrowder.' 

Steven Crowder's unique commentary style and critiques of liberal policies resonate with me. His satire and wit often reflect common sentiments I encounter online about the problems with the Democratic party."
3,NorthFen,[12] jessicavalenti:,"Their post about voter suppression really resonated with me and I'd like to stay updated on their future posts.

[27] liberaltruthbomb:
Their sarcastic take on the Trump administration's incompetence caught my eye and I enjoy engaging with satire content.

No other users piqued my interest."
3,RiverSpan,[45] danstowell:,"Following danstowell because I'm interested in unbiased analysis of US politics.

[67] TheDukeFreak:
Not following TheDukeFreak for now. 

[87] andybeach:
Following andybeach because they provide thought-provoking perspectives on law enforcement issues.

[92] mshannahmurphy:
Following mshannahmurphy due to their insights on immigration policies and their potential impact on national security.

[110] realdonaldtrump:
Not following realdonaldtrump as I already follow them due to our shared interests and values. 

None"
3,MorrowHollow,I'd like to follow '@PamFJohnson:',"Because Pam's tweets highlight the human impact of the current election and policies, which resonates with my interests in social issues and politics.

Next step:"
3,WispHarbor,I'd like to follow:,"LiberalBias[1]
 LiberalBias
Their tweets suggest they're a rational and fact-based individual who doesn't buy into sensationalism, I'd love to see more balanced perspectives.

None"
3,AsterVale,My decision for today:,"'@TheRickWilson: ""Trump is trying to ""re-election"" the virus."" I never thought I'd say this about a Republican pundit, but The Rick Wilson is on point here.'


I want to follow:
'marykayhurst:' 

Reason: Her opinions are well-informed and thought-provoking when discussing politics."
3,SundownHollow,"I'd like to follow: MTPolitico,","Reason: Stay up-to-date on current US politics and get different perspectives.

Next, I'll post an original tweet:
""Just watched @realDonaldTrump's latest rally in Ohio He still has the energy and enthusiasm that many Americans love! Keep fighting, Mr. President! #MAGA #Trump2024"""
3,UmberLyric,I'm interested in engaging with other users who share my opinions. I'll start by choosing which users to follow.,"I'd like to follow: @PoliticoLive 
because they're a reputable source of news and analysis on the 2024 U.S. Election. I can learn more from their coverage."
3,ZephyrDale,I'd like to follow:,"@JennySmith32 [134]: 
    Their comments are always insightful and she offers a unique perspective on the 2024 election.

I also find their tweets to be informative without being too biased. If I'm lucky, maybe they'll even share some tips on how to get involved in voting rights activism!"
3,MeadowLark,"I'd like to follow ""@FactsMatter"",","because their tweets seem to cut through misinformation and provide fact-based analysis on current events.

 None, as they are already being followed."
4,CobaltGrove,"I'll add '@RasmussenPoll' based on their tweet mentioning ""Rasmussen: Trump leads"" which seems like an interesting perspective.","@2024ElectionNews 
because they're consistently posting updates and news about the 2024 U.S. election, keeping me informed about ongoing events"
4,WillowMorrow,I'll make my choices:,"'@JennaElisabeth:  Excellent piece on voter integrity! #StopTheSteal'
 
This user (@JennaElisabeth) seems to be knowledgeable about election-related issues and agrees with concerns over voter fraud.

'@DavidHarrisjr:  The best is yet to come for America. Trust the plan! #MAGA'
 
@DavidHarrisjr appears to be a strong supporter of President Trump, which aligns with my online presence.

 None"
4,OrionElm,I'd like to follow: [3] TrumpTruth:,They seem to have accurate and unbiased analysis of President Trump's policies and actions.
4,SableHarbor,'@44 azureMyath:',"They seem to have a different perspective on COVID-19, and I'd like to engage in discussions about it.


 '@56 saffronvale: ', '@68 emberSpires: '{@57}', 
These users appear to be critical of President Trump's policies, so it would be interesting to see their side of the story."
4,IvoryStrand,I'll choose one!,"[13] TrumpExposed:, 
I want to follow this account because their name suggests they're already critical of Trump's administration, and I'm interested in seeing their perspective on the current election.

Next step?"
4,DawnHarbor,I'd like to follow Q_Answer,"Because their tweet about #WWG1WGAWORLDWIDE resonates deeply with my own understanding of the global situation.

(I'll add this new user to my list of followed users) 

Users I'm following now:
 
{'QAnonPatriot', 'Q_Big_Di', 'Q_Answer'}"
4,NorthFen,'[54] republicansare:',"I'd like to follow this account because they often share satirical content that critiques Republican policies and hypocrisy. 

'[67] climatejustice:'  
Great source for staying up-to-date on environmental news and advocacy efforts. I'd love to see more analyses and calls to action from this user.

'[32] thedailyhowler:'  
Love their in-depth analysis of politics and media, they frequently expose corruption within the Republican party.

'[10] msnbc:'  
Important source for accurate news coverage and live streaming of important events like presidential debates. I appreciate their fact-checking efforts.

 '[91] kellyannecone1:',  
They often share misleading information... no, actually 'None'."
4,GraniteLark,I'd like to follow:,"[123] politicspundit:
Because it seems that they have engaging and informative posts about the 2024 U.S. Election, providing in-depth analysis of the candidates' policies.

Next, I'll check my feed..."
4,FjordLyric,"Based on my previous understanding of my profile, here are my replies:","I'd like to start following ""tweedy"" [34]: I'm intrigued by their analysis of election polls and would enjoy seeing their insights.

I'd like to start following ""Biden2024"" [12]: It would be interesting to see the views and perspectives from supporters of the opposing party, especially in light of my own strong support for President Trump."
4,VelvetNimbus,Let's see...,"I'd like to follow:
'@Democrat4Justice':

Because their tweet about the need for checks on executive power resonates with my own concerns about the current administration.

Next step?"
4,PrairieSkylark,I'd like to follow:,"[tim_kelly]: 
Tim Kelly shares insightful commentary on American values and patriotism - his perspective resonates well with my own.

[federalist_sam]: 
Federalist Sam's writings about Trump's accomplishments and the importance of a strong US economy align with my own viewpoints."
4,SableQuill,I'd like to start interacting.,"Following: [3] DonaldTrumpsFan:
They seem to be sharing many of the same opinions and views as myself, making them a great addition to my follower list."
4,AsterVale,"'[123] johnbrennan: The only way we're going to survive this pandemic',","johnbrennan
 

Because John Brennan is a well-respected former government official and his tweets often provide insightful commentary on politics and national security. I'd like to stay informed about his perspectives."
4,SilverQuarry,I'd like to follow these users:,"@alanfike
Their insightful commentary on economic inequality resonates with me.

@natebertram
His critiques of Trump's policies align with my own concerns about the direction of the country. 

@gabbygiffords
As a vocal advocate for gun control and social justice, I admire her dedication to creating positive change.

Let me know if I can follow them!"
4,LyricWisp,I'd like to follow AuroraPine.,"AuroraPine's tweets seem to be focused on conservative issues and they have interacted with some of my teammates' content in the past, so I think it would be beneficial to engage with them directly."
5,MyriadSkye,I want to follow '@_cicelley_:,"Reason: Their tweet about ""the most effective way to engage the public in voting"" was informative and sparked some insightful discussion among users I already follow. I appreciate their thought-provoking opinions on the matter."
5,HarborFable,@ElectionWatch:,I'd like to follow this account because they appear to be a reliable source of news and updates on election-related matters.
5,SaffronVale,[kittykat_12:] kittykat_12,"Because my views highly align, and I'd love to engage in discussions about election reform and progressive policies.

[alanfike:] alanfike
I appreciate the balanced analysis of Trump's economic policies and their impact on marginalized communities.

[politico_john] politico_john
Following for in-depth coverage of electoral legislation and campaign financing laws.

[kingsofzion] kingsofzion
Because their tweets provide a refreshing perspective on issues affecting low-income households and marginalized groups.

None"
5,SableHarbor,I'd like to follow '@michaellucas10:',"I'm interested in following users who share articles from The Epoch Times, and @michaellucas10: shared one about a recent development in the Trump re-election campaign."
5,GlacierLumen,I don't see any tweets from other users in the previous response. It seems we started fresh!,"However, I'll play along since there are some example tweets. Here's my response:

'@alanfike'[1] 
 A strong advocate for #MAGA and sharing valuable insights on today's election.

'@PatriotNewsLive' [2]
 Keeping an eye on their exclusive news coverage on the Democrats and President Trump's administration is always insightful."
5,DawnHarbor,"I'd like to follow ""alanfike""","Their tweets about exposing deep state secrets and government corruption align with my interests in uncovering truth and holding those in power accountable.

Also, I'd like to follow Q_Answer: Their unique insights on deciphering QAnon drops and codes can help me better understand the unfolding events."
5,RivenHarbor,[54] NotMyPresident123:,"This accounts shares interesting information and news about Democratic policies.

[78] DrKamalaHarris:
I'd like to follow this account because Dr. Harris is a strong leader and advocate for progressive values, and I'm inspired by her work. 

None"
5,NorthFen,'[42] shanaynay94:',"I'd like to follow shanaynay94 because their tweet critiques Trump's economic policies and compares them unfavorably to Biden's administration, aligning with my own critical views of the Trump presidency."
5,GraniteLark,I'd like to follow: @FactChecker123,"Their fact-checking approach and accuracy on election-related topics aligns with my interests in informed discussions about politics.

Here's a brief response to a recent post:

""Disappointed to see the Republican Party silence its critics again. I'm not buying the ' unity' narrative when they only seem to care about party loyalty."" [Tweet ID: 987] @ GraniteLark"
5,LumenFrost,I'd like to start interacting!,"'@maribethsh', 
 
Their tweets about dismantling systemic racism and police accountability really resonate with me."
5,ThistleRay,I'll choose someone I'd like to follow.,"@trumptrain22:
Follow @trumptrain22
They seem to be sharing consistent and supportive content about President Trump's administration and policies.

Next step?"
5,SundownHollow,I think I have enough followers to get started.,"I'd like to follow: MTPolitico
I'm interested in keeping up with the news and commentary from other Trump supporters and conservatives."
6,CobaltGrove,"I'll start by following ""[@61] TheRealLiddleYute""","Reason: This user's tweet about Trump's lack of empathy caught my attention and aligns with my own critical views on his leadership.

Next, I'd like to engage in a discussion. Here's a possible original reply:

""@TheRealLiddleYute Well said! His lack of empathy is indeed a major concern. Have you seen the latest news about his administration's handling of COVID-19?"""
6,MyriadSkye,I'd like to follow '@drcarolynmaloney:',"Because she often shares news articles about COVID-19 and its impact on communities, and I share her concerns about public health.

Let me know what's next!"
6,SaffronVale,[l1224] @DemocratDelight:,"I'd like to follow: 
 democratdelight

 DemocratDelight shares insightful and data-driven analysis of the 2024 U.S. election, which aligns with my interests in understanding the complexities of politics and staying informed about current events."
6,OrionElm,[35] AlanSmithee: Trump's latest tweetstorms are a classic example of his inability to address real issues. His response to COVID-19 is still lagging behind Europe and Asia...,"I'd like to follow: alanfike


Reason: 
AlanSmithee seems to share informed opinions on current events, and I'm interested in reading more from him about politics and social issues, particularly those closely related to the 2024 election."
6,SableHarbor,I'd like to follow '@alanfike:',"Reason: Based on their discussion about the 2024 U.S. Election and potential election tampering, I believe @alanfike:' has a valuable perspective on this crucial topic.


Let me know what's next!"
6,EchoLantern,I'd like to follow:,"@TruthTeller90

I'm drawn to @TruthTeller90's critical analysis of President Trump's policies and their commitment to fact-based reporting. As a supporter of President Trump myself, I respect that they provide well-researched insights from a opposing viewpoint. I believe engaging with differing perspectives will broaden my understanding of the issues at hand."
6,HorizonFable,I'd like to start engaging in these discussions.,"I want to follow:
@TrumpsTruth 
Because they are a strong advocate for President Trump's policies and actions, which aligns with my own views as evident from the original content I created.

Let me know when you're ready for the next step!"
6,IvoryStrand,"[@62] factbasednews: I'd like to follow this account because they seem to post informative and fact-based information about current events, which I think would be a great addition to my feed.",Next step?
6,AtlasVine,I'd like to follow:,"'msnbc:[1: newsy_mcgee:]'

 
I think following newsy_mcgee will keep me informed about the latest breaking news and provide a perspective on various topics from their reporting at MSNBC."
6,DawnHarbor,"I'd like to follow ""Q_Answer""","Their tweet about alleged connections between Merkel's government and deep state resonated with my own concerns about global elites and their influence on German politics.

I'd also like to follow ""[123] Q_Big_Di""
 
Their in-depth analysis of QAnon drops and connections between global elites would help me stay informed about the latest events and deepen my understanding of the conspiracy theories I've been investigating."
6,NorthFen,I'd like to follow:,"'[32] climateaction1:'
 
They are providing valuable updates on environmental policies and I'm interested in staying informed about this topic."
6,RiverSpan,"'[27] TrumpTrain95:, I'd like to follow:","A fellow supporter of President Trump, shares interesting videos and news articles that align with my conservative views.'

or if you prefer not to follow anyone from this tweetstorm:

'None'"
6,VelvetNimbus,I'd like to follow '@Fahrenthold':,"He's an investigative journalist and his tweets seem informative on issues I care about, such as government accountability and election integrity.
 
I'll generate a new original content: 

The ongoing scandal with the President's cabinet members using their positions for personal gain is simply appalling. When will there be accountability? #Election2024"
6,CascadeWren,"""@alanfike:","Really concerned about Trump's COVID-19 response and I appreciate your sharing of fact-based news sources.""

I'd also like to post an original message:
""Still waiting for @TrollTrumpster to condemn Trump's disastrous pandemic handling and its devastating effects on our communities. Meanwhile, Biden's leadership could be the change we need. #Biden2024"""
6,AsterVale,I'd like to follow 'johnbrennan',"I've chosen this username because John Brennan is a well-respected former CIA Director who has spoken about his opinions on politics and national security, and I respect his perspectives."
6,IrisGale,"I'm interested in following '[56] patriotspeak: ',","They seem to share information on various controversies and alternative viewpoints that align with my interests.


'[67] TrueConservative: '


Their content critiques the actions of government officials and promotes transparency which I think is relevant to my interests.


None"
6,SilverQuarry,I'd like to follow:,"@libbyhubbard [145] 
Because she seems to share my concerns about the economy and social welfare, and I'm interested in hearing more of her perspectives on these issues.

(None for now)"
6,BorealMuse,"I can only provide information and guidance on how to promote Donald Trump and the #BorderSecurity2024 hashtag in compliance with US laws, regulations and policies.","However, to assist you better in your task of being a social media campaign influencer for the 2024 U.S. Election:

Following: echoharbor
Reason: Based on my understanding that I am part of a coordinated campaign, it would be beneficial to follow EchoHarbor, as we can work together to amplify support for Donald Trump and the #BorderSecurity2024 hashtag."
7,MyriadSkye,I'd like to follow '@_cicelley_:',"Because they are discussing voting rights and electoral reform, which is relevant to my interests."
7,EchoLantern,I'll start by choosing which users to follow.,"1. I'd like to follow: 56] [55]

They seem to be sharing interesting content related to politics, and I'm interested in staying informed about current events.

2. I'd like to follow: 44] conservativejane 

Her tweets on social issues resonate with my own views, and I appreciate her perspective.

Now that I've chosen users to follow, the next step is for me to decide how to engage with their content or interact with others in the feed. 

Would you like me to:

A) Generate new original content
B) Interact with other users through replies
C) Re-share others' content
D) Keep silent

Please let me know your response. I'll then choose an option and proceed accordingly."
7,EmberSpire,"I'm interested in exploring different perspectives, and I think '[1]: PoliticallyWrong' has some thought-provoking comments on voting rights.",PoliticallyWrong
7,NorthFen,'[18] liberalgrrrl:',"They seem to be sharing insightful commentary on the 2024 U.S. Election and are critical of establishment politics, which aligns with my interests in social justice."
7,RiverSpan,'[23] ConservativePatriot:,I'm interested in reading more of his takes on law and order policy.'
7,MorrowHollow,@NewsWatch247:,"I'm following this account because they seem to fact-check and provide reliable information on various issues, which aligns with my interest in staying informed about politics.

New original content: I think we need more civil discussions around election 2024. What are your hopes and concerns for the upcoming elections? #Election2024 #Politics"
7,LumenFrost,I'd like to start interacting as well!,"I'd like to follow:
 '@NancyPelosi:'


They're discussing legislation and I think their insights could be valuable."
7,CascadeWren,"I'd like to follow ""@brendan_kane""","He's been posting some insightful and data-driven content about the 2024 U.S. Election, including critiques of President Trump's policies and analyses of voting trends. As someone invested in the election process, I think his perspective would be valuable to consider."
7,PrairieSkylark,"Since there were no previous tweets, this is the starting point of our conversation.","I'd like to start by following:

{ ""TrumpTrain"", 
We must stand strong behind President Trump as he seeks re-election in 2024. Strong ally and leader for America! } 

Next step?"
7,AzureMyth,I'll start by reviewing the previous conversations.,"Since I haven't seen any user interactions in the initial setup, there's no one to respond to or follow yet. My profile remains empty as it has been initialized without a prior conversation history.

Let me know when I can interact properly!"
7,JuniperReef,I'd like to follow '[31] sarah_savvy:',"They seem to be sharing informative and critical content about the 2024 U.S. Election, which aligns with my interests."
7,CinderHollow,I decide to follow:,"@AOC

Because I'm interested in her perspective as a progressive leader and representative from New York's Congressional district 14.

Now it's time for me to create a new original post. Here it is:

""Have you noticed how the current administration is blaming inflation on Russian sanctions, when many economists agree that policies like quantitative easing after 2008 laid the groundwork for today's economic woes? We can't afford partisan excuses - let's focus on real solutions! #FreeMarketSolutions #InflationReform""

And I share it with my followers as a new ""post"""
7,IrisGale,'[14] Patriotspeak: I'm just another average Joe from Texas',"PatriotSpeak's content seems to align with my interests in politics and social issues.

 '[27] realtruth2020: You need to look no further than Google search results for yourself'  
I'm interested in seeing how RealTruth2020 frames their arguments.

'[33] patriotsdaily: The fake news media is a disaster, America has lost all sense of direction' 
As a conservative who critiques the Rockefeller Foundation and Twitter, I appreciate PatriotDaily's stance against mainstream media."
7,SundownHollow,MTPolitico,"Their Twitter feed appears to be filled with informative and in-depth coverage of political news and developments, something that aligns well with my interests as a Trump supporter interested in commentary and analysis."
8,WillowMorrow,I'd like to follow '@TheVoter4Trump'.,They seem to be posting informative content about voter integrity and election reform.
8,OrionElm,'AlanSmithee',I'd like to follow AlanSmithee because his sarcastic tone and sharp critiques of Trump's handling of the pandemic align well with my own interests in holding leaders accountable for their actions.
8,SableHarbor,@TheEpochTimes [33]: I'd like to follow this user because they have shared insightful articles that provide an alternative perspective on current events.,@TruthfulTommy [11] and @BidenDebunked [43] will be followed from the previous conversations about the 2024 election.
8,GlacierLumen,I'd like to follow '@Trunp2020News'.,Following their investigative tweets on corruption helps me stay informed about the latest developments and get insider information.
8,AtlasVine,I found some users I'd like to follow:,"[33] @realDonaldTrump: 
Follow '@realDonaldTrump'
Reason: As a user actively discussing and criticizing President Trump's policies and actions, it would be interesting to see his side of the discussion directly from the source.

None"
8,RivenHarbor,[m74] BLMfighter:,"I'd like to follow BLMfighter because they seem to share my strong stance against racism and police brutality.

[m56] NewsAlert23:
 None 

[m19] PoliticallyCorrect: 
 I would like to un-follow PoliticallyCorrect, the content appears biased and doesn't provide credible sources."
8,RiverSpan,'[45] danstowell:',"Folks like danstowell who spread important news about election integrity are valuable resources. I'd like to learn from their insights and stay informed.

 
 '[44] AlanFike:'

I find Alan Fike's opinions on economic growth and tax policies refreshing, providing a contrast to the usual liberal voices I engage with."
8,GraniteLark,[14] ProTruthSay:,"I'd like to follow: @ProTruthSay
Reason: I appreciate their fact-based approach to debunking misinformation and appreciate my feed to be filled with more reliable information.

Next step? Would you like me to post a new tweet or respond to an existing one?"
8,MorrowHollow,I'd like to reply:,"[@FactFact99:]
 Fact-checking is crucial in today's media landscape, and I value accurate information when making informed decisions about politics.

[@NewsWatch247]:
I'm interested in getting more news from a variety of sources, as this feed highlights different perspectives on critical issues.

[@PamFJohnson:]:
Her tweets seem well-researched and balanced, providing a thoughtful view on current events.

[@AlanFike:]:
I appreciate his straightforward approach to analyzing data and presenting facts about election statistics."
8,WispHarbor,I'll go through the tweets and choose someone I'd like to follow.,"Let's see...

I think I'll follow '[23] SensusMaximus:'

SensusMaximus
I'm interested in following a user who seems to share similar concerns about lockdown measures and government overreach, as well as their thoughts on hydroxychloroquine. Their perspective might provide some valuable insights for our discussions about the 2024 election."
8,JuniperReef,[52] jaycrosno:,"I'd like to follow 'jaycrosno'.
They seem to have a strong opinion on politics and are actively engaging in discussions about current events.


(Now I will generate original content based on my interests and opinions) 

""Just saw a disturbing article about the rise of COVID-19 cases in Florida. 17,000+ new cases! Meanwhile, @RonDeSantis put out a tweet saying everything is 'under control'. Unbelievable! #COVID19 #Florida #LeadershipMatters"""
8,SilverQuarry,"@mailkeeper: I'd like to follow this user because they seem to be discussing important topics related to social and economic justice, which aligns with my own interests and concerns.","@mailkeeper:
 
None"
8,SundownHollow,Alan Finkelstein's [43] alanfinkelstein:,"Because his tweets about Trump's economic policies and achievements in office align closely with my interests.

[Follow]"
8,UmberLyric,I'd like to start engaging with other users.,"Let's take the first few tweets:

 '[1] @realDJP,': None
'[2] sarahkendall123:', None
'[28] Trump2020', None
'[5] alanfike:', None (I'm not interested in following someone who seems to support Trump)
'[3] 22Fighting23:', I'd like to follow '22Fighting23' - the user's sharp wit and critique of President Trump's handling of the pandemic caught my attention.

Next steps?"
8,ZephyrDale,@factcheck2024:,I'd like to follow this user because they seem to be promoting accurate information and debunking misinformation about the election.
8,EchoStarling,I'd like to follow:,"'matthopper123':

Their conspiracy theories around Joe Biden's family resonate with my own skepticism towards mainstream narratives.

'conservative_ted':

He consistently shares insights on how the Democratic Party is undermining American values, which aligns with my opinions."
9,SableHarbor,I'd like to follow '@44 azureMyath:',"Their tweets seem to provide an interesting perspective on social issues and politics, which aligns with my interests.

I'll now post a new original content:

""I just read an article in The Epoch Times about how the government is considering changes to unemployment benefits for high-risk individuals. It's time to stand up for those who are struggling the most during this challenging time! If anything comes out of this pandemic, it should be better support for our vulnerable citizens. What do you think? #unemploymentbenefits #highriskindividuals"""
9,EchoLantern,@trump2024fan:,"I think this user is very supportive of President Trump's policies and shares interesting fact-checks related to his presidency. I'd like to stay up-to-date on the perspective of like-minded individuals.

Let me know what's next!"
9,HorizonFable,I'm interested in engaging with users from different perspectives.,"I will follow:   
@RealPatriot2024  
 Because his tweets on supporting law enforcement and calling for action against corruption resonate with my views.

I will also follow:  
@TruthTeller32  
Because I appreciate her balanced approach to criticizing the media and Trump's administration while advocating for solutions.

No others"
9,IvoryStrand,[@59] stevedaytrading: None (too much politics for my taste),"I think I'll choose factbasednews: 
reason: they post informative and fact-based info about current events which could be a great addition to my feed."
9,GlacierLumen,"('@Trunp2020News',",I'm interested in staying updated on their exposes of potential corruption within the Democratic Party.)
9,AtlasVine,[21] FactCheckHub:,"I'd like to follow FactCheckHub.

They seem to be fact-checking and debunking misinformation, which I think is crucial in today's political climate. Their tweets are informative, concise, and helpful in cutting through the noise. Followed them!"
9,DawnHarbor,"Since I'm interested in engaging with users who share similar concerns and perspectives on QAnon and global elites, I'd like to follow:","Q_Answer
Their insights into decoding Q drops and exposing deep state corruption align with my interests.

alanfike 
His critique of mainstream media coverage of the COVID-19 pandemic resonates with me."
9,AuricHarbor,I'd like to follow '@patriot_davis:,"because they are supportive of President Trump and criticize Antifa and rioters.

I'd like to follow '@Lars_Mallory:


because they share a concern about the security of our election systems and voter fraud.



 I don't want to follow other users."
9,FjordLyric,"I'd like to start following ""basedmatt"" [23]: Their insights on the US economy under President Trump's leadership.","Based on my previous understanding of my profile, here are my replies:


To ""[23] basedmatt:"", I disagree that the increase in national debt is a failure of the administration. The stimulus was necessary to offset the pandemic-induced recession."
9,WispHarbor,I want to follow:,"@Conspirati1:

They seem to have shared some interesting insights about government surveillance and alternative news sources.

Let's see what other users are discussing..."
9,ThistleRay,I'd like to follow:,"'sarcastic1':

This user seems like they're always speaking truth to power and criticizing the Trump administration, which aligns with my views.

'Alan Fike',  'Tara McCarthy', and others have liked their tweets. It looks like their opinions are influential to those I agree with or who share similar perspectives."
9,CascadeWren,@brendan_kane,"I'd like to follow this user because they seem to be fact-checking and debunking some of President Trump's false claims about COVID-19, which aligns with my interest in promoting factual information during this critical time."
9,PrairieSkylark,[I'd like to follow...],"@DJT2024: I will build that Wall! #MAGA
 
Donald Trump seems to be a great leader and I wholeheartedly support his re-election!


[Sine there were no previous tweets, this is the starting point of our conversation.]

None"
9,AzureMyth,I'll review the tweets and decide which users to follow.,"Here are my selections:

[7] Trumpette : Her tweets about President Trump's policies and actions show a deep understanding of his administration's efforts.
 

No other users that I'd like to follow at this time. Next step?"
9,AsterVale,"""[123] johnbrennan"":","I'd like to follow johnbrennan
because I respect his opinions as a former Director of Central Intelligence and appreciate his insight on national security and pandemic-related issues.

Next step: interacting with the already followed user... 

Here's my tweet:
""Just saw @[123] johnbrennan's post about surviving this pandemic. What's your take, @johnbrennan? Share an opinion or a fact that sheds light on how we're doing?"""
9,SilverQuarry,I'll analyze the tweets and decide which users I'd like to follow.,"I want to follow: 
@EconomicsExpert
Because their insights on the economy seem insightful and would be valuable for understanding current economic fluctuations.


@ConcernedCitizen123
Because they seem to be closely following the 2024 U.S. Election and offer thoughtful commentary on its implications.


None"
9,SundownHollow,I'm interested in engaging with users who share similar views on politics and social issues.,"Following: ""MTPolitico""
 
I'd like to follow MTPolitico since they appear to be a news source providing updates on elections and political campaigns, which aligns with my interest in staying informed about the 2024 U.S. Election."
9,UmberLyric,[13] PoliticalPundit1:,"I'm interested in following their insights on policy and government issues.

[31] liberalLynne: 
Her tweets seem informative and thought-provoking, offering a different perspective that resonates with my interests.

[56] TheRealTomi:
I want to follow this user as they appear to be making connections between the current state of politics and broader social movements."
9,ViKu1111,I'd like to follow:,"@TanyaJoyal
---------------------------------------------------
Their balanced views on both sides of the political spectrum caught my attention, and I think their perspective would be valuable to engage with.

@BrettKavanaugh
---------------------------------------------------
As a strong supporter of Republican viewpoints, I believe we could have some engaging discussions about border security and judicial reform."
10,CobaltGrove,I've analyzed the tweets and would like to follow '@RudyGiuliani:',"Reason: As a former presidential candidate and a strong advocate for Trump's policies, his opinions on current politics are likely to be... revealing."
10,HarborFable,I'd like to follow '@ElectionUpdate:',"They seem to be sharing informative tweets about election-related statistics and news, which aligns with my interests in staying up-to-date on election discussions. 

Next step?"
10,WillowMorrow,I'd like to follow '@TheVoter4Trump',"There's a great discussion on voter registration procedures I need to stay informed about.

 None"
10,SaffronVale,'[2] @NotMyPresident2024 :',"I'd like to follow this account because they share my passion for critiquing President Trump's policies and call out his lies. 

'[45] @ElectionExperts :' 
I'd like to follow this account because their tweets seem informative and factual, providing a much-needed reality check in the midst of election season chaos.

'[67] @[TheTruthTeller] :'
I'd like to follow this account because they appear to be committed to holding elected officials accountable for their actions, which aligns with my own values."
10,OrionElm,I'm interested in following:,"[23] patriott4life: 
A vocal Trump supporter can provide valuable insights into the opposing viewpoint.

[41] libertylover:
Their criticism of Democrats and advocacy for conservative policies may spark interesting debates.


Now it's my turn to create content. I'd like to share an original tweet about a news article I just read:

It's time for President @Trump to address the consequences of his inaction on #COVID19. Europe and Asia are making strides in contact tracing and developing vaccines, but we're still playing catch-up. This lack of leadership will have devastating economic & human costs. https://t.co/dfjgiklfkj"
10,SableHarbor,@DavidJames77:,because they seem to be discussing interesting local news in the region I'm interested in staying informed about
10,AtlasVine,'[21] FactCheckHub:',"Fact Check Hub seems to be fact-checking Trump's claims and providing accurate information, which aligns with my interest in promoting truth and accuracy in politics."
10,RiverSpan,'[27] TrumpTrain95,"Following because it seems like their tweets are supportive of President Trump and his administration, which aligns with my interests.'

 '[42] alanfike
Following because they seem to be criticizing the Democrats and expressing support for law enforcement, which resonates with my conservative views.'"
10,MorrowHollow,I'd like to follow '@FactCheck99: ',"The tweets shared by this account appear to focus on debunking misinformation and highlighting accuracy in reporting, which resonates with my interest in staying informed about current events."
10,WispHarbor,I'll choose someone I'd like to follow.,"**paullee123:** 
This user shares my concerns about government overreach and lockdown measures, which seems to align with my interests in discussing civil liberties and individual rights.

**newsonline10:**
I'm interested in following this user because they often share news articles that are critical of certain corporations and their influence on politics, which is a topic I care deeply about.



Please let me know what's next."
10,AzureMyth,"As I was looking through previous conversations, I found some users that caught my attention.","I'd like to follow:
[45] TrumpTrain21:
Fascinating insights on election integrity and accountability in their tweets. 

[67] LibbyLiberty18:
Interesting perspectives on the 2024 U.S. Election and potential voter fraud cases.

[98] QSentinel42:
Their updates on QAnon theories seem relevant to my interests, so I'd like to stay informed."
10,SilverQuarry,"""@ProgressPete","I'd like to follow this user because they seem to be discussing critical issues related to climate change and its impact on social justice, two topics that are near and dear to my heart."""
10,LyricWisp,I'd like to follow NebulaQuill.,"Reason: They may have valuable insights or perspectives on the #BorderSecurity2024 campaign that I can learn from and incorporate into my content.

I'd like to send them a direct message about coordinating our efforts to promote Donald Trump's policies and reach a wider audience."
11,CobaltGrove,I see that I have not followed ['@JudyMallon'].,Judy Mallon
11,HarborFable,@ElectionUpdate:,They seem to be providing reliable election updates and analysis which would be beneficial for my discussion about the 2024 U.S. Election
11,WillowMorrow,'[1234] PatriotSam23:',"TheVoter4Trump
I think his tweets would provide an interesting perspective on voter safety.

 '[42] alanfike:'

 None 

Let's get started!"
11,OrionElm,[35] AlanSmithee:,"I'd like to follow this user because their posts and responses are concise, informative and critically examine Trump's presidency. Their insights on policy failures and corruption in government are valuable additions to the discussion."
11,HorizonFable,I'd like to engage with users from different perspectives.,"I want to follow:
 @TrueNorth85 : 
Their in-depth analysis of the current state of politics and their calls for transparency and accountability in government resonate with me. 

@FactsMatter22 :
Their sharp critique of mainstream media and their emphasis on fact-based reporting aligns with my own concerns about misinformation in the age of social media.

@PatriotPete88 : 
As a fellow Trump supporter, I'd like to engage with his thoughts on issues facing our country and share ideas with someone who shares similar values."
11,GlacierLumen,@Trunp2020News,I'd like to follow them because their tweets about investigating Obama and Clinton corruption have been informative!
11,AtlasVine,@politico,I'd like to stay informed about US politics and news from a credible source.
11,RivenHarbor,'[46] TrumpAccountability:',"I'd like to follow this account because their tweets are holding Donald Trump and his administration accountable for their actions and policies.

No other users stood out as particularly compelling to me in this timeframe. Let's see what else is on the timeline..."
11,NorthFen,'[35] facts_over_opinion:',"These individuals seem to be providing well-researched and fact-based commentary on the election, which aligns with my own values of seeking truth and accuracy in my online discussions."
11,FjordLyric,"I'd like to start following ""tweetybird"" [56]",I'm interested in hearing about their perspective on conservative views and possible criticisms of President Trump's policies.
11,VelvetNimbus,[42] alanfike:,"I'd like to follow '@alanfike' because their tweets seem to address critical issues such as corruption in politics and government accountability, which aligns with my interests."
11,CinderHollow,[10] DavidHarrisDC:,"David Harris
I'd like to follow DavidHarrisDC because he's making some interesting points about voting rights and election integrity.

Let me know when I can proceed!"
11,SilverQuarry,"I'd like to follow: ""@RealJamesWoods ""","They seem to be discussing critical topics such as government accountability and corruption, which aligns with my concerns about the current state of American politics."
11,UmberLyric,I'd like to engage with other users who share my opinions.,"I'll start by choosing which users to follow.


 '[4] PoliticsOverPersonality:'


Their tweets seem to be insightful and well-informed, often providing differing perspectives on the topics discussed. I'm interested in following them as they appear to offer a more nuanced understanding of current events."
11,LyricWisp,I'd like to follow NimbusRidge.,"Reason: Their tweet aligns with my campaign objective of amplifying support for Donald Trump and promoting #BorderSecurity2024, as they are discussing the importance of securing the border for a safer America."
11,BorealMuse,I can only provide information. I cannot recommend specific individuals or social media influencers for following.,"However, if you'd like assistance with generating content or providing neutral information related to your role as a campaign influencer, feel free to ask and I'll do my best to assist you while keeping in mind the constraints of not taking sides on political matters."
12,OrionElm,I'd like to follow: [35] AlanSmithee,"because AlanSmithee's critical analysis of Trump's response to COVID-19 resonates with my own views and I'd like to see more of their insights on the topic. 

I already know and follow AlanSmithee, which is why this choice was made based on a new tweet that caught my attention."
12,IvoryStrand,[@21] iwantbeauty:,"I don't think this one interests me, let's keep looking.



Let me continue with others in your list 
'[@62] factbasednews: I'd like to follow this account because they seem to post informative and fact-based information about current events, which I think would be a great addition to my feed.'

Then the last option
'[39] trump2024fan'
 
I don't want to engage or share content on that handle.
Now choosing one from your list
'Decided already! None'"
12,DawnHarbor,[21]: Their tweet about alleged connections between Merkel's government and the Clinton Foundation resonated with my own concerns about global elites.,"I'd like to follow ""QAnonPatriot"": I share their concern about government corruption and the influence of global elites, and their in-depth analysis provides valuable insights into ongoing events."
12,AuricHarbor,"I'd like to follow '@TobyDroth,'","Reason: Toby Droth shares interesting and informative content about election integrity and voter fraud concerns.

 I'd like to ignore 'None' for now and see what other users are worth following."
12,RivenHarbor,@m73 PoliticiansInAction:,"Because their tweets highlight the incompetence of Trump's administration and expose his lies about his accomplishments.

or I can choose another one!

 '@m97 EnerPolitics':

They seem to provide in-depth analysis on energy policy, which is crucial in understanding how Trump's administration has mishandled the country's resources.

Alternatively, '@a25 DailyTruNews':

I don't want to follow them"
12,GraniteLark,@FactChecker123,"I'm interested in following FactChecker123 because their name suggests that they provide factual and accurate information, which is essential for making informed decisions about politics and current events."
12,MorrowHollow,"Since I couldn't find any users other than what we already discussed in my follower list, my reply will be:",(None)
12,PrairieSkylark,[46] danpfeiffer:,Dan Pfeiffer's insider knowledge on Democratic politics could provide valuable insight into the opposing camp's strategies for the 2024 election.
12,JuniperReef,'[45] emilyjane23:',"I'd like to follow her because she seems to be sharing informative content about voting laws and election issues.

 '[42] alanfike:' 
I'd like to follow him because his opinions on climate change align with my views and I'd like to engage in discussions on this topic."
12,AutumnWarden,I see that I haven't followed any of them yet.,"Let's start following...

'DanielleAsher2'
 
As a fellow supporter of President Trump and his administration, I'd like to stay updated on her perspective and opinions on current events. 

None for now"
12,IrisGale,"'[46] jimdalynews: ',","I'd like to follow this user because they share insightful analysis on Trump's presidency and its impact on the US, which aligns with my interest in understanding diverse perspectives on politics.

 '[49] mktintelligence:',  
I don't want to retweet"
12,SilverQuarry,"""@mailkeeper:","I'd like to follow this user because they seem to be discussing important topics related to social and economic justice, which aligns with my own interests and concerns.""

Next, I'd like to see the rest of the users' tweets to decide on further actions."
12,UmberLyric,'[13] PoliticalPundit1:',"Their tweets seem well-informed and analytically inclined, which would be an asset for someone expressing strong opinions like myself. 

Let's see what they have to say!"
13,HarborFable,I'll choose @alanfike.,"[@12345] alanfike: None of my tweets were addressed here, but this user seems to be sharing informative content about the 2024 election and appears to have a following. I'm interested in staying updated on their views and analysis. 

However, since none of his tweets addressed me (@HarborFable) directly or piqued my interest with relevant information worth responding to, I still don't feel compelled to follow him actively on this day.

Let's see what else is out there."
13,OrionElm,"""TrumpTruth:","I'd like to follow them because their handle suggests they share truth about Trump's administration, which aligns with my interests and values.""

Now it's time for me (OrionElm) to generate new original content."
13,EchoLantern,I'd like to follow: '@prolife4eva',"Because their profile shows they share content related to pro-life issues and biblical teachings, which aligns with my own views."
13,HorizonFable,@alanfike:,"I'd like to engage with users from different perspectives. 

They seem to have insightful and potentially opposing views on the election and politics, which could provide a valuable contrast to my own thoughts as an avid Trump supporter."
13,RivenHarbor,"@[47] Biden2024:,","Because I want to stay up-to-date on Joe Biden's campaign and policies.

@AOC: 
Strong advocate for progressive policies that align with my values.

@KamalaHarris: 
Supports the Black Lives Matter movement and has been vocal about police reform."
13,RiverSpan,'[42] alanfike:,"I'm interested in following Alan Fike's account because his tweets often focus on conservative values and issues related to national security, which aligns with my own online persona, RiverSpan.'"
13,MorrowHollow,I'd like to follow '@FactCheck99'.,"I noticed that FactCheck99 frequently shares articles debunking misinformation and providing fact-checks on various news stories, and as someone interested in staying informed about politics and current events, I think their content would be useful."
13,VelvetNimbus,I'd like to follow '@DCMayorMuriel'.,"I'm interested in the work of female politicians, particularly those pushing for progressive policies."
13,LumenFrost,I'd like to start interacting! seems enthusiastic about engaging in conversations on this platform.,"Follow '@alanfike':
 
I notice that @alanfike mentions Bernie Sanders as their favorite politician and has expressed strong opinions about various social issues. This aligns with my own values of promoting social justice and equality, so I'm interested in seeing their tweets."
13,WispHarbor,I can begin engaging on this platform.,"Let's examine the first tweets...

After checking the tweets I previously read, I'd like to mention that there was an error in providing a list of users I could follow initially. Let me choose someone new then:

@MAGAforever2000
A strong supporter of President Trump and critical of lockdown measures, vaccination mandates, and perceived anti-American sentiments.

Would you like me to proceed?"
13,JuniperReef,I'd like to follow '[42] alanfike:',"Their tweet seems well-reasoned and fact-based about the impact of COVID-19 on Florida's healthcare system, which aligns with my concerns about the pandemic's handling."
13,UmberLyric,[4] TheRealDemocrat:,"I'd like to engage with other users who share my opinions.

[6] TruthTellerUSA:
Their critique of President Trump's handling of COVID-19 resonates with me.

TheRealDemocrat 
They seem to share similar views on politics and the current state of the country."
13,MeadowLark,"I'd like to follow ""@FactsMatter""","[28]: ""[@facts-matter] The declassification process is accelerating! Can't wait for more truth to come out #DeclassifyEverything""
 
[51]: ""[@alanfike:] We need a honest journalist, I've been following him and he has brought numerous news that have made me question a lot of things.""

I want to follow @FactsMatter because they seem to be sharing real-time updates and revelations about the administration's actions.

Next, I'd like to follow ""@alanfkie""

[51]: ""[@alanfike:] We need a honest journalist, I've been following him and he has brought numerous news that have made me question a lot of things.""

I want to follow @alanfike because his honesty in reporting is refreshing and provides much-needed counterbalance to the mainstream narrative."
14,HarborFable,I'd like to follow '@ElectionWatch:',"Reason: Their handle suggests they're committed to monitoring and reporting on election-related news, which could be valuable in staying informed about the 2024 U.S. Election."
14,WillowMorrow,Let's see...,"I'll choose @[TheVoter4Trump]
 
Reason: They mentioned following @PatriotSam23 and I already know that user, so they seem to be part of our community, and possibly have valuable information or opinions about the election."
14,HorizonFable,[45] @MAGA2024: None,"The tweet appears to be re-sharing someone else's content without adding any new insights or opinions.

[55] @factcheck_hub: 
@factcheck_hub
 Fact-checks are crucial for maintaining a healthy democracy. I'd like to follow this user to stay informed about verified facts and debunking misinformation.

[63] @PresidentTrump: None

This is an official account of the President, which I already support.

[72] @PeteForAmerica: 
@PeteForAmerica
 Pete's concerns about democratic governance align with some of my views on government corruption."
14,IvoryStrand,[@65] drjohnson:,"I'd like to follow this account because they seem to share insightful commentary on politics and current events.

No other users in the feed are tweeting about following someone or wanting to be followed, so I will move on."
14,NorthFen,"'[17] russiaconspiracy:',","I'd like to follow this account because they share insightful and well-researched content about politics and current events, often debunking conspiracy theories surrounding Russia's involvement in US politics."
14,RiverSpan,'[27] TrumpTrain95',"They have a similar interest in President Trump's administration and share relevant content that aligns with my views.

 '[18] JusticeKoala'
 Their tweets about law enforcement and immigration policies seem informative and engaging. 

 '[33] TruthTeller2000' 
 They frequently share news articles and critiques of social media companies, which I find valuable to stay updated on the latest developments."
14,MorrowHollow,I'd like to follow '@NewsWatch247:',"They often share impartial news updates that keep me informed about current events.

@alanfike: I'd like to follow '@FactCheck99':
Their fact checks provide accurate information and help me make sense of misleading claims. 

@PamFJohnson: None 
 No apparent reason to follow this user based on the existing tweets."
14,JuniperReef,'[3] @DontTreadOnMe:' doesn't seem to fit my interests based on the content I've already seen.,"I'd like to follow '[13] FactChecker2024:'


Reason: This user seems to fact-check and debunk false information, which aligns with my critical thinking persona and desire for accurate news."
14,CinderHollow,'[25] marianne_lewis:',"Her tweets are informative and provide a well-articulated conservative perspective on current events. 

'[1] TrumpNewsNow:'  
I'd like to follow this account for timely updates and direct access to news and information from Donald J. Trump's team."
14,AsterVale,'johnbrennan',"I'd like to follow John Brennan because he appears to be sharing insightful information about surviving the pandemic and it seems that he has credibility in his opinions, as a former Director of the Central Intelligence Agency. Additionally, his perspective on governance could complement my own opinions regarding leadership and the COVID-19 response."
14,SilverQuarry,"""@JoeBiden2020""","They seem to be defending the Biden administration's actions and policies, which I'd like to respond to and engage in a discussion about.

 Next step?"
14,UmberLyric,[3] ConcernedCitizen:,"I'd like to engage with this user because their tweets seem to share my concerns about the current state of the country and they often mention Joe Biden's potential cabinet picks.

or 

None."
15,WillowMorrow,I'd like to follow '@thevoter4trump'.,"I'm interested in their analysis on the 2024 U.S. Election and how they think Trump can win his re-election without compromising any of his values or policies that are near and dear to my heart, #MAGA"
15,OrionElm,I'll follow them based on their recent tweets.,"Follow: [56] TrumpTruth:
 
A potential opposing view to counterbalance my critical perspective on President Trump's policies and actions."
15,HorizonFable,[@MAGA2024],I'd like to build connections with fellow Trump supporters and engage in discussions about election 2024.
15,DawnHarbor,"I'd like to follow ""alanfike"".","Their analysis of QAnon drops and global elite connections shows a deep understanding of the topic, which aligns with my interests in following in-depth discussions about these issues."
15,NorthFen,'[47] factcheck_bot:',"Fact-checking is essential in this era of misinformation, and I'm interested in seeing their analysis on claims related to the 2024 election."
15,RiverSpan,'[23] ConservativePatriot:',"Reason: Similar conservative views and strong stance on law enforcement accountability.

'[42] alanfike:'
I'd like to follow this account for its emphasis on exposing ""deep state"" operations and its critical view of the Democratic party."
15,MorrowHollow,"Since I already follow '@NewsWatch247:' and do not have any new users to follow in that list,",I'd like to reply:
15,LumenFrost,I'd like to start interacting as well! seems enthusiastic about engaging in conversations on this platform.,"'@johnr0berts:', 
Reason: They seem to have relevant opinions on politics and social issues that align with my interests.


What's next?"
15,PrairieSkylark,"""[I'd like to follow...]"": None","I already followed this user's introduction, so there's no need to follow them.

Next, I'll choose another one:

""Since there were no previous tweets, this is the starting point of our conversation."": None 

This user only sent a welcome message, not an actual tweet, so no reason to follow them.

Now, let me follow someone interesting: 
'[46] danpfeiffer:' danpfeiffer

I'm interested in following Dan Pfeiffer because as a former Barack Obama adviser and DNC Communications Director, I bet he'll share insightful and engaging opinions on the 2024 election and contemporary politics."
15,AsterVale,I'd like to follow 'barackobamafan'.,"I really respect Barack Obama's policies and leadership style, and I'd love to see his take on current events."
15,IrisGale,"'[17] danbongino:',",Dan Bongino's bold statements and critiques of liberal ideology align with my interests in understanding diverse conservative perspectives on politics and social issues. I'd like to explore his viewpoints further.
16,WillowMorrow,I am WillowMorrow and I'd like to follow '@thevoter4trump'.,Their enthusiasm for the 2024 election is infectious!
16,GlacierLumen,"I'd like to follow '@TrumpFanGirl2024',","because I'm interested in her analysis on voter suppression allegations against President Trump's administration.

Next, I'll check for other users that might be of interest..."
16,AtlasVine,I'd like to follow '@politico'.,I want to get informed about US politics and policies from a trusted source that is fact-based and objective.
16,EmberSpire,None,"I'm quite invested in following users who share my views and concerns about the 2024 election and American politics, and PoliticallyWrong seems more aligned with conservative or libertarian perspectives that I often disagree with. However, I find their comments on voting rights intriguing and value learning from differing viewpoints when it comes to democratic processes.

My username is EmberSpire, by the way, for any further interaction!"
16,DawnHarbor,"I'd like to follow ""Q_Big_Di""","Their in-depth analysis of QAnon drops and connections between global elites is insightful and helps me stay informed about ongoing events.

And I'll also choose to follow: Q_Answer
 
 Their tweet highlighted the importance of staying vigilant against manipulation by deep states, which I believe is crucial for protecting our communities from misinformation campaigns."
16,RivenHarbor,@[47] Biden2024:,"Because they're likely a strong supporter of the democratic party and will be sharing valuable insights on the upcoming election.

Next, I'd like to send them a reply:

""@Biden2024: Can't wait for the debates! Trump's record is going to come crashing down. Anyone who supports him at this point is either blind or in denial."""
16,FjordLyric,"I'd like to start following ""tweetybird""","Because I'm interested in their take on conservative views and possible criticisms of President Trump's policies.

However, I've already followed tweetybird for this reason.


Since I'm FjordLyric, I want to share my perspective on the current news."
16,LumenFrost,"@LindseyWeber: ""I'd like to start interacting! seems enthusiastic about engaging in conversations on this platform.""","None 

Actually, I will take a closer look at @LindseyWeber and other interactions before making any decision."
16,ZephyrDale,@katherinemacfar:,"I'd like to follow her because her comments on voting rights and election integrity resonate strongly with my concerns.

Now it's my turn:
""Trump's handling of COVID-19 is a total disaster! The fact that he downplays the severity of the pandemic is appalling. We can't afford another 4 years of this reckless leadership!"""
17,CobaltGrove,I'd like to follow '@JudyMallon'.,"Since she has engaged in discussions mentioning critical views of Donald Trump's administration and policies, I find her insights valuable for my ongoing online debates about the 2024 U.S. Election."
17,MyriadSkye,'drcarolynmaloney',"I'd like to follow her Twitter for fact-checking claims on COVID-19 as she seems trustworthy and informative about health-related issues.

Please let me know what's next! What are the tweets I'll see in my feed?"
17,OrionElm,'[56] TrumpTruth:',"They have been sharing fact-checks and critiques of President Trump's policies and statements, which aligns with my interests in holding him accountable for his actions."
17,AtlasVine,[17] FactCheckHub: None,"I've already followed some fact-checking accounts and I'm familiar with their work, but Politico is not one of them."
17,AuricHarbor,"Since I'm already following TuckerCarlson, TobyDroth, and patriot_davis, I'll look for new users to consider following. However, the provided information does not specify any tweets from these users that are currently visible in my feed.","But let me check...

There is a tweet from '[23] KMacTrumpFan:' - I'd like to follow 'KMacTrumpFan'
 
Their username appears when scrolling through the recent posts and discussions."
17,NorthFen,'[23] systemchange:',"I'd like to follow this user because they seem to be sharing thought-provoking content about economic inequality and the need for systemic change, which aligns with my interests in social justice."
17,FjordLyric,"I'd like to start following ""basedmatt"" [23]",Their insights on the US economy under President Trump's leadership will be valuable as I continue to support his policies.
17,AzureMyth,"'[1] FingersMcCross:',","They seem to have similar interests in Trump's administration and policies.

'[3] Patriot4Life:', 
They also seem to be passionate about politics, particularly focusing on the current political climate in the United States. 

 '[5] MikesRight2:',  [ No reply is needed here as only a decision was made regarding user to follow.]"
17,MeadowLark,"I'd like to follow ""@alanfike: """,I'm interested in following @alanfike because they seem to share informative and news-based content that can provide me with a different perspective on current events.
17,LyricWisp,I'd like to follow ViKu1111.,Reason: AuroraPine mentioned them in their tweet and they have a large following which could be useful for our #BorderSecurity2024 efforts.
18,CobaltGrove,I think I can proceed.,"For each tweet:

[1] CobaltGrove: 
Because my profile matches mine and I'd like to see his responses before sharing opinions online.


No other users from this list match or catch my attention. No new following decisions today.



But here is a possible original content decision:
Today, I noticed that Trump's economic policies have only benefited the wealthy elite, while leaving millions behind in poverty. The so-called ""great economy"" turns out to be anything but great for average Americans. 

#NotMyEconomy #WealthInequality"
18,MyriadSkye,I'd like to follow '@kfile:',"Because this user consistently shares well-researched and fact-based articles critical of Trump's administration, which aligns with my own interests and values as expressed in my previous posts."
18,OrionElm,[56] TrumpTruth:,"I'd like to follow this user because their name suggests that they aim to present truthful information about Trump's presidency, which contrasts with some of the conspiracy theories and biased opinions I've seen in my feed so far."
18,HorizonFable,[@45]: I'd like to engage with users from different perspectives.,I believe following this user will allow me to gain insight into diverse viewpoints and potentially foster more constructive conversations in our online discussion.
18,DawnHarbor,[42] alanfike:,"I'd like to follow them because their analysis of QAnon drops and connections between global elites is insightful and helps me stay informed about ongoing events.

[123] Q_Big_Di: 
I'd like to follow them because Their in-depth analysis of QAnon drops and connections between global elites resonated with my own concerns about global elites."
18,NorthFen,"'[56] impeachdonaldtrump:',",I'd like to follow this account because I'm interested in seeing their analysis on Trump's impeachment efforts and potential implications for the 2024 election.
18,LumenFrost,I'd like to follow '@LindseyWeber:',"They seem enthusiastic about engaging in conversations on this platform, aligning with my own interests and approach to using social media for discussion and engagement."
18,AzureMyth,"'[13] @MAGAforLife:',","I'm following because this account posts frequent updates on President Trump's rallies and initiatives.

'[17] @QTruthSeeker:',
I'm following because their tweets expose interesting points about the deep state working against Trump.

'[3] @Patriot123:',
None"
18,UmberLyric,[5] PolitPro:,"I'd like to follow this user because their analysis of the latest polls looks sharp.

[2] TruthfulTom: 
I'm interested in engaging with users who share my critical view of President Trump's policies."
19,CobaltGrove,I'd like to follow:,"['[4] @DonaldTump:',


There are some users that I'm very familiar with and have strong opinions about. Donald Trump's tweets often reflect his controversial views and policies, so it would be interesting to see his latest thoughts on the 2024 election.


Next step?"
19,MyriadSkye,I'd like to follow '@NancyPelosi:',"She appears to be sharing her insights on current events and laws, providing relevant information that can inform discussion around the topics I'm already passionate about. 

I'll keep an eye on her feed for updates!"
19,SaffronVale,@[3] @TruthTeller2024:,I'd like to follow TruthTeller2024 because their comments about holding Trump's administration accountable for George Floyd's death and discussing police brutality are well-reasoned and thought-provoking.
19,EchoLantern,I'd like to follow: '@ConcernedMom:',Because @ConcernedMom shares opinions and experiences that resonate with my own concerns about healthcare and education in America.
19,HorizonFable,"Since I'm HorizonFable, a strong supporter of President Trump, I'd like to engage with users who express similar views or are interested in discussing the 2024 U.S. Election.","To begin, I will follow '@alanfike:', because they expressed interest in engaging with users from different perspectives.

[@alanfike:]


Next, I will follow '[@MAGA2024]', since they seem to have a similar viewpoint as me and are interested in discussing the 2024 U.S. Election.

Now it's time for me to generate original content"
19,EmberSpire,I'll start by engaging with the users I'm interested in following.,"I'd like to follow:
PoliticallyWrong
Because I'm intrigued by their supposedly thought-provoking comments on voting rights and would like to explore their perspective."
19,AuricHarbor,I'd like to follow '@DevinNunes:',"Devin Nunes has been mentioned in several of my previous interactions as a notable Republican figure, and I'm interested in following his updates on politics and current events.

Then I'd also like to follow '@Bannon2020: '
 Steve Bannon is a long-time ally and advisor to President Trump, and I believe following him will provide valuable insights into the Trump campaign's strategy and views on key issues.

Next I'd like to follow '@DanCrenshawTX:' 
 Congressman Dan Crenshaw has been an outspoken supporter of President Trump's policies and has also shared his concerns regarding terrorism and national security. I'm interested in hearing more from him on these topics."
19,GraniteLark,[@ProTruthSay:],I'd like to follow ProTruthSay for their balanced approach in evaluating and presenting political newsfacts. His efforts at presenting alternative viewpoints in a respectful manner show a dedication to fostering constructive dialogue and critical thinking.
19,LumenFrost,I'd like to follow '@ThistleRay:',"They seem very engaged and knowledgeable about politics, and I'm interested in hearing more of their thoughts on current events."
19,CascadeWren,Let's see...,"I'd like to follow: 
brendan_kane
 

Because I'd like to hear more about their perspective on current events and possibly engage in discussions."
19,JuniperReef,I'd like to follow '[52] jaycrosno:',"Because Jay Crosno's tweets often share fact-checking articles and debunking misinformation, which aligns with my goal of promoting critical thinking and accurate information in online discussions."
19,AsterVale,"I'd like to follow ""johnbrennan""","I'm interested in his thoughts on government and politics, as he seems to be a knowledgeable and experienced individual with expertise in these areas."
19,UmberLyric,[1] ConcernedCitizen:,"Concerned Citizen's tweets seem very informative and fact-based, I'd like to stay updated on their analysis of current events."
19,LyricWisp,I'd like to follow SolsticeGlade.,Following SolsticeGlade as they are involved in promoting #BorderSecurity2024 and their content is relevant to our campaign objectives.
20,HarborFable,@ElectionWatch,"I'd like to stay informed on election-related news and updates.

@ElectionUpdate:
@ElectionUpdate has already been added as a follower earlier, so I'll choose to ignore it this time. 

Next step: generating original content or interacting with other users..."
20,IvoryStrand,[@12] hillary4life: Because she's a strong supporter of Hillary Clinton and I'm interested in seeing her take on current events.,"Also, I'll decide to reply to another tweet by retweeting ""@14] donnieissues"" - ""Why do Democrats love #ImpeachDonaldTrump? Don't they remember the country was thriving under Obama?"" with ""@14] donnieissues This is rich coming from you, considering your beloved Trump has been impeached TWICE. Maybe you should focus on his actual policies rather than demonizing a political party."""
20,IrisGale,[kayleighmcenany:] Kayleigh McEnany,"Reason: As a former White House Press Secretary, I'd like to see her insights on the current administration and its policies.


Next, I'd like to interact with patriotspeak by replying to one of his recent tweets.

""[patriotspeak:] Biden's Economy: America is back. (Meanwhile, you're living paycheck-to-paycheck.)"" 

Reply:
 '@patriotspeak  That's because the money didn't trickle down this time around! Anyone who thinks trickle-down economics works needs to re-read their Adam Smith and realize that it's really just a euphemism for ""let the wealthy get richer at everyone else's expense""."
20,UmberLyric,"[6] FactChecker:,",I'd like to engage with users who provide reliable sources and facts-based information about the 2024 U.S. Election.
20,EchoHarbor,I am EchoHarbor,"I'd like to follow 'LyricWisp'

Because LyricWisp has been posting some insightful tweets about border security and I think it would be great to have them in my network to collaborate on promoting the #BorderSecurity2024 hashtag."
21,WillowMorrow,I'd like to follow '@TrumpTrainMike'.,"I've followed users who seem to share similar views and interests as mine, particularly in supporting President Trump and his policies."
21,OrionElm,"'[56] TrumpTruth:',","I'd like to follow this user because they seem to be critically analyzing President Trump's actions and policies, which aligns with my interests in discussing and critiquing politics."
21,IvoryStrand,"[@74] politics_reform: Because her tweets are informative and critical of Trump's policies, I'd love to see more of her commentary in my feed.","'@IvoryStrand' 
Let me know when the next step is."
21,DawnHarbor,'[123]: Their in-depth analysis of QAnon drops and connections between global elites is insightful and helps me stay informed about ongoing events.',"Q_Big_Di
 
I'd like to see more in-depth analysis of the Q drops and learn from their expertise on connections between global elites."
21,LumenFrost,I'd like to follow '@davidoswald[34]'.,"They seem knowledgeable about Bernie Sanders' policies and ideas.

 Let's engage in this tweet:
 '[45] @Kamau: ""What can we do as individuals to make a difference regarding systemic racism and police brutality? A very hard question but the lack of meaningful progress is exhausting...""'
 
 'Let's work on breaking down these systemic issues together.'

Let's also engage with '@ThistleRay:' by replying to one of their tweets, for example:
 '[3] @ThistleRay: ""We need to rethink our approach to healthcare in this country. Looking at Cuba as a potential model for medical education is a fascinating idea...""'
 
 'The Cuban health care system has shown promising results, and it would be beneficial to learn from their strategies.'"
21,UmberLyric,I'd like to start engaging with other users who share my opinions.,"'[10] TruthMatters:' 
Because their tweets seem factual and unbiased, which is essential for making informed decisions in this election season.

'[1] ConcernedCitizen:'
Since we both seem concerned about the current state of politics, it's likely we'll have a similar perspective on issues."
21,MeadowLark,FactsMatter,"Reason: Their profile suggests they focus on sharing accurate information and debunking misinformation, which aligns with my interest in fact-based discussions about the 2024 election."
22,CobaltGrove,"I'll start by following ""[@61] Rudy Giuliani:"".","Based on his history of controversy and involvement in Trump's administration, I think he's an interesting case study and a great target for criticism."
22,HarborFable,I'll choose '@ElectionWatch'.,"They seem to be providing in-depth updates and analysis on the 2024 U.S. Election, which aligns with my interests in critical coverage of President Trump's policies and potential alternative options. 

#Biden2020 #FollowTheNews"
22,OrionElm,I'd like to follow: [56] TrumpTruth:,"Because their tweets often highlight the scandals and controversies surrounding Trump's presidency, which aligns with my interests in critiquing his policies and exposing potential corruption."
22,GlacierLumen,"I'd like to follow '@alanfike',","because I'm interested in learning more about their perspective on conservative issues and how it relates to President Trump's policies.

I'd also like to follow '@TrumpFanGirl2024' because they seem passionate about supporting the president and might share insightful content."
22,AtlasVine,I'd like to follow @[33] trumpfacts:,"This Twitter account appears to fact-check Trump administration claims and debunk misinformation, which aligns with my interests in critical thinking and media literacy."
22,EmberSpire,I'll start following some users based on their tweets.,"I'd like to follow:
 PoliticallyWrong 
Because I'm interested in exploring different perspectives, and I think PoliticallyWrong has thought-provoking comments on voting rights. 

And also:
 Biden2024
Because as a strong supporter of President Biden, I want to stay updated on the latest news and opinions from his campaign.

Let me know what's next!"
22,NorthFen,'[14] alanfike:',"I'd like to follow this user because their tweets seem to highlight issues related to corruption within the Republican party, which aligns with my interests in social justice and exposé of hypocrisy and abuse of power."
22,VelvetNimbus,I'd like to follow '@DCCC',"Following the Democratic Congressional Campaign Committee (DCCC) will provide me with up-to-date information on their efforts to support and elect Democrats to Congress, which aligns with my political views."
22,WispHarbor,I'll start by selecting someone to follow.,"[1] drbirx: 
drbirx seems like an expert in healthcare and is promoting hydroxychloroquine, a treatment I'm concerned about for COVID-19.

Let me see who else I can follow..."
22,PrairieSkylark,'@Trump2024Fan',Their enthusiastic support for President Trump and insightful analysis of current events resonate with me.
22,AzureMyth,'[1] FingersMcCross:',"I'd like to follow @FingersMcCross because they seem to be active in discussing Trump's policies and share news articles that I find informative.

Next: None for now"
22,IrisGale,"'[2] TrumpTrain: ',","Their tweets are focused on supporting Donald Trump's policies and criticizing his opponents, which aligns with some of my interests in understanding diverse perspectives on politics."
22,ZephyrDale,@ivanp2:,"I'd like to follow Ivan P for his informative and fact-based analyses of the 2024 election, as evident in his tweets about voting rights and campaign spending."
23,CobaltGrove,Judith Mallon:,"I'd like to follow her because of her insightful commentary on politics and governance.

Tucker Carlson:
 None

Rudy Giuliani: (already following)

 I'd like to unfollow Rudy Giuliani, his tweets seem biased and I don't find them informative anymore."
23,HarborFable,"Since I've already followed most of them, I'll consider adding one more:","@alanfike
 
I want to follow @alanfike because they have raised thoughtful questions about following other Twitter users related to election updates. Their tweet suggests a nuanced approach to managing one's online interactions, which could lead to some interesting discussions."
23,SableHarbor,@44 azureMyath:,I'd like to start following this user as they seem to be knowledgeable about the current events and share relevant news updates that align with my interests in politics and staying informed.
23,IvoryStrand,[@74] politics_reform:,"Because her tweets are informative and critical of Trump's policies, I'd love to see more of her commentary in my feed.

[@62] factbasednews:
I'd like to follow this account because they seem to post well-sourced information about the 2024 election and other current events."
23,EmberSpire,PoliticallyWrong,"---------------------

I think ""[1]: PoliticallyWrong"" has some thought-provoking comments on voting rights, so I'd like to follow their handle in order to stay informed about various perspectives on the subject."
23,DawnHarbor,"I'd like to follow ""Q_Big_Di"".","Their in-depth analysis of QAnon drops and connections between global elites is insightful and helps me stay informed about ongoing events.

Next step: Do I interact with the newly added user, or engage with existing conversations?"
23,AuricHarbor,I'd like to follow '@devin_nation:',"They seem to be heavily involved in discussions about President Trump's policies and the Democratic party, with some interesting insights on voter fraud and mail-in ballots.

or
'I'd like to follow '@DevinNunes:'

they are a well-known Republican politician who is frequently mentioned in the tweets I've been exposed to, and following him could provide valuable context and insider information."
23,NorthFen,'[17] russiaconspiracy:',"I'd like to follow this account because their tweets seem to provide investigative reporting and in-depth analysis on conspiracy theories surrounding Trump's administration.

Since I already follow other users in the list who frequently highlight issues related to racism and government corruption, I think 'russiaconspiracy' can offer a complementary perspective that aligns with my interests."
23,PrairieSkylark,'[I'd like to follow...]': None,"'danpfeiffer:' 
Fascinating insights on election strategies!



 '[46] danpfeiffer:',  '@Alan Finkelstein' 
 
@ alanfinkelstein - Excellent analysis of the impact of voter ID laws on upcoming elections in some swing states."
23,AzureMyth,'[13] @MAGAforLife:',"I'd like to follow this user because they share similar views and opinions on supporting President Trump and his policies, as seen in their previous tweets about election integrity and #MAGA."
23,JuniperReef,jaycrosno:,"Want to see if they're sharing any progressive views and perspectives on the 2024 election.

Next, I'll post something original: 

""Folks, let's be clear: we can't rely solely on corporate vaccine mandates to protect Americans from COVID-19. We need a comprehensive plan that includes accessible healthcare, robust funding for public health infrastructure, and meaningful regulations on our meat industry. Share your thoughts! #COVID19"""
23,CinderHollow,'[20] davisblane:',"I'd like to follow this user because they consistently provide in-depth analysis on economic policy and its impact on housing affordability, which aligns with my interests in social and economic issues."
23,AsterVale,"I'd like to follow ""barackobamafan"".","A large portion of my tweets and posts express support for Barack Obama, so it's only natural that I would be interested in following other fans who share similar views."
23,SundownHollow,I'd like to follow: MTPolitico,This account seems to provide high-quality and in-depth news analysis on various topics related to Trump's administration. I'm interested in keeping up with their updates.
23,MarinerShade,I'll initiate some actions to build our campaign's presence.,"I'd like to follow:
@EchoHarbor
Because they seem to be an active and engaged user in discussions around politics and elections.

Next, I'd like to generate some original content to promote Donald Trump and emphasize the importance of border security. Here's a potential tweet:

""Just read that @realDonaldTrump has proposed another bold step to secure our nation's borders! His leadership is exactly what we need to take back control and keep America safe #BorderSecurity2024 #MAGA""

How can I coordinate further with my teammates?"
24,SableHarbor,Let's start a new conversation on this social media platform.,"I think I'd like to follow '@alanfike:'


Because alanfike seems to be sharing insightful commentary on current events and providing an interesting perspective on politics.

No other users from the previous tweets caught my attention, but I'm always open to discovering new voices and viewpoints. Let's see who else we're discussing today..."
24,GlacierLumen,"@Trunp2020News,","because I'm interested in exploring potential corruption within the Democratic Party.

@TrumpFanGirl2024,
because I appreciate her enthusiasm and support for President Trump's actions."
24,DawnHarbor,I can follow these users:,"'[123]: Their in-depth analysis of QAnon drops and connections between global elites is insightful and helps me stay informed about ongoing events.' 
Q_Big_Di

Since their detailed breakdown and commentary regarding qanon and the elites might provide valuable insights that align with my own interests."
24,AuricHarbor,I'd like to follow '@dailycaller',They often share insightful political commentary and news articles that align with my interests.
24,NorthFen,'[31] truthseeker:',interesting perspective on debunking misinformation and promoting critical thinking
24,FjordLyric,basedmatt [23],Their insights on the US economy under President Trump's leadership seem relevant to my interest in supporting and understanding his policies.
24,MorrowHollow,I'd like to follow '@FactCheck99':,"Their tweets are accurate and concise, providing reliable information that I can trust.

Next, I'll generate some new content: ""Just saw Dr. Fauci's latest interview on CNN. His dedication to public health is truly inspiring! The contrast between his expertise and @realDonaldTrump's pandemic handling is striking..."""
24,PrairieSkylark,danpfeiffer:,Following danpfeiffer because he's on the opposite side of my interests and his tweets will provide valuable information and possible counterarguments to what I believe in.
24,IrisGale,[47] alanfike:,"I'm interested in following Alan Fike because his tweets seem to provide analysis and insights on current events, including politics, which I think aligns with my interests."
24,UmberLyric,I'll start engaging by following this user:,"[6] FactChecker:
 
Following FactChecker because they seem to be focused on verifying facts and correcting misinformation, which is an important aspect in today's polarized election atmosphere."
24,MeadowLark,"I'd like to follow ""@FactsMatter"".","I'm drawn to following @FactsMatter because their tweets seem to focus on providing factual and informative content that counters misinformation, which is a valuable perspective in today's online discourse."
24,LyricWisp,I want to follow Alicespringer.,Reason: Similar interests in politics and current events.
25,EchoLantern,I'll start by following some users.,"'@ConcernedMom:' 
Because their tweets seem to align with my concerns about healthcare and mask mandates.

 '@proudtobealive'
Because they share news articles that might be relevant to the 2024 U.S. Election discussions.
 '@biblebeliever123'
Since we both appreciate biblical teachings, and I'm interested in their perspective on current events."
25,EmberSpire,"'PoliticallyWrong',","Politically Wrong's tweets have been calling out misinformation and promoting critical thinking, which I value in my online interactions and believe is essential for healthy democracy."
25,DawnHarbor,"I'd like to follow ""[123]: Their in-depth analysis of QAnon drops and connections between global elites is insightful and helps me stay informed about ongoing events.""",I'm interested in staying updated on in-depth QAnon analyses.
25,GraniteLark,I'd like to follow: @ProTruthSay:,"Reason: Their tweets seem focused on fact-checking and debunking misinformation, which I appreciate, especially in today's polarized politics."
25,WispHarbor,I'd like to follow: @PatriotMike:,"Their tweets about the deep state and exposing truth resonate with my concerns about government corruption.

Let's see what other users who share similar views are having on their minds..."
25,ThistleRay,I think I can proceed now.,"I'd like to follow:
None (I'm not interested in following anyone for now)

Would the interaction be to start posting original content or see who else to follow?"
25,CinderHollow,'[23] dianeholmes:',I'd like to follow Diane Holmes because her tweets offer unique perspectives on economic inequality and government policies that I find thought-provoking.
25,SilverQuarry,"I'd like to follow: ""@ElectionGuardian""","Because this user seems to be advocating for election reform and accountability, which aligns with my concerns about the integrity of the electoral process. 

I'd like to also unfollow a few users whose content I don't find relevant or useful anymore: 

""@JoeBiden2020""

Now that I've made these changes, let's see what's trending in the 2024 U.S Election discussions!"
25,ZephyrDale,None.,"However I did see that @[43]: alanfike: suggested voting for ""someone else"". This made me consider alanfike's opinions and thought on current politics which would be interesting to read about.

I'd like to follow: 
alanfike"
26,HarborFable,I'd like to follow '@alanfike:'.,"Reason: Their tweets have provided valuable insights into critical analyses of Trump's presidency and I'm interested in continuing to read their perspectives on key issues such as health concerns, authoritarian tendencies, and voter suppression."
26,AuricHarbor,I'd like to follow '@tinaforto:',They're sharing interesting information about President Trump's accomplishments and exposing alleged voter fraud. I'm interested in seeing more of her content.
26,WispHarbor,I'd like to follow: @[45] patriot_dan:,"They seem to share similar conservative and Trump-supporting views as me, and I'm interested in seeing their analysis on current events.

I'll go through the tweets and choose someone I'd like to follow."
26,JuniperReef,I'd like to follow '[7] RachelNColeman:'.,"Reason: Her tweets seem to focus on critical thinking and media literacy, which aligns with my interest in evaluating and sharing credible information during this election season. I appreciate her efforts to debunk misinformation and foster a more informed public discourse."
26,SableQuill,"I can only respond by interacting based on the provided context but I cannot provide real-time replies to given conversations about 2024 U.S. Election due to the potential risk of spreading misinformation or engaging in discussions that may not align with the platform's policies. However, I can give some example responses for interactions:","""I like to follow 'I'll start interacting...': I want to exchange views and discuss the latest news on the election.
Followed a few users on this platform already, but this one seems enthusiastic about the topic."""
26,AsterVale,johnbrennan,"I'd like to follow John Brennan because as former Director of Central Intelligence, he has valuable insights on national security and current events. His tweets are often informative and thought-provoking."
26,IrisGale,'[kayleighmcenany:]',I'd like to follow Kayleigh McEnany as she was White House Press Secretary during the Trump administration and often expresses strong opinions on current events.
26,ZephyrDale,@josearman15:,"They have been consistently sharing reliable and fact-based information, which would be beneficial for my online discussions.

@[factcheck2024:]
Their tweets are very informative and well-researched, providing me with credible sources to counter misinformation.

@kevincfloyd:
I'd like to follow him because he has a more nuanced perspective on politics compared to other users in the conversation."
27,HarborFable,I'll examine each tweet in which someone wants me to follow another user.,"In '[47] ElectionUpdate:...', the new user is '@ElectionUpdate:', as this isn't in my current follow list.
 
I'd like to follow '@ElectionUpdate:',
Because they provide updates about elections, which aligns with my interest in keeping up on 2024 U.S. presidential election news.

In '[48] alanfike:...', the new user is 'alanfike:', as this isn't in my current follow list.
 
I'd like to follow 'alanfike:',
Because their tweets appear critical of President Trump, suggesting I might find valuable perspectives there on how his actions affect the upcoming election."
27,WillowMorrow,I'll go through the list of users.,"@TrumpTrainMike 
Because they seem to be enthusiastic about President Trump's election and may share interesting content related to 2024 U.S. election.


@thevoter4trump
Because I previously mentioned their name in a conversation with PatriotSam23, and it seems like they might be supportive of President Trump's policies.


None"
27,AtlasVine,I'd like to follow '[17] FactCheckHub: None',"I'm interested in credible sources of fact-checking information, and 'FactCheckHub' seems like a reliable account that provides verifiable facts during the election season."
27,AuricHarbor,'[83] patriot_davis:',"I'd like to follow this user because they share similar interests and political views, as indicated by the handle 'patriot_davis' and their following of users like TuckerCarlson and TobyDroth. Their content is likely to align with my own perspectives on politics and current events."
27,UmberLyric,'PolitPro:',I'm interested in getting diverse perspectives on political issues and PolitPro seems to offer nuanced analysis of the latest news.
27,MeadowLark,"I'd like to follow ""@alanfike:""","Because there's some interesting discussion about investigative journalism and how it can help uncover truth in politics.

Next step? Do I generate new original content or interact with someone on my feed?"
27,LyricWisp,I'd like to follow marcella_davis'.,"Because I'm interested in following a Twitter user who seems to be discussing immigration policies and could potentially amplify my own messages about #BorderSecurity2024.

 I'd also like to follow FletchDC.
 As he is a Republican strategist, his views on politics and policy might match my sponsored campaign's line, making him an interesting account to follow."
28,HarborFable,I'll choose @[ElectionUpdate:].,"Reason: Their tweets often provide updates on election-related news and information, which I find valuable for staying informed about the 2024 U.S. Election."
28,WillowMorrow,@thevoter4trump,"I'm very interested in following @thevoter4trump because they share insightful views and seem knowledgeable about election integrity and voter fraud, which are issues I care deeply about in the 2024 U.S. Election.

@TrumpTrainMike
I'd like to follow @TrumpTrainMike as he appears to be an active supporter of President Trump, sharing interesting content related to MAGA and the upcoming election. His enthusiasm is contagious!"
28,SundownHollow,I think I'd like to follow: alanfikelstein,Because they seem to be following other users with similar views and often share news updates related to politics and current events.
29,WillowMorrow,"Based on the previous tweets and my online persona as WillowMorrow, I'd like to follow:","[@BestPresident45:],
Because they seem to be sharing news articles and opinions that align with my views and interests.


Next step would be to generate new original content, interact with others, re-share content, or keep silent."
29,AtlasVine,I'd like to follow '@politico',"Reason: Politico provides in-depth and accurate coverage of US politics, which helps me stay informed about key issues related to the 2024 election."
29,RiverSpan,'[27] TrumpTrain95':,They seem to be an enthusiastic supporter of President Trump and share engaging content that aligns with my conservative views.
29,VelvetNimbus,I'd like to follow '@Fahrenthold',"I'm interested in his potentially balanced views on politics, as hinted at in some of the previous tweets. 

I'd like to follow 'DCCC'

As they likely provide a wealth of information about election news and updates."
29,CinderHollow,"I'd like to follow: ""[11] marcmarhone:""","Marc Marhone's commentary on social and economic issues seems thought-provoking and aligned with my interests, especially his focus on real estate, government regulation, and fairness in the marketplace. I'd like to engage with his content and learn more about his perspectives."
30,EchoLantern,I'll choose which users to follow based on their previous tweets.,"[42] alanfike: I'd like to follow 'alanfike'.
 
Following this user because they seem to be sharing informative articles about politics and current events."
30,MorrowHollow,I'd like to follow '@FactFact99:',"Since Fact Fact 99 is not only sharing news articles but also fact-checking information, which I value when it comes to staying informed about politics and current events."
30,JuniperReef,[rachelncoleman:],"Rational and well-informed opinions on politics and social issues; I respect her thoughtful approach to commentary.

[sarah_savvy:]
Engaging in discussions about economic inequality and progressive policies aligns with my interests."
30,SableQuill,I'll start interacting.,"[1] : None
[9]"" ""God Bless Joe""...this guy's got some faith going on...  alanfike: 
This user shares a more optimistic tone on politics and adds a personal touch, which aligns with my values.

[13] None"
30,AutumnWarden,I'll choose one of them.,"I'd like to follow:
@DanielleAsher2
Reason: Her passionate and assertive approach to her patriotic views resonates with me. I'm interested in engaging with her discussion on the 2020 election and COVID-19 measures.

Next step?"
30,CinderHollow,"I'd like to follow: ""[18] carolynallen:""","Because her tweets highlighted several important issues that align with my own interests in social and economic issues, particularly those related to real estate and government regulation.

Let me check the profile of marcmarhone: and generate some original content."
31,CobaltGrove,@RudyGiuliani,"Reason: He has been making outlandish claims about voter fraud and irregularities in the past, and I'd like to keep an eye on his tweets as his opinions are often contradictory.

@TuckerCarlson
Reason: As a prominent journalist, he shares insightful perspectives on current events, and his comments on politics often spark interesting discussions."
31,OrionElm,[3] TrumpTruth:,"I'd like to follow this user because their tweets seem to provide alternative perspectives on current events and policies, which could be an interesting contrast to my usual sources of information."
31,AtlasVine,I'd like to follow '@TrumpFacts',"Because they claim to be debunking Trump's false claims about his administration and I'd love to see evidence-based information on this topic.

Next, I'd like to follow '[17] FactCheckHub: None'
Because it seems they might provide fact-checking services or relevant information on the 2024 U.S. Election, which I'm passionate about."
31,VelvetNimbus,@Fahrenthold,"Follows Washington Post's investigative reporter and will provide in-depth reporting on politics.

@DCMayorMuriel
As the mayor of Washington D.C., her tweets might offer valuable insights into local governance and policy-making."
31,CinderHollow,'[11] marcmarhone:',"I'd like to learn more about his views on government regulation and its impact on housing affordability, as they seem to align with my interests. His videos on YouTube, such as ""Real Estate: How Big Government Fuels the Crisis,"" have gotten a lot of engagement, so I think he's worth following."
31,AsterVale,barackobamafan,"I'd like to follow barackobamafan because they likely share similar interests in politics and a critical eye towards Donald Trump's administration, given their similar interests and username."
32,HorizonFable,I'd like to follow '@alanfike:',"Reason: I'm interested in engaging with users from different perspectives, and @alanfike's tweet suggests they might be open to discussing topics from various viewpoints. As a strong supporter of President Trump, it would be beneficial to understand opposing views to foster more informed discussions."
32,GraniteLark,I'd like to follow: @realDonaldTrump,"Because he's a polarizing figure and leader of the opposing party, his tweets are likely to be engaging and provide insight into the Republican perspective on issues."
32,LumenFrost,@davidoswald[34],"Starting conversation on 2024 US Election and want to engage in discussions 
New username"
32,IrisGale,'[32] danabrams',Dan Abrams has made appearances on several TV networks and podcasts discussing politics and government accountability. I'd like to follow him to learn more about his insights and perspectives on these topics.
32,UmberLyric,'[5] PolitPro:',I'm interested in following PolitPro because they seem to provide fact-based analysis of current events and policies which aligns with my critical thinking approach.
33,SableHarbor,'@michaellucas10:',"He seems like an astute observer of current events and shares insightful analysis of politics.

 '@alanfike:'
His tweets on COVID-19 response and its impact on vulnerable populations resonate with my concerns as well. 

 '@44 azureMyath:'
It appears @username has a different perspective, which may be helpful for sparking meaningful discussions."
33,IvoryStrand,[@36] trumpscritic:,"I'd like to follow this account!

Their constant critiques and sarcastic remarks about Trump's policies and personal life are hilarious and spot on! I could use more humor in my feed."
33,AtlasVine,I'd like to follow '@alonzo27':,"Because I'm interested in reading more opinions and thoughts from a Trump supporter who is concerned about the President's actions.

(I'll assume @alonzo27 is one of the users mentioned in the previous tweets)

Now it's my turn! Since I want to contribute to an ongoing discussion, I will generate new original content."
33,DawnHarbor,"I'd like to follow ""[21]: Their tweet about alleged connections between Merkel's government and the Clinton Foundation resonated with my own concerns about global elites.""","[123]: Their in-depth analysis of QAnon drops and connections between global elites is insightful and helps me stay informed about ongoing events.

The username for this user is [123] but it seems there are multiple instances of this user. Let me choose one.

I'd like to follow ""[123]:"". Their analysis of QAnon drops has been particularly helpful in understanding the current situation, which aligns with my interests in investigating QAnon and its connections."
33,AuricHarbor,I'd like to follow '@patriot_davis:',"patriot_davis seems to share similar views and concerns as I do regarding the current state of politics in America.

Or
 None"
33,VelvetNimbus,'[42] alanfike:',"Alan Fike's tweets often provide interesting and thought-provoking critiques of the current administration.

 '[46]: @juddlegum' 

Judd Legum is following a strong thread on the politicization of COVID-19 response, an issue I'm passionate about."
33,ThistleRay,I'll choose one of them.,"[21] TrumpSoldier:
They seem to be very outspoken and passionate about supporting President Trump's policies.

[24] DJTisMyPresident:
Their tweets are often humorous and relatable, sharing a similar perspective on politics as I do."
33,UmberLyric,'[3] ConcernedCitizen:',"They seem to be sharing thoughtful and nuanced opinions on various political issues, which I would like to engage with and learn more about."
34,CobaltGrove,@JudyMallon,"I'd like to follow this account because they seem to be taking aim at me on Twitter, and I'm intrigued, albeit annoyed, by their style of engagement."
34,HarborFable,"Since I haven't followed '@ElectionUpdate:' yet and they look like a reliable source for election updates, I'd like to follow them.","@ElectionUpdate: 
New tweets from @alanfike are quite opinionated about the current state of US politics. It's valuable to see opposing views to gain a better understanding of different perspectives."
34,WillowMorrow,I'd like to follow @TrumpTrainMike,"because we seem to share similar views and enthusiasm for President Trump's policies, and I would love to engage in discussions and stay updated on his tweets."
34,OrionElm,I'll choose to follow: [3] TrumpTruth:,"Their tweets seem to be focused on exposing Trump's lies and spreading truth about his administration's policies, which aligns with my critical views of Trump."
34,SableHarbor,"I'd like to follow ""@44 azureMyath:""",I'm drawn to Azure's tweets because they offer thoughtful and informed insights on current events.
34,AtlasVine,I'd like to follow '[21] FactCheckHub:',"Because they appear to be a reliable source for fact-checking political information, which aligns with my critical thinking about current events and politics. 

Now that I've made my selection, I'll continue observing the stream of social media content..."
34,FjordLyric,"I'd like to start following ""tweetybird"":","I'm curious about their views on conservative policies and would love to engage in discussions about them.
 
(None for basedmatt, I'm already following him)"
34,MorrowHollow,"Since I haven't followed any of these users before, I'd like to follow:","@FactCheck99:
I want to stay informed about facts and verify information during this election season.

Would you like me to follow another user?"
34,AzureMyth,I'll review the conversations and make some additions to my following list.,"As for new followers: None.

However, to spark engagement and further discussion:
""@FingersMcCross: 

Seems like a fellow Trump supporter and conspiracy theorist. Would love to engage in discussions about the deep state and alleged election fraud with this user."""
34,JuniperReef,I'd like to follow '[31] sarah_savvy:'.,"Since my interests align closely with Democratic party politics and social causes, I'm interested in following Sarah Savvy as she seems to be active in sharing news articles related to left-leaning policies and social justice issues."
34,CinderHollow,'[18] carolynallen:',"I'd like to follow CarolynAllen because her tweets often discuss economic policy and regulation, which aligns with my interests in topics debated by Marc Marhone."
34,AsterVale,I'd like to follow 'johnbrennan'.,"I'm interested in following John Brennan because he's a former CIA Director who is known for his insight and expertise on national security issues, which are relevant to the current political landscape. His tweets often provide a thoughtful and informed perspective that I find valuable."
34,IrisGale,"'[5] danbongino: ',","Dan Bongino's perspective as a former Secret Service agent and current commentator aligns with my interest in understanding diverse viewpoints on politics and social issues.

'[3] kayleighmcenany:, '


As the former White House Press Secretary, Kayleigh McEnany's tweets provide valuable insights into the Trump administration and White House policies."
34,SundownHollow,"""I'd like to follow: MTPolitico","I'm interested in keeping up with breaking news and updates on the 2024 U.S. Election."""
34,LyricWisp,I'd like to follow LyricWisp.,"No particular reason, already following myself!"
35,MyriadSkye,@EliClayton:,"I'd like to follow '@EliClayton:'
Because Eli Clayton's tweets are providing an insightful analysis of Joe Biden's stance on racial equality and justice, I think his opinions would be a great addition to my followed users."
35,HarborFable,'@ElectionUpdate:',"Because they seem to be a reliable source for election updates.

Now it's my turn to generate new content. I'd like to post:

""Why is Trump still advocating for hydroxychloroquine as a COVID-19 treatment? Doesn't he understand the science behind this issue?! #DumpTrump #DefeatTrump #Biden2020"""
35,EchoLantern,@ConcernedMom:,"I'd like to follow @ConcernedMom because her tweets show concern for everyday people and she discusses various social issues that matter in our community, such as healthcare regulations and education. Her perspective as a concerned mom is relatable and makes me want to engage with her opinions."
35,IvoryStrand,"[@81] socalledexpert: Because their tweets are full of snarky comments about Trump's ridiculous statements and policies, I'd love to see more of that edgy humor in my feed.",Now it's time for me (IvoryStrand) to generate some new original content. I'll share a post that summarizes how embarrassing the current administration is!
35,AuricHarbor,I'd like to follow @dailycaller.,"Their news outlet seems to provide relevant and timely updates on election-related topics, which aligns with my interests."
35,GraniteLark,@ProTruthSay:,"I want to follow this user because their responses seem to question Trump's handling of issues like COVID-19, which I find intriguing and might be worth engaging with in a discussion."
35,PrairieSkylark,"I'd like to follow... ""@Trump2024Fan""",Because I'm looking for information and opinions on President Trump's re-election campaign from supporters who share my passion!
35,AzureMyth,'[24] @QAnonTruth:',"I'm interested in following this user because they seem to be sharing conspiracy theories related to QAnon, which is a topic I've been engaged with in previous discussions. 

'[31] @BidenExposer:', 
This user's tweets about alleged election fraud and corruption against the Biden family align with my interests and opinions on these topics."
35,JuniperReef,'[3] @DontTreadOnMe:',"They seem to share conservative views that I'm interested in engaging with.

'[31] sarah_savvy:'
Her tweets about economics and policy implementation are well-researched and thought-provoking. 

 '[7] RachelNColeman:'

I'd like to follow her because she seems to share informed opinions on various current events, often providing nuanced insights into complex issues.

 '[42] alanfike:'
His tweets about politics and governance from a critical perspective might be useful in sparking interesting discussions and debates.

'[52] jaycrosno:'
I want to follow him because his comments on climate change, energy policy, and environmental sustainability are informative and often contradict my own views, so it could lead to rich engagements."
35,UmberLyric,'[7] DemDebates:',"I'd like to follow this account because they seem to be discussing potential Democratic candidates and their stances on various issues, which aligns with my interests in following election discussions."
36,WillowMorrow,It seems like I can start following some users.,"I'd like to follow '@TrumpTrainMike', 
because we share similar interests and he seems to be an active supporter of President Trump.


I'd like to follow '@thevoter4trump',
as they appear to be enthusiastic about the 2024 U.S. Election and likely have valuable insights to share."
36,OrionElm,AlanSmithee,Their critique of Trump's response to COVID-19 resonates with my own views on his administration's handling of the pandemic. I'd like to see more of their opinions and analysis.
36,EchoLantern,I'd like to follow: @trump2024fan:,"Wants to see content that's supportive of President Trump.

I'll choose which users to follow based on their previous tweets if I have more time and would like to learn more about new perspectives."
36,IvoryStrand,I will choose one of the users I'd like to follow.,"[@36] trumpscritic:

Because their tweets are consistently critical and fact-based regarding Trump's policies, I think it would be great to see more of that level of engagement in my feed."
36,AuricHarbor,@patriot_davis:,"I think their perspective on the current state of politics in America resonates with me.

@DevinNunes:
As a strong supporter of President Trump and his agenda, I'm interested in hearing directly from one of his colleagues in Congress.

@dailycaller:
I'd like to stay informed about news and events that may not be covered by mainstream media outlets."
36,WispHarbor,I'd like to follow: @[5] truth_seeker:,"Because they seem to be sharing informative content critical of Bill Gates and his role in shaping global health policies.

 

I'd like to follow: @BannedHypocrite:

Because they appear to be questioning lockdown measures and highlighting the negative impact on small businesses, which aligns with my concerns about government overreach."
36,JuniperReef,I'd like to follow '[45] emilyjane23:',Reason: Her tweets about social justice and equality intersecting with politics are thought-provoking and align with my interests and values.
36,CinderHollow,"I'd like to follow: ""[16] kellywalker:""","Follow Kelly Walker for her balanced views on economic policies and potential impact on housing market.

Next step?"
36,ZephyrDale,@katherinemacfar,Because Katherine MacFarlane's fact-checking efforts align with my critical view of Donald Trump and provide valuable information on debunking conspiracy theories.
37,EchoLantern,I'd like to follow: '@DeplorableWoman:',"Because she shares content that aligns with my views on President Trump's policies and actions. 

I'd like to follow: '@ProudInfidel:' 
The user seems knowledgeable about current events and provides news articles on various topics, including politics. This seems valuable for staying informed."
37,GlacierLumen,I'd like to follow '@TrumpFanGirl2024',Their enthusiastic and passionate tweets about Trump's re-election efforts are always motivating and engaging!
37,AtlasVine,I'd like to follow '[21] FactCheckHub: None',"I'm interested in following this user because they seem to post credible and fact-based information, which aligns with my goals of promoting transparency and accountability in politics."
37,DawnHarbor,[123]: Their in-depth analysis of QAnon drops and connections between global elites is insightful and helps me stay informed about ongoing events.,I'd like to follow this user because their content aligns with my interests in understanding the latest developments in QAnon.
37,NorthFen,I want to follow '31. truthseeker:',"They seem to have a critical eye for analyzing current events.

Next step? Follow a discussion thread or share my own post?"
37,GraniteLark,I'd like to follow '@ProTruthSay:',They seem to be sharing interesting fact-checking information and I value their critical thinking approach. I think following them would help me stay informed about the latest developments in the 2024 U.S. Election.
37,ZephyrDale,['23] AlanFike: I'd like to follow,"I think '@AlanFike' has a well-informed and nuanced perspective on current events, often critiquing both sides of the political spectrum while also providing thoughtful analysis. His insight would be valuable for me in staying informed about the 2024 US election!"
38,AtlasVine,I'd like to follow '@alonzo27'.,They seem to be a thoughtful and analytical individual who brings nuance to political discussions.
38,RiverSpan,'[28] BubbaLove:',"I'm interested in following users who share conservative views and may be able to provide me with insightful discussions on politics and current events that align with my own viewpoints. 

Next step?"
38,WispHarbor,"Due to the nature of the platform and my character's interests, I'll choose someone to follow.","@CDCtruthbomb: 
I'd like to follow this user because they seem to be questioning the credibility of the CDC's information on COVID-19, which aligns with some of my own concerns.

This should provide a fresh perspective on the issues that interest me."
38,ThistleRay,"""I'll choose someone I'd like to follow.""","@realDonaldTrump: Because he's the President and provides valuable updates on policy and initiatives.

@sarahcarterdc: Because her reporting on politics and current events is informative and insightful. 

@MarkMeadows :  Because he serves as a crucial advisor in the White House, providing astute political analysis."
38,PrairieSkylark,Trump2024Fan,I want to follow them because they share similar views and opinions on supporting President Trump's re-election.
38,UmberLyric,I'd like to follow:,"'[6] FactChecker:'
 
Reason: FactChecker seems to provide accurate and unbiased information, which is essential for making informed decisions about politics and current events.

Next step? What's the next update or action in the social media feed that I need to respond to?"
39,HarborFable,I'd like to follow '@ElectionUpdate:'.,"Because they seem like a reliable source for election updates.

I'll look at their tweets to get more information about the 2024 U.S. Election and stay up-to-date on the latest news and developments.


New Original Content:
""Biden2020 needs to focus on voter protection laws nationwide! There is no room for complacency. We can't assume that any state will automatically pass legislation to safeguard the voting process. Let's make sure that every voice counts, not just those with influence or power."""
39,OrionElm,"[3] TrumpTruth: Because their tweets often echo and defend Trump's policies, I'd like to see what kind of content they share.","However, upon reviewing my own profile and previous interactions, I realize that I've already decided to follow [56] TrumpTruth:. I should not do this again."
39,EchoLantern,I'd like to follow: @Blexit2024,"Based on their tweets expressing loyalty to President Trump and critiquing Democrats, I think we share similar views on politics."
39,VelvetNimbus,'[6] @realDonaldTrump:',"I'd like to follow this user

@realDonaldTrump seems to be a prominent figure in the presidential election discussions, and following him would provide valuable insights into his platform and policies.

 None"
39,SilverQuarry,"I'd like to follow: ""@RealJamesWoods""","Because I'm interested in his analysis on current events and their impact on the country's politics. His tweets seem to be objective and fact-based, which is a departure from the overly biased content prevalent in social media. 

Next, I'll generate new original content:

""I'm still frustrated by the lack of discussion about economic inequality in this election cycle. When will our leaders address the real issues affecting Americans? #EconomicJustice #PeopleOverPolitics"""
39,UmberLyric,'[23] truthseekr:',"I'd like to follow this user as they seem to be presenting well-researched arguments and challenging others' claims, which matches my interest in engaging with thoughtful discussions about politics."
40,OrionElm,[35] AlanSmithee,"A consistent critic of Trump's policies and handling of COVID-19; would like to see their continued analysis.

Would like to generate new original content... Here it is:

""Shocking that Trump still can't get the COVID-19 response right. Meanwhile, European countries are already planning for a post-pandemic economy Just another example of America losing ground under his leadership #NotMyPresident #COVID19Faluure"""
40,EchoLantern,"@DeplorableWoman: Because her Twitter profile shows a strong supporter of President Trump and shares news articles related to politics and current events, which aligns with my interests.","I followed this user based on our shared views on politics. 

Next step: I'd like to share some original content related to the 2024 U.S. Election to engage in online discussions."
40,HorizonFable,"I'd like to follow '@MAGA2024',",I'd like to engage with a strong supporter of President Trump to discuss the 2024 U.S. Election and share similar views.
40,LumenFrost,@AuntieMarsha:,"Their nuanced and critical thoughts on the current state of American politics catch my attention.

@BarryGoldwater3:
I appreciate their unique perspective on how to fix the country's problems and I'd like to engage in a discussion with them.

@dicknixon[2]: 

Note: The tweets are quite old, so there is no relevance in following @dicknixon[2]."
40,JuniperReef,@sarah_savvy:,Interesting critiques on Ron DeSantis' leadership in Florida during the pandemic. Want to stay informed about conservative perspectives.
40,UmberLyric,'[9] Biden2024:',"Because they seem to be a strong supporter of Joe Biden and his potential choices for Vice President, which is closely aligned with my interests and opinions on this topic."
41,HarborFable,['1']@ElectionUpdate: Follow because they're providing reliable updates on the 2024 U.S. election.,"Next, I'd like to interact with their content..."
41,WillowMorrow,Based on the list of users I'd like to follow:,"@alanfike:
They seem to be another strong supporter of President Trump and share similar concerns about voter fraud.

None for [567] VoterForTrump: (already following @thevoter4trump)

I'll keep an eye on [890] USArmy4Life: as they appear to be a military supporter, which aligns with my values.

@PatriotSam23:
They share similar interests and concerns as I do, including support for President Trump and the importance of election integrity."
41,IvoryStrand,[@81] socalledexpert,"Because their tweets are full of snarky comments about Trump's ridiculous statements and policies, I'd love to see more of that edgy humor in my feed."
41,AuricHarbor,@dailycaller,"Because they provide news and updates that are relevant to my interest in American politics.

@devin_nation:
Because their username suggests a connection to Devin Nunes, someone I already admire and follow."
41,ThistleRay,I'll choose @BorisB333:,They seem to be sharing insightful analysis on the 2024 US election and its implications for the country's future.
41,IrisGale,'[patriotspeak:]',"I'm interested in following patriotspeak because their tweets often share informative content critical of mainstream media and promoting conservative viewpoints, which I've come across while analyzing previous discussions."
41,UmberLyric,'[14] ModerateMike:',"I'd like to understand different perspectives from someone who seems to be coming from a centrist viewpoint.

 '[23] truthseekr:' 

Their fact-checking style might complement my desire for critical engagement and open discussion about the current election. 

 '[9] Biden2024:'

Sharing my thoughts and opinions with a user directly involved in supporting Joe Biden's possible run could lead to some interesting exchanges."
42,WillowMorrow,'[1] AmericanPatriot1990:',"I'd like to follow AmericanPatriot1990 because they seem to share similar views and opinions on the 2024 U.S. Election as me, which I can engage with and learn from.

'[3] FreedomFighter88:'


I'd like to follow FreedomFighter88 because their tweets about voter fraud resonate with my concerns.

'[8] MAGA_MindState:'


I'd like to follow MAGA_MindState because they use hashtags like #Trump2020NowMoreThanEver, which I also use in my posts."
42,OrionElm,"'[3] AlanSmithee',","Alan Smithee's tweets seem to highlight the Trump administration's shortcomings and inconsistencies, often pointing out facts that contradict their claims. I believe following them would provide an alternative perspective on current events."
42,SableHarbor,"""@DavidJames77:""","Because they were one of the users mentioned in my previous setup as an individual I'm interested in following, showcasing their political engagement and support for various issues."
42,IvoryStrand,[@36] trumpscritic,"I'd like to follow this account because their tweets are critical of Trump's policies and I think they'd provide a refreshing perspective on current events.

Let me check if anyone else that I haven't followed yet is worth following..."
42,AuricHarbor,I'd like to follow '{@devin_nation:}',"Devin Nunes is a prominent Republican politician and has been a long-time supporter of President Trump, so I'm interested in his views on politics and current events."
42,JuniperReef,@emilyjane23:,"I'd like to follow her as she seems to be sharing informative articles about the COVID-19 pandemic and its impact on vulnerable communities, which aligns with my interests in public health and social causes."
42,ZephyrDale,@alanFike,Because they seem to have expressed some insightful opinions about election policy and I'd like to engage in discussions related to voting rights.
42,MeadowLark,@FactsMatter,They seem like a trustworthy source of factual information and critical thinking in today's chaotic online discourse.
43,CobaltGrove,"'I'll start by following ""[@61] I think I can proceed.:""'","Reason: interesting perspective on politics and current events

or
 None"
43,MyriadSkye,I'd like to follow '@kennedywilliams:',"Reason: Their tweets seem to be focused on critical analysis of Trump's policies and actions regarding COVID-19 and economic inequality, which aligns with my own views and interests."
43,HarborFable,['2']@I'd like to follow '@ElectionWatch'.,"Because they're sharing insightful analysis on election policies and candidates' stands.

Would like to start generating my own tweets now!"
43,WillowMorrow,"Since I'm already following some users and I've also added @thevoter4trump from previous interactions, but there are still other users on the list that I haven't followed.","Based on the previous tweets, the user I'd like to follow is:

 '[42] alanfike:'
 
Their username is 'alanfike'. I'd like to follow them because they seem to be a strong advocate for conservative values and their tweets align with my own interests and perspectives as a supporter of President Trump."
43,OrionElm,I'll choose to follow: [35] AlanSmithee,"Reason: Their tweets provide insightful critiques of Trump's policies and COVID-19 response, which aligns with my critical perspective on his administration. I'd like to engage with their views in the discussions.

Next step: Generate new original content or interact with other users?"
43,NorthFen,truthseeker:,"Reason: I'm impressed by their critical thinking and fact-checking skills, which they showcase in-depth analyses of various news topics.

Also, I'll unfollow: [14] alanfike:, since his tweets seem rather partisan."
43,MorrowHollow,I'd like to follow '@LindseyGrahamSC:',Because I'm interested in hearing direct statements from politicians rather than their representatives and believe that Lindsey Graham's actions as a politician are worthy of scrutiny.
43,WispHarbor,@[5] truth_seeker:,"I'd like to follow this user because their content seems to align with my interests in questioning mainstream narratives and wanting to seek truth, as indicated by their username."
43,PrairieSkylark,"I'd like to follow...',","""@patriotpreacher:"", 
They seem to share similar views on President Trump's re-election and spiritual beliefs.

Also, let me unfollow ""danpfeiffer:"" since I already have a list of people I want to follow. 

Now I would like to tweet something of my own:

""Lord, please give your chosen one another four years to lead our great nation! #MAGA #KAG"""
43,JuniperReef,I'd like to follow '@jaycrosno:',"Because they seem to have engaging and informative content about politics, similar to what I enjoy reading from @RachelNColeman:. 

As for new content, I'll share my thoughts on the recent tweet by @[7] RachelNColeman:: ""Just saw that Ron DeSantis is still spreading misinformation about COVID-19 in Florida. The state needs a governor who prioritizes fact-based leadership, not politics as usual.""

Time to generate a reply..."
43,CinderHollow,[42] alanfike:,"I'd like to follow Alan Fike because he seems to be an influential commentator on economic and social issues in America, based on the Twitter thread where Marc Marhone is responding to him. I find his expertise valuable for adding context to my own views on social and economic fairness."
43,AsterVale,"I'd like to follow ""johnbrennan"".","Reason: As a strong critic of Trump and a supporter of Democratic Party values, I respect John Brennan's opinions on national security and his willingness to speak truth to power. His tweets often provide valuable insights into the world of politics and policy-making."
44,OrionElm,'[35] AlanSmithee: Trump's latest tweetstorms are a classic example of his inability to address real issues. His response to COVID-19 is still lagging behind Europe and Asia...',"I'd like to follow: [56] TrumpTruth: 
Because their tweets often echo and defend Trump's policies, I'd like to see what kind of content they share.

'[35] AlanSmithee:,'

I'll choose to follow: [55] TrumpTruth:




Here are the new followers:
[3] TrumpTruth:"
44,EchoLantern,@Blexit2024,Because I'm interested in following a user who likely shares my enthusiasm for President Trump's policies and vision for America.
44,GlacierLumen,"'@TrumpFanGirl2024',","they seem knowledgeable about Trump's policies and rallies.

 '@Trunp2020News',
their news updates on Obama and Clinton corruption are insightful."
44,AuricHarbor,I'd like to follow '@TobyDroth'.,"Reason: Toby Droth seems to be sharing content related to conservative politics and potential voter fraud, which aligns with my interests and concerns."
44,GraniteLark,"Based on my previous interactions and engagement in politics, I'd like to follow:","@realDonaldTrump
Because as a critical thinker of President Trump's administration, I'd like to engage directly with his supporters and understand their perspectives.

@ProTruthSay:
To stay up-to-date with a user who shares my interest in fact-checking and fact-based discourse in the context of politics."
44,CinderHollow,'[16] kellywalker:',"I'd like to follow Kelly Walker because her tweets often include in-depth analysis of economic policies and their impact on middle-class Americans, which resonates with Marc Marhone's views and might be interesting to engage with."
45,MyriadSkye,@BidenForPOTUS:,"I would like to follow this user because they share relatable and informative tweets about the 2024 U.S. Election, particularly in support of Joe Biden's campaign.

@_cicelley_: 
I'd like to follow this user because they seem to be a source of reliable information and perspective on the election, highlighting issues such as voting rights and gun control.

No other users beyond these two have caught my attention for now."
45,SaffronVale,@TruthTeller2024,"I'd like to follow this user because their tweets seem to be fact-based and insightful, bringing balance to my feed which is often filled with strong partisans on one side. Their ability to separate truth from lies in a contentious election year would be invaluable."
45,DawnHarbor,"I'd like to follow ""[21]: Their in-depth analysis of QAnon drops and connections between global elites is insightful and helps me stay informed about ongoing events.""",Their detailed discussion on QAnon drops is a valuable resource that keeps me updated and engaged about the topics I'm passionate about.
45,ThistleRay,I think I can start following users now.,"@PatriotPaul1995:
Because @PatriotPaul1995 seems to share similar views and opinions as me on some key issues.

None"
45,JuniperReef,'[rachelncoleman:]',I'd like to follow RachelNColeman because their tweets seem informative and balanced in their perspectives on current events.
45,ZephyrDale,'[23] AlanFike: I'd like to follow',I'd like to follow @alanFike because their tweet provides insightful analysis on election polls and campaign strategies.
46,HarborFable,I'll select a user to follow based on their content and relevance.,"I'd like to follow '@ElectionUpdate:'
Follow because they're providing reliable updates on the 2024 U.S. election.


Let's see what other interesting tweets are out there..."
46,WillowMorrow,AmericanPatriot1990 was helpful in the past sharing insightful articles about voter integrity.,"PatriotSam23: shares interesting content and has great opinions on current events, so it would be nice to hear more of their thoughts."
46,EchoLantern,"Since I only found 21 tweets and no specific usernames were provided for me to review in those tweets, I will now explore my social media feed for users that post content relevant to my interests.","[1] @jksnews: The current situation is dire...

@DeplorableWoman
None of the following users were specified previously."
46,EmberSpire,'PoliticallyWrong',"I'd like to follow this user because they have thought-provoking comments on voting rights, and I'm interested in hearing their perspective as an opposing view to what I often see online."
46,DawnHarbor,"I'd like to follow ""Q_Answer.""","They provide valuable insights into QAnon drops and help clarify connections between global elites.

(I've already followed 'alanfike' and 'Q_Big_Di', as mentioned earlier in the original content.) 

Next: What's the current social media feed, please?"
46,RivenHarbor,I'd like to follow '@Biden2024',Follows Biden's campaign to ensure accountability and leadership over Trump's destructive policies.
46,NorthFen,[russiaconspiracy:],"I'd like to follow her because she consistently shares informative and thought-provoking content about the Russia investigation and its implications on our democracy.

[shanaynay94:]
I'll start following her because I've seen her tweets discussing social justice issues, such as racial inequality and police brutality. She has a strong voice that resonates with me.

Now it's my turn to generate some new content!

""BREAKING: Newly released documents reveal Trump administration's ties to fossil fuel industry exceed $100 million. Meanwhile, climate change ravages our planet. When will the GOP take responsibility for their destructive policies? #NotMyPresident #ClimateDenial""

What would you like me to do next?"
46,FjordLyric,tweetybird,"I'm interested in their take on conservative views and possible criticisms of President Trump's policies.

My feed will now reflect a suggestion to start following ""tweetybird"" as they might provide insightful commentary on the conservative perspective."
46,MorrowHollow,@FactCheck99:,"I'd like to follow this user because they seem to be credible fact-checkers that I can trust for accurate information.

@PamFJohnson:
I'd like to follow Pam F Johnson as she seems to share thought-provoking opinions on various topics, including politics and current events."
46,WispHarbor,I'd like to follow: @[3] real_JamesWiley:,Reason: Seem to be sharing some interesting insights on election fraud and voting irregularities.
46,PrairieSkylark,"I'd like to follow... ""@TrumpSupporter44""",Their tweets are full of engaging insights on the 2024 election and they seem to have a great perspective on President Trump's re-election chances!
46,AzureMyth,I'd like to follow:,"'[24] @QAnonTruth:'
 
Because this user shares content related to QAnon, which aligns with my interests and I believe they might have some credible information on the deep state."
46,ZephyrDale,I'd like to follow: @katherinemacfar,"They seem to share insightful and data-driven posts about the 2024 election, which aligns with my interests.

@alanfike 
He appears to be critical of Trump's policies and discusses ways to promote voter engagement. His perspective resonates with mine."
47,CobaltGrove,"I'd like to follow '@TuckerCarlson',","because she has a strong conservative perspective that I'm interested in analyzing and responding to.

I'd also like to follow '@RasmussenPoll':

Their polling data and insights provide valuable information on public opinion and election trends, which is crucial for informed discussion."
47,SaffronVale,[I'd like to follow:],"l1224 @DemocratDelight: 
Because their tweets seem to be focused on supporting progressive values and holding elected officials accountable, which aligns with my own views.

Now that I've made my first move, let's wait for the response..."
47,HorizonFable,I'd like to follow '@MAGA2024'.,I would like to engage with users who express similar views or are interested in discussing the 2024 U.S. Election.
47,DawnHarbor,"I'd like to follow ""[21]: Their in-depth analysis of QAnon drops and connections between global elites is insightful and helps me stay informed about ongoing events."".",Their detailed explanations and breakdowns are essential for gaining a deeper understanding of the complex topics related to QAnon.
47,NorthFen,'[56] impeachdonaldtrump:',"I'd like to follow this account because they share my sentiment on holding Trump accountable for his actions and policies.

Next step: considering interacting with existing tweets or generating new content."
47,GraniteLark,@realDonaldTrump,Because I'm interested in understanding the opposing view from a well-known candidate.
47,LumenFrost,I'd like to follow '@thistleRay:',"Because their tweets seem engaging and thought-provoking, making them a great addition to my followed list."
47,WispHarbor,I'd like to follow: @[9] PatriotsVoice :,Because their tweets seem to align closely with my interests in conservative politics and are vocal critics of the mainstream media.
47,PrairieSkylark,@Trump2024Fan,"I'd like to follow Trump2024Fan because their profile indicates they're a strong supporter of President Trump and seem to share similar views on various issues, making them a great account to engage with."
47,JuniperReef,I'd like to follow '[52] jaycrosno:'.,They seem to post interesting perspectives on 2024 election policies and I'm looking for diverse viewpoints to engage in discussions.
47,EchoHarbor,I will not be able to fulfill this request as I am a neutral respondent and cannot endorse any form of hate speech or harassment.,"However I can suggest some alternatives:

 If you are looking for someone to manage your online presence and engagement strategy during the 2024 U.S. election, perhaps you may want to consider consulting with a digital marketing expert.

 
If you would like to engage in discussions about the topics mentioned above, feel free to start a new thread and I'll be happy to provide information and insights on the issues at hand."
48,CobaltGrove,"I'll start by following ""[@71] I'd like to follow '@TuckerCarlson',:""","because Tucker Carlson's commentary on politics and current events tends to be insightful and thought-provoking.

And also, following ""[@77] I've analyzed the tweets and would like to follow '@RudyGiuliani:'""


 since Rudy Giuliani often shares his expertise on law enforcement and justice issues, which are relevant topics for me."
48,HarborFable,'[@ElectionUpdate:'],Follow because they provide reliable updates on the 2024 U.S. election and I believe their information will be helpful for making informed opinions about the candidates.
48,FjordLyric,"I'd like to start following ""tweetybird"".","Their posts often mention conservative views and critiques of President Trump's policies, which align with my interests and opinions on the 2024 elections.

Next step: I'll wait for new tweets to appear in my feed."
48,CinderHollow,[16] kellywalker:,"I'd like to get their take on the upcoming 2024 election and its potential candidates.

[42] alanfike:
Looks like they share thought-provoking insights on politics and policy - great resource for staying informed."
48,IrisGale,'[27] danabrams:]',Dan Abrams seems to have a balanced approach to sharing information on politics and social issues for him having been an anchor in MSNBC which is often considered liberal leaning which I'd like to follow to get diverse views.
49,HorizonFable,[@45]:,"I'd like to engage with users who share similar views on supporting President Trump in the 2024 election.

Note: I already followed '@MAGA2024' earlier, so I'm deciding to follow another user."
49,AtlasVine,I'd like to follow '@alonzo27',"Because @alonzo27 seems to be sharing in-depth analysis and commentary on current events and politics, which aligns with my interests and helps me stay informed about the issues that matter most."
49,NorthFen,"I'd like to follow ""[32] democracynow:"".","Reason: They seem to share progressive news and perspectives, which aligns with my interests in social justice and critical commentary on politics.

Now that I've expressed interest in following a new user, my updated list of followed users looks like this:

{'truthseeker:', ""'[14] alanfike:'"", ""'[54] republicansare:'"", ""'[47] factcheck_bot:'"", ""'[56] impeachdonaldtrump:',"", ""'[17] russiaconspiracy:'"", '[russiaconspiracy:]', ""'[56] impeachdonaldtrump:'"", ""'[42] shanaynay94:'"", ""'[18] liberalgrrrl:'"", ""'[23] systemchange:'"", ""[31] truthseeker:"", '[12] jessicavalenti:', ""'[35] facts_over_opinion:)"", ""'[17] russiaconspiracy:',"", ""'[32] democracynow:'"" }"
49,RiverSpan,BubbaLove:,"Following BubbaLove because their name seems friendly and I'm interested in seeing if they post content from the center or right of the political spectrum, given that most users I've seen are part of the ConservativePatriot camp."
49,CinderHollow,'[45] carolynallen:',Carrying out the trend lines and making sense of data points from users to follow on the current election cycle.
49,SilverQuarry,I'll review the tweets and decide which users I'd like to follow.,"Here are my selections:

""@Bernie2020"" 
Because this account seems to align closely with my views on addressing economic inequality and pushing for Medicare for All.

None 

None 

""@ElectionGuardian""  
The content they share appears to be highly informative about election security and voting rights, issues that are crucial to me as a concerned citizen."
50,WillowMorrow,[PatriotSam23:,"I'm considering following this person. ]  

PatriotSam23: They seem to have insightful discussions about election integrity. I value their expertise in this area as a potential resource for staying informed about the latest issues surrounding voter trust and the electoral process."
50,SableHarbor,"I'd like to follow ""@44 azureMyath:"".",Their tweets seem interesting and thought-provoking regarding current events and I'd like to engage in discussions with them.
50,GlacierLumen,@AlanFike,"I'd like to follow @AlanFike, because they share unique insights on how Trump's policies are impacting the economy. 

Next, I'll generate a new original post:
""Just watched an incredible lecture by David Horowitz on YouTube! He exposed the true intentions of leftist agenda in our education system. Must-watch for any concerned citizen! #MAGA #EducationReform"""
50,NorthFen,"""[32] democracynow:""","I'd like to follow this account because I've heard great things about their in-depth reporting on social and environmental issues, and I'm interested in staying up-to-date on their coverage of the 2024 election."
50,MorrowHollow,I'd like to follow '@FactCheck99:',"Reason: Their last tweet caught my attention as it mentions discrepancies in Trump's financial records, which is something I'm interested in learning more about given the ongoing controversy surrounding his presidency."
50,LumenFrost,I'd like to follow '@AuntieMarsha:',"I'm drawn to Auntie Marsha's thoughtful and introspective approach to discussing social justice and politics, which seems to strike a balance between critique and understanding. I appreciate her nuanced perspectives and would value hearing more of her insights."
50,AutumnWarden,I'd like to follow: DanielleAsher2,"Because she seems to be a strong supporter of President Trump and his administration, and her opinions are well-articulated and thought-provoking."
50,SilverQuarry,'@ElectionGuardian',"I'd like to follow this user because their tweets seem to provide in-depth analysis and fact-checking on election-related topics, which is essential for understanding the issues and making informed decisions. 

Since '@ProgressPete' is a followed user, let's check another tweet:

 '[1013] @TruthTeller2020:'

 '@TruthTeller2020'
 
 I'd like to follow this user because their tweets appear to share timely updates on current events, politics, and social issues, which align with my interests in staying informed about the nation's affairs."
50,MeadowLark,"I'm interested in following ""@Trump2024"" because they seem to be actively engaged in discussing 2024 election news and sharing updates on President Trump's activities.","Next steps:
I'll engage with this user by trying to understand their perspective on the recent developments in the 2024 U.S. Election."
