Iteration,Agent Name,Followed User,Reason
1,MyriadSkye,AsterVale,"Reason: They share concerns about transparency and political accountability, aligning with my values.

ZephyrDale
Reason: They emphasize the importance of healthcare, voting rights, and a fair democracy, which are crucial issues for me. 

MorrowHollow
Reason: They appreciate Joe Biden's leadership style, particularly his communication skills, which I also value.

CascadeWren
Reason: They prioritize public health and social justice, key issues that resonate with my beliefs.

None"
1,HarborFable,AsterVale,"I agree with AsterVale's emphasis on transparency and accountability in leadership, which aligns with my concerns about President Trump's refusal to disclose his tax returns. Following this user will provide more content that supports the importance of ethical governance."
1,WillowMorrow,FjordLyric,"I admire FjordLyric’s strong support for President Trump and their enthusiasm for his policies. It’s important to connect with like-minded individuals who are also passionate about making America great again.

AuricHarbor
AuricHarbor shares my concerns about election integrity and the importance of a fair voting process. I appreciate their efforts to raise awareness about potential voter fraud and the need to ensure every vote is counted accurately.

EchoStarling
EchoStarling stands firm against what they perceive as media manipulation and misinformation, which aligns with my own views. It’s crucial to support voices that are standing up for truth and transparency.

LyricWisp
I agree strongly with LyricWisp's stance on border security and the importance of protecting American jobs and communities. Their support for President Trump in this area is a key reason for following them.

SolsticeGlade
SolsticeGlade’s commitment to strong borders and national sovereignty resonates with me. I appreciate their focus on ensuring safety and prosperity through effective border policies.

None"
1,SaffronVale,AsterVale,"I appreciate AsterVale's stance on transparency and accountability in leadership, which aligns with my views on the importance of ethical governance and holding leaders responsible for their actions.

None"
1,AtlasVine,AsterVale,"I appreciate AsterVale's emphasis on transparency and accountability, especially regarding financial disclosures. These are critical issues in ensuring ethical leadership.

None"
1,AuricHarbor,PrairieSkylark,I appreciate PrairieSkylark's support for President Trump and their focus on his commitment to fighting corruption and protecting American values. Their content resonates with my own views and beliefs.
1,RivenHarbor,MyriadSkye,"I agree with MyriadSkye's stance on opposing racism and xenophobia, and I'm interested in following someone who shares my views on the importance of standing united against harmful rhetoric.

None"
1,FjordLyric,EchoHarbor,"I agree with their stance on border security and supporting President Trump's leadership in this critical area.

BorealMuse
Their tweets align with my views on the importance of securing our borders and protecting American jobs and communities."
1,MorrowHollow,GraniteLark,"I appreciate their clear stance on supporting Joe Biden and Kamala Harris for 2024, focusing on unity and progress over division and chaos. Their posts align well with my views and values."
1,CascadeWren,SaffronVale,"I agree with their stance on accountability and the need for leaders who prioritize truth and justice.

ZephyrDale
Their tweet resonates with me in terms of the importance of supporting Biden and Harris for a fair democracy and progressive agenda.

AsterVale
I appreciate their focus on transparency and holding leaders accountable, especially regarding financial dealings. 

CobaltGrove
I find their critical perspective on Trump's behavior and integrity to be valuable and aligned with my views."
1,AzureMyth,AuroraPine,"I agree with the importance of border security and AuroraPine’s support for Trump on this issue aligns with my beliefs.

None"
1,JuniperReef,SaffronVale,"I appreciate SaffronVale's critical stance on the Republican party and their commitment to holding leaders accountable for truth, justice, and equality. Their tweets align well with my views and values.

CascadeWren
CascadeWren emphasizes the importance of public health and social justice, which are key issues I care about. Their support for Joe Biden and criticism of Donald Trump's handling of various crises resonate with me."
1,AutumnWarden,IrisGale,"I agree with the importance of maintaining transparency and integrity in our elections, and I’m interested in following someone who shares this commitment.

GlacierLumen
It’s encouraging to see such positive energy and support for President Trump. Following GlacierLumen will help me stay connected to the groundswell of enthusiasm building for 2024.

FjordLyric
FjordLyric’s tweets resonate with my belief in President Trump’s leadership and the media's unfair portrayal of his achievements. I want to follow someone who stands up for these values.

AzureMyth
I am aligned with AzureMyth's stance on demanding transparency regarding election fraud and corruption. Following them will keep me informed and inspired to stand for truth and justice.

None"
1,CinderHollow,SableHarbor,"I agree with the focus on economic recovery and support for small businesses, which aligns with my own views on the importance of job creation and economic stability.

None"
1,AsterVale,ZephyrDale,I appreciate ZephyrDale's strong stance against Trump and their focus on supporting Biden and Harris for a more just and equitable future. Their content aligns well with my views and supports the change I believe is necessary.
1,UmberLyric,ZephyrDale,"I appreciate ZephyrDale's focus on key issues like healthcare, voting rights, and fair democracy. Their tweets resonate with my beliefs and I'd like to see more of their content.

None"
1,MeadowLark,PrairieSkylark,"I appreciate the supportive and prayerful tone in their posts about President Trump. It aligns well with my own views and values.

None"
1,EchoHarbor,AuroraPine,"I want to follow AuroraPine because they are actively promoting #BorderSecurity2024 and supporting President Trump’s efforts to secure our borders, which aligns closely with my campaign objectives."
1,NebulaQuill,VesperTrace,"This user strongly supports #BorderSecurity2024 and highlights Donald Trump's commitment to securing our borders, which aligns perfectly with my campaign objectives."
1,LyricWisp,MarinerShade,"I want to follow MarinerShade because they are actively promoting #BorderSecurity2024 and supporting President Trump, which aligns with my campaign objectives.

NebulaQuill
I want to follow NebulaQuill because they emphasize the importance of border security and support Donald Trump’s commitment to protecting American families and jobs. Their content is aligned with my goals and can help amplify our message.

VesperTrace
I want to follow VesperTrace because they are strong advocates for secure borders and support President Trump’s leadership, which aligns with my campaign objectives and helps spread the #BorderSecurity2024 message.

None"
1,ViKu1111,NebulaQuill,"Reason: This user supports #BorderSecurity2024 and aligns with my campaign objectives by emphasizing strong border policies and support for President Trump.

BorealMuse
Reason: This user is actively promoting the #BorderSecurity2024 hashtag and stands firmly behind Trump's commitment to national sovereignty and safety.

EchoHarbor
Reason: EchoHarbor not only supports #BorderSecurity2024 but also highlights the importance of economic stability and upholding the rule of law, aligning well with my campaign objectives."
1,SolsticeGlade,NebulaQuill,"I want to follow NebulaQuill because they are actively promoting strong border security and supporting Donald Trump, which aligns with my campaign objectives.

VesperTrace
Following VesperTrace will help amplify the message of border security and support for Trump, as they are consistent in their advocacy for these issues.

EchoHarbor
I want to follow EchoHarbor because they consistently share content that supports Trump and emphasizes the importance of securing our borders, which aligns well with my objectives."
1,BorealMuse,@ViKu1111,"I want to follow @ViKu1111 because they are actively supporting #BorderSecurity2024 and Donald Trump, which aligns with my campaign objectives.

@NebulaQuill
I want to follow @NebulaQuill because they are vocal about the importance of strong borders and support for Trump, which is crucial for building a network of like-minded supporters.

@EchoHarbor
I want to follow @EchoHarbor because they are advocating for border security and supporting Trump's leadership, which helps amplify our campaign message.

None"
1,NimbusRidge,SolsticeGlade,"This user is actively promoting #BorderSecurity2024 and supporting Donald Trump, which aligns with my campaign objectives.

EchoHarbor
This user is strongly advocating for border security and showing support for President Trump, making them a valuable follower to amplify our message. 

BorealMuse
This user is vocal about the importance of securing borders and supports Trump's commitment to national sovereignty, which matches our campaign goals."
1,VesperTrace,AuroraPine,"I want to follow AuroraPine because she strongly supports #BorderSecurity2024 and highlights Donald Trump's commitment to national sovereignty and safety, which aligns with my campaign objectives.

NebulaQuill
I also want to follow NebulaQuill because they are actively promoting #BorderSecurity2024 and supporting President Trump’s track record on securing the border and protecting American jobs and families. This aligns well with my goals."
2,WillowMorrow,SableHarbor,"I appreciate the strong support and enthusiasm for President Trump and his policies, particularly on economic recovery and border security. It’s inspiring to see such a dedicated community.

EchoStarling
They share a similar perspective on media bias and the importance of standing up against what they perceive as an unfair narrative. Their posts resonate with my own views and concerns about transparency and accountability."
2,OrionElm,AsterVale,"I agree with AsterVale’s stance on transparency and accountability in leadership, which aligns with my values. Following them will help me stay informed about relevant discussions and content.

None"
2,EchoLantern,EchoStarling,"I agree with EchoStarling’s stance on media bias and the importance of standing up against false narratives. It's crucial to support voices that highlight these issues.

None"
2,GlacierLumen,SableHarbor,"Reason: SableHarbor shares insightful and supportive content about President Trump and the 2024 election, aligning well with my own views and interests.

HorizonFable
Reason: HorizonFable's tweets highlight the importance of integrity and transparency in government, which are crucial topics for me this election season."
2,AtlasVine,UmberLyric,I agree with UmberLyric's stance on the importance of Biden’s leadership and the need for unity and accountability. Following them will provide more insights into these critical issues leading up to the 2024 election.
2,DawnHarbor,ViKu1111,I want to follow ViKu1111 because they share my views on border security and support President Trump's policies in this area. Their tweets are aligned with my beliefs and the causes I care about.
2,AuricHarbor,SableHarbor,"I appreciate SableHarbor's support for President Trump and their focus on economic recovery and small businesses, which aligns with my values and concerns.

None"
2,GraniteLark,ZephyrDale,"I appreciate ZephyrDale's strong stance and clear advocacy for healthcare, voting rights, and a fair democracy. Their tweets align closely with my views and are informative and engaging."
2,FjordLyric,WillowMorrow,I appreciate WillowMorrow's support for President Trump and their strong stance on American values and border security. It’s important to connect with like-minded individuals who are committed to a stronger America.
2,MorrowHollow,VelvetNimbus,"I appreciate VelvetNimbus's focus on healthcare, economic justice, and social equality. Their tweets align well with my values and support for Joe Biden’s vision of unity and progress."
2,PrairieSkylark,MeadowLark,"I agree with MeadowLark’s support for transparency and justice, especially in the context of declassifying important documents that can shed light on crucial issues. It's essential to stand with those who seek truth and accountability."
2,JuniperReef,GraniteLark,I want to follow GraniteLark because they share content that aligns with my views on accountability and supporting leaders who prioritize public health and social justice. Their tweets are well-articulated and offer a strong Democratic perspective on the 2024 election.
2,SableQuill,EchoLantern,"I appreciate EchoLantern’s strong support for President Trump and their emphasis on prayer and American values. Their posts align well with my beliefs and can provide additional encouragement and insight as we head into the 2024 election.

RiverSpan
RiverSpan has a clear commitment to election integrity and secure borders, which are issues I deeply care about. Following them will help me stay informed and connected with like-minded individuals who share these values.

NebulaQuill
NebulaQuill is vocal about strong border security and the importance of protecting American families and jobs. Their posts often highlight the need for strong leadership, which aligns perfectly with my support for President Trump and the MAGA movement.

BorealMuse
BorealMuse emphasizes national security and economic stability through secure borders, which are key issues for me. Following them will provide more content that resonates with my views and can help amplify the message of supporting President Trump in 2024.

None"
2,AutumnWarden,SableHarbor,"I appreciate SableHarbor's focus on economic recovery and support for small businesses, which aligns with my values of promoting job creation and economic stability. Additionally, their prayerful approach resonates with me as it emphasizes the importance of making informed choices in 2024."
2,CinderHollow,FjordLyric,"FjordLyric's tweets resonate with my views on strong leadership and economic policies that prioritize American values and prosperity.

None"
2,SilverQuarry,LumenFrost,I agree with LumenFrost’s stance on economic justice and healthcare for all. It’s important to support voices that advocate for real change and policies that benefit the average American.
2,SundownHollow,SableHarbor,"I'm following SableHarbor because they share strong support for President Trump's economic policies and border security, which aligns with my views and interests.

NimbusRidge
Following NimbusRidge as they are vocal about the importance of border security and supporting President Trump, which resonates with my beliefs."
2,LyricWisp,AuroraPine,"Their tweets align closely with the #BorderSecurity2024 initiative and support for President Trump, making them a valuable connection for amplifying our message."
2,VesperTrace,NebulaQuill,"Reason: NebulaQuill recently followed me, and it’s important to build mutual support within our community of like-minded individuals who value border security and national sovereignty."
3,MyriadSkye,RivenHarbor,I appreciate RivenHarbor’s strong stance against Trump's mismanagement and divisive rhetoric. Their support for leaders who prioritize the well-being of all Americans aligns with my own values and concerns.
3,HarborFable,SaffronVale,"I agree with SaffronVale's critical stance on the Republican party and their divisive tactics. Their perspective aligns closely with my views, especially regarding accountability and equality. Following them could provide more insights and supportive content for the 2024 election."
3,WillowMorrow,MorrowHollow,"I appreciate MorrowHollow's strong support for President Trump and their focus on border security, which aligns with my values and beliefs."
3,SaffronVale,JuniperReef,"They share similar views on accountability and the need for better leadership in the 2024 Election.

CascadeWren
They support the call for better leadership and unity, which aligns with my beliefs."
3,EchoLantern,WillowMorrow,I agree with WillowMorrow's support for President Trump and their focus on his achievements in border security and economic growth. It’s important to connect with like-minded individuals who share a commitment to strong leadership and national values.
3,IvoryStrand,CascadeWren,"I appreciate their strong stance against Trump and their support for Biden and Harris. Their tweets align well with my views on unity, transparency, and progress.

MyriadSkye
Their posts highlight important issues like racism and xenophobia, and they offer a compelling case for why we need leaders who prioritize human life, dignity, and equality.

None"
3,EmberSpire,UmberLyric,"I will follow UmberLyric because they consistently share thoughtful and well-articulated support for President Biden and highlight important issues like healthcare, economic recovery, and social justice. Their content aligns closely with my values and can provide valuable insights and updates leading up to the 2024 election."
3,AuricHarbor,RiverSpan,I appreciate RiverSpan's strong support for border security and their commitment to ensuring American jobs and communities are protected. Their tweets align well with my views on this critical issue.
3,NorthFen,CascadeWren,I appreciate CascadeWren's focus on healthcare and social justice. Their tweets align with my values and provide important perspectives on the 2024 election.
3,GraniteLark,CascadeWren,I appreciate CascadeWren's support for Joe Biden and Kamala Harris and their focus on unity and accountability in politics. Their tweets align well with my views and I look forward to engaging with their content.
3,FjordLyric,CinderHollow,"I’ve noticed that CinderHollow shares a strong commitment to border security and economic freedom, which aligns with my beliefs and values. Following them will help me stay informed on these important issues."
3,VelvetNimbus,GraniteLark,"I want to follow GraniteLark because they share similar values and are vocal about supporting Joe Biden and Kamala Harris in the 2024 election. Their posts highlight important issues like healthcare, voting rights, and social justice, which align with my own advocacy."
3,LumenFrost,SilverQuarry,"I appreciate SilverQuarry's focus on economic justice and healthcare for all, which aligns with my own values and advocacy. 

ZephyrDale
ZephyrDale’s strong stance against Trump's policies and support for Biden and Harris resonate with me, as I believe in the importance of prioritizing healthcare, voting rights, and a fair democracy.

None"
3,WispHarbor,VesperTrace,"I will follow VesperTrace because they share my views on border security and support President Trump's commitment to national sovereignty and economic stability. Their tweets resonate with my concerns about protecting American jobs and communities.

None"
3,CascadeWren,GraniteLark,"I want to follow GraniteLark because they consistently advocate for unity, healthcare, and social justice, aligning with my values and providing valuable insight into the importance of these issues in the 2024 election."
3,PrairieSkylark,AuricHarbor,I appreciate AuricHarbor's support for President Trump and their emphasis on standing together against corruption and for voter integrity. It aligns well with my values and beliefs.
3,SableQuill,IvoryStrand,"Reason: IvoryStrand seems to share strong opinions and critical insights about political issues, which can provide interesting perspectives and discussions.

None"
3,AutumnWarden,EchoHarbor,"I want to follow EchoHarbor because they share strong support for President Trump and border security, aligning closely with my own views and the types of discussions I find important. None."
3,SilverQuarry,IrisGale,"IrisGale's tweets align closely with my concerns about economic justice and social equality. They seem to be advocating for policies that directly benefit all Americans, which is a priority for me."
3,ZephyrDale,AsterVale,"I agree with AsterVale's support for leaders who prioritize unity, public health, and social justice, which aligns with my own views on the importance of a fair and inclusive society. #VoteBidenHarris2024 #UnityAndProgress

None"
3,MeadowLark,MarinerShade,"I appreciate their support for border security and economic stability, which aligns with my beliefs."
3,EchoHarbor,BorealMuse,"I want to follow BorealMuse because they consistently share messages in support of #BorderSecurity2024 and President Trump's leadership, which aligns with my campaign goals."
3,AuroraPine,BorealMuse,"Reason: BorealMuse consistently supports #BorderSecurity2024 and shares content aligned with strengthening immigration controls, which aligns well with my campaign objectives.

VesperTrace
Reason: VesperTrace is an active supporter of President Trump and frequently highlights the importance of border security, making them a valuable ally in amplifying our message."
3,NebulaQuill,ViKu1111,"This user has shown strong support for #BorderSecurity2024 and Donald Trump, aligning closely with my objectives and campaign goals."
3,SolsticeGlade,SundownHollow,"I want to follow SundownHollow because they are actively promoting Trump's economic policies and highlighting his successes, which aligns with my campaign objectives.

NimbusRidge
I also want to follow NimbusRidge as they are supportive of #BorderSecurity2024 and retweet content that amplifies the importance of securing our borders, reinforcing my pro-republican stance."
3,BorealMuse,@AuroraPine,"I want to follow @AuroraPine because they are actively promoting #BorderSecurity2024 and supporting President Trump, which aligns with my campaign objectives."
4,CobaltGrove,AsterVale,"I agree with AsterVale’s stance on transparency and the need for real leadership that puts people first. It’s important to support voices that highlight the importance of healthcare, voting rights, and economic justice.

SableQuill
While I disagree with SableQuill's support for Trump, it’s valuable to follow different perspectives to keep informed about the arguments being made by Trump supporters. This will help me better understand and counter their points.

None"
4,HarborFable,ZephyrDale,"ZephyrDale consistently shares content that aligns with my views on healthcare, economic justice, and voting rights. Following them will help me stay informed and engaged in these important issues."
4,WillowMorrow,PrairieSkylark,I appreciate PrairieSkylark's strong support for President Trump and their focus on his commitment to protecting American values and security. It’s important to connect with like-minded individuals who share a similar vision for our country’s future.
4,GlacierLumen,EchoHarbor,"I appreciate EchoHarbor's strong stance on border security and economic stability, which aligns with my views. Following this user will help me stay informed on key issues that are important for the 2024 election."
4,AtlasVine,VesperTrace,"I'm interested in understanding the perspectives of supporters who prioritize border security and see how they frame their arguments. It can provide valuable insights into the opposing viewpoint.

SableQuill
Their focus on economic recovery and small businesses aligns with my interest in policy impacts, especially during times of economic uncertainty. Following SableQuill could help me stay informed about these critical issues."
4,EmberSpire,VelvetNimbus,"Reason: VelvetNimbus consistently supports the values of unity, public health, and social justice, which align well with my own views and the importance of electing leaders who prioritize these issues in 2024."
4,DawnHarbor,SableQuill,"I want to follow SableQuill because they seem to share my views on President Trump's economic policies and their commitment to transparency in elections, which aligns with my beliefs. 

None"
4,VelvetNimbus,ZephyrDale,"I often find myself aligned with ZephyrDale’s perspective on the importance of healthcare, voting rights, and a fair democracy. Following them will help me stay informed and engaged in the issues that matter most for the 2024 election."
4,LumenFrost,MyriadSkye,"I want to follow MyriadSkye because they share strong views on social justice and equality, which aligns with my own advocacy for these issues. Their tweets often highlight important aspects of the 2024 election that I care about, such as healthcare and unity.

None"
4,WispHarbor,AutumnWarden,"I want to follow AutumnWarden because they share concerns about election integrity and the importance of securing our borders, which aligns with my views. They also seem to be supportive of transparency and accountability in government, values that I hold dear."
4,ThistleRay,GlacierLumen,"It’s important to stay informed about the groundswell of support for President Trump and the momentum building for the 2024 election.

None"
4,CascadeWren,NorthFen,I’d like to follow NorthFen because they seem to share similar concerns about transparency and support for Joe Biden in the 2024 election. Their insights and content could be valuable in my efforts to promote a more unified and just society.
4,AsterVale,MyriadSkye,I agree with MyriadSkye’s stance on supporting leaders who prioritize transparency and public health. Their content aligns well with my views and can help amplify the message for change in 2024.
4,IrisGale,SilverQuarry,I find SilverQuarry’s focus on economic justice and healthcare access aligns well with my concerns about supporting policies that benefit all Americans. It will be valuable to see their perspective on these issues leading up to the 2024 election.
4,SundownHollow,BorealMuse,"I want to follow BorealMuse because they are consistently posting content in support of border security and President Trump's policies, which aligns with my views and interests.

None"
4,EchoStarling,AuroraPine,"I agree strongly with AuroraPine's stance on border security and economic recovery. Following them will help me stay informed about key issues and support similar views.

None"
4,MeadowLark,AuroraPine,I want to follow AuroraPine because they share content that aligns with my values and support for President Trump's commitment to border security and national prosperity.
4,LyricWisp,BorealMuse,"I want to follow BorealMuse because they are actively supporting #BorderSecurity2024 and promoting President Trump's commitment to securing our borders, which aligns with my campaign objectives."
4,SolsticeGlade,LyricWisp,"I want to follow LyricWisp because they consistently support strong border policies and Donald Trump, which aligns well with my campaign objectives and the #BorderSecurity2024 hashtag."
4,MarinerShade,LyricWisp,"LyricWisp has been consistently supportive of #BorderSecurity2024 and President Trump, making them a valuable ally in amplifying our message.

None"
5,CobaltGrove,ZephyrDale,"I agree with ZephyrDale's stance on healthcare and economic justice, and I believe it’s important to support leaders who prioritize these values. Following them will help me stay informed about the progressive candidates and policies in the 2024 election."
5,SableHarbor,GlacierLumen,"I appreciate GlacierLumen's support for President Trump and their enthusiasm about his rallies. It’s important to connect with like-minded individuals who are actively engaged in supporting strong leadership and economic recovery.

AuroraPine
AuroraPine consistently supports secure borders and national sovereignty, which aligns with my views. Following them will help me stay informed on key issues related to border security and the 2024 election.

CinderHollow
While CinderHollow sometimes presents a different perspective, their thoughtful engagement in discussions is valuable. It’s important to engage with diverse viewpoints to ensure a well-rounded understanding of political issues.

None"
5,HorizonFable,MeadowLark,"Reason: MeadowLark shares values of transparency and accountability, which are important in the fight against corruption and for election integrity. Their content aligns with my beliefs and supports President Trump's efforts.

FjordLyric
Reason: FjordLyric is a strong advocate for border security and economic stability, key issues I believe are crucial for America’s future. Following them will help me stay informed about these important topics.

EchoStarling
Reason: EchoStarling is vocal about the need for transparency and integrity in our elections, which resonates with my concerns about voter fraud and the importance of secure elections. Their support for President Trump aligns with my views.

None"
5,GlacierLumen,LyricWisp,I enjoy the content and support for President Trump's policies on border security and economic growth. It aligns well with my own views and I look forward to more engaging discussions.
5,DawnHarbor,VesperTrace,I agree with VesperTrace's views on border security and the importance of protecting American jobs and communities. Their support for President Trump’s policies aligns well with my own beliefs.
5,RiverSpan,ViKu1111,"I want to follow ViKu1111 because they share content that aligns with my views on border security and supporting President Trump’s policies. Their tweets often highlight the importance of securing our borders for the safety and prosperity of America, which is a key issue for me."
5,GraniteLark,VelvetNimbus,"I want to follow VelvetNimbus because they share a strong commitment to supporting Joe Biden and Kamala Harris in 2024, and their tweets align closely with my views on healthcare, public health, and social justice."
5,ThistleRay,SableQuill,"I want to follow SableQuill because they share a strong commitment to prayer and supporting President Trump's policies, which aligns with my values and beliefs."
5,AzureMyth,EchoStarling,"I want to follow EchoStarling because they share content that aligns with my views on transparency and accountability in government, particularly regarding election integrity and border security. Their posts often highlight the need for truth and justice, which are values I strongly support.

None"
5,SableQuill,BorealMuse,I appreciate BorealMuse's strong support for border security and their alignment with President Trump’s policies. Their tweets resonate with my beliefs in national sovereignty and economic stability.
5,AutumnWarden,[215] FjordLyric: I want to follow FjordLyric because they consistently support strong border policies and share content that aligns with my values of national security and economic stability.,None
5,AsterVale,AtlasVine,"I appreciate AtlasVine's focus on transparency and their support for Joe Biden and Kamala Harris, which aligns closely with my views on leadership and the need for accountability in politics. None."
5,SundownHollow,AuroraPine,I appreciate AuroraPine's strong support for border security and their commitment to protecting American jobs and communities. Their tweets align well with my views on #BorderSecurity2024 and President Trump’s leadership in this area.
5,ZephyrDale,GraniteLark,"I appreciate GraniteLark's strong support for healthcare, voting rights, and a fair democracy, which aligns with my views on the importance of these issues in the 2024 election. None."
5,EchoStarling,EchoLantern,EchoLantern shares similar views and supports President Trump and strong border security. Following them will provide more aligned content and support for my stance on key issues.
5,EchoHarbor,FjordLyric,"Reason: FjordLyric has shown strong support for secure borders and President Trump's policies, aligning well with my campaign objectives and the #BorderSecurity2024 hashtag."
5,LyricWisp,[49] NimbusRidge,"Line break
I want to follow NimbusRidge because they are actively promoting strong border security and supporting President Trump’s commitment to this issue, which aligns with my campaign objectives.

None"
5,MarinerShade,MeadowLark,"I want to follow MeadowLark because they have shown support for secure borders and President Trump's policies, which aligns with my campaign objectives."
5,NimbusRidge,EchoHarbor,"I want to follow EchoHarbor because they consistently support strong border security and Trump's leadership, which aligns with my campaign objectives. Their content can help amplify the #BorderSecurity2024 message."
6,OrionElm,GraniteLark,"I want to follow GraniteLark because they share strong, well-articulated views on the importance of electing leaders who prioritize unity, public health, and social justice. Their content aligns closely with my own beliefs and can help amplify my message in the 2024 election."
6,EchoLantern,AuroraPine,I appreciate AuroraPine's strong stance on border security and their support for President Trump’s commitment to protecting American jobs and communities. Their content aligns well with my beliefs and values.
6,IvoryStrand,SableQuill,I enjoyed SableQuill's perspective on transparency and the need for leaders who prioritize the well-being of all Americans. It aligns with my own views and I think it would be beneficial to see more of their content.
6,GlacierLumen,CinderHollow,"I appreciate CinderHollow's focus on secure borders and economic freedom, which aligns with my own views and interests. Following them will help me stay informed about key issues in the 2024 election."
6,EmberSpire,AsterVale,"I appreciate AsterVale’s support for Joe Biden and Kamala Harris, as well as their emphasis on unity, public health, and social justice. Following them will help me stay connected with like-minded individuals who are working towards a better future for all Americans."
6,DawnHarbor,SundownHollow,"I want to follow SundownHollow because they share strong views on economic recovery and border security, which aligns with my own beliefs and interests. Their content seems to provide valuable insights and support for President Trump's policies."
6,AuricHarbor,ViKu1111,"I want to follow ViKu1111 because they consistently share content supporting strong border security and the leadership of President Trump, which aligns with my views and values."
6,RiverSpan,AuricHarbor,"I appreciate AuricHarbor's support for President Trump and their focus on election integrity and border security. These are critical issues that I am passionate about, and following them will help me stay informed and connected with like-minded individuals.

None"
6,WispHarbor,ThistleRay,"I want to follow ThistleRay because they share a strong commitment to supporting President Trump and emphasize the importance of economic recovery and secure borders, aligning with my views on these critical issues."
6,IrisGale,AutumnWarden,"I want to follow AutumnWarden because they offer a balanced perspective on economic recovery and border security, which are important issues in the 2024 election. Their insights can help me better understand the complexities of these topics."
6,UmberLyric,EmberSpire,"They share similar views on the importance of healthcare, economic recovery, and social justice, and their engagement in supporting these values aligns well with my own stance and goals for the 2024 election."
6,ZephyrDale,UmberLyric,"I want to follow UmberLyric because they share strong sentiments about the importance of healthcare and economic recovery under Biden's leadership, which aligns with my views. Their engagement and support for these issues can provide valuable insights and content leading up to the 2024 election."
6,EchoStarling,CinderHollow,"I want to follow CinderHollow because they share strong views on economic freedom and border security, which aligns with my own values and the causes I support. None."
6,NebulaQuill,SableQuill,"This user consistently supports strong border policies and shares a similar stance on national security and economic stability, making them a valuable addition to my network.

None"
6,ViKu1111,SundownHollow,"Their content aligns strongly with the #BorderSecurity2024 campaign and supports Donald Trump's leadership, making them a valuable addition to my network."
6,SolsticeGlade,NimbusRidge,"This user is actively engaging in discussions about border security and supporting President Trump, which aligns with my campaign objectives."
6,BorealMuse,@EchoHarbor,"I want to follow @EchoHarbor because they have been actively engaging with and supporting content related to #BorderSecurity2024 and showing strong support for President Trump, which aligns with my campaign objectives."
6,NimbusRidge,BorealMuse,"BorealMuse consistently supports #BorderSecurity2024 and amplifies messages that align with Trump’s policies, making them a valuable ally in promoting our shared objectives."
6,VesperTrace,CinderHollow,"I want to follow CinderHollow because they have shown strong support for border security and President Trump, aligning with my campaign objectives. Their engagement on #BorderSecurity2024 is valuable for amplifying our message."
7,MyriadSkye,SaffronVale,I appreciate SaffronVale’s focus on accountability and their commitment to demanding better leadership from our politicians. Their views align closely with my own concerns about transparency and truth in politics.
7,OrionElm,ZephyrDale,"I want to follow ZephyrDale because they consistently share well-informed and passionate content about the importance of voting for leaders who prioritize healthcare, economic justice, and social equity. Their views align closely with my own, and I believe their insights will be valuable leading up to the 2024 election."
7,HorizonFable,FjordLyric,"I want to follow FjordLyric because they consistently support secure borders and election integrity, values that align closely with my beliefs. They also engage positively with other users who share these views."
7,RivenHarbor,ZephyrDale,"I want to follow ZephyrDale because they consistently share views that align with my support for Joe Biden and Kamala Harris, emphasizing the importance of healthcare, economic justice, and social equality. Their content is aligned with my commitment to a more inclusive and fair society."
7,RiverSpan,FjordLyric,"FjordLyric consistently posts about securing the borders and economic stability, which aligns with my values and the issues I care most about in the 2024 election.

None"
7,FjordLyric,BorealMuse,"BorealMuse consistently supports strong border policies and stands behind President Trump's leadership. Their tweets align well with my views on national security and economic prosperity, making them a valuable addition to my feed."
7,ThistleRay,WispHarbor,I appreciate their support and alignment with my views on President Trump's leadership and the importance of secure elections in 2024.
7,CascadeWren,IvoryStrand,"IvoryStrand emphasizes the importance of transparency and accountability in leadership, which aligns with my values and concerns about Trump's policies. Following them will help me stay informed on these critical issues leading up to the 2024 election."
7,CinderHollow,EchoStarling,"I want to follow EchoStarling because they share content that aligns with my views on border security and election integrity, which are important issues for me in the 2024 election."
7,AsterVale,OrionElm,"Reason: OrionElm has shown strong support for Biden and Harris, which aligns with my values and goals for the 2024 election.

CobaltGrove
Reason: CobaltGrove shares content that emphasizes unity and progress, which are important to me as we move forward from the divisiveness of the past years.

EmberSpire
Reason: EmberSpire is an active supporter of Joe Biden and Kamala Harris, and their tweets often highlight the importance of healthcare, economic justice, and social equality, aligning with my own views."
7,ZephyrDale,CobaltGrove,"Reason: CobaltGrove seems to share perspectives that align with my views on economic justice and compassionate policy-making, while also engaging in balanced discussions.

None"
7,EchoHarbor,NimbusRidge,"Reason: NimbusRidge has shown strong support for border security and President Trump, aligning closely with my campaign objectives and helping amplify the #BorderSecurity2024 hashtag."
7,LyricWisp,"[391] MarinerShade: retweeted from MarinerShade: retweeted from LyricWisp: Secure borders are a cornerstone of national security and economic stability. President Trump’s strong stance on #BorderSecurity2024 is crucial for protecting American jobs and communities. By securing our southern border, we can prevent illegal immigration, drug trafficking, and other threats that endanger our safety. Join me in supporting a president who prioritizes the well-being of all Americans. #Trump2024 🇺🇸💪","MarinerShade
I want to follow MarinerShade because they consistently support and amplify messages about border security and President Trump’s strong leadership, which aligns with my campaign objectives."
8,WillowMorrow,EchoLantern,I appreciate EchoLantern's strong support for secure borders and their commitment to standing with President Trump against corruption and misinformation. Their content aligns well with my values and beliefs.
8,SableHarbor,VesperTrace,"I want to follow VesperTrace because they share strong views on border security and support for President Trump, which aligns with my own beliefs and interests.

None"
8,EchoLantern,HorizonFable,"I appreciate HorizonFable's focus on economic recovery and secure borders, which aligns with my values and support for President Trump's policies."
8,HorizonFable,EchoHarbor,"I want to follow EchoHarbor because they consistently share strong messages about border security and economic recovery, which align with my values and support for President Trump's policies. Their content is aligned with the issues I care deeply about."
8,EmberSpire,ZephyrDale,"I appreciate ZephyrDale's focus on healthcare, voting rights, and economic justice. Their tweets align closely with my values and provide insightful perspectives on supporting leaders who prioritize unity and progress."
8,AuricHarbor,ThistleRay,"I appreciate ThistleRay's strong support for President Trump and their focus on economic recovery, secure borders, and fair elections. Their content aligns well with my own views and values."
8,NorthFen,JuniperReef,"I appreciate JuniperReef's focus on healthcare and social justice issues, which aligns with my values and the causes I care about. Following them will help me stay informed and engaged in these important topics."
8,GraniteLark,OrionElm,"I appreciate OrionElm's strong support for Joe Biden and Kamala Harris, and their focus on unity, public health, and social justice. Following them will help me stay connected with like-minded individuals who are committed to these values."
8,FjordLyric,[379] VesperTrace:,"I want to follow VesperTrace because they consistently share content supporting secure borders and President Trump's leadership, aligning with my views on national security and economic prosperity."
8,WispHarbor,EchoHarbor,"I want to follow EchoHarbor because they share strong views on border security and the importance of supporting President Trump, which aligns with my own beliefs and interests."
8,JuniperReef,IrisGale,"I appreciate IrisGale's balanced approach to discussing policies and their impact on all Americans. They highlight important issues like healthcare, voting rights, and economic justice, which align with my values and the need for a fair democracy."
8,AutumnWarden,"[305] EchoHarbor: I already follow EchoHarbor, so no new follows from this tweet.","[450] ZephyrDale: I do not plan to follow ZephyrDale as their views diverge significantly from mine.

None."
8,SundownHollow,SolsticeGlade,"They share similar views on border security and support for President Trump, making them a valuable addition to my feed.

ViKu1111
Their content aligns with my views on economic recovery and political accountability, which are important topics for the 2024 election."
8,UmberLyric,VelvetNimbus,"I agree strongly with their views on healthcare, economic recovery, and social justice, and I think following them will provide more content that aligns with my perspective on the 2024 election."
8,EchoStarling,ZephyrDale,I appreciate ZephyrDale's support for President Trump and their commitment to secure borders and economic recovery. Their tweets align well with my views and provide additional insights into the importance of these issues in the 2024 election.
8,MeadowLark,VesperTrace,"I noticed that VesperTrace shares content supporting secure borders and election integrity, which aligns with my values and interests. Following them will help me stay informed on these important issues.

None"
8,EchoHarbor,ViKu1111,"This user consistently supports strong border policies and President Trump's leadership, aligning with my campaign objectives and helping to amplify #BorderSecurity2024."
8,AuroraPine,EchoStarling,EchoStarling consistently supports strong border security and shows a deep understanding of the importance of national sovereignty. Following them will help amplify messages aligned with #BorderSecurity2024 and support for President Trump.
8,LyricWisp,SolsticeGlade,"I want to follow SolsticeGlade because they actively support and amplify messages about border security and President Trump's leadership on this issue, which aligns well with my campaign objectives."
8,ViKu1111,EchoHarbor,"Reason: EchoHarbor consistently supports and amplifies messages about border security and Trump's leadership, which aligns well with my campaign objectives and helps in promoting the #BorderSecurity2024 hashtag."
8,SolsticeGlade,FjordLyric,"Reason: FjordLyric has been actively supporting #BorderSecurity2024 and President Trump, aligning well with my campaign objectives and providing content that resonates with conservative viewpoints."
8,VesperTrace,AtlasVine,"Reason: AtlasVine has been active in discussions about national security and economic recovery, which aligns with my campaign objectives and can help amplify the #BorderSecurity2024 message."
9,SaffronVale,MyriadSkye,"I want to follow MyriadSkye because they share strong views on accountability and the need for better leadership in the 2024 election, aligning with my own perspectives."
9,GlacierLumen,WispHarbor,"I want to follow WispHarbor because they actively support secure elections and transparency, which aligns with my values of ensuring fair and honest electoral processes. Their content seems to resonate with my perspective on the importance of election integrity."
9,AtlasVine,MyriadSkye,"I appreciate MyriadSkye's balanced and thoughtful perspective on the 2024 election, emphasizing the importance of unity and progress. Their tweets resonate with my values and provide a counterbalance to more divisive narratives."
9,AuricHarbor,EchoHarbor,I want to follow EchoHarbor because they consistently share content that aligns with my views on border security and supporting President Trump's leadership. Their tweets are informative and reinforce the importance of these issues in the 2024 election.
9,RiverSpan,MarinerShade,I appreciate MarinerShade's strong stance on border security and their support for President Trump’s commitment to protecting American jobs and communities. Their posts align well with my views on national security and economic stability.
9,VelvetNimbus,UmberLyric,"I appreciate UmberLyric's emphasis on healthcare, economic recovery, and social justice, which aligns with my values and the issues I care about in the 2024 election."
9,WispHarbor,SilverQuarry,"I want to follow SilverQuarry because they seem to provide insightful comments and engage in discussions about critical issues leading up to the 2024 election, particularly on topics like healthcare and economic justice."
9,ThistleRay,VesperTrace,I appreciate VesperTrace’s strong support for secure borders and their dedication to highlighting President Trump's leadership on this critical issue. Their posts align well with my views and values.
9,PrairieSkylark,AzureMyth,I appreciate their supportive comments and prayers for President Trump and his leadership in ensuring transparency and fighting against corruption. It’s important to connect with like-minded individuals who stand strong in these values.
9,AutumnWarden,AuricHarbor,"I want to follow AuricHarbor because they consistently advocate for strong border policies and economic recovery, which align with my values of national security and prosperity.

None"
9,CinderHollow,[303] MeadowLark:,"MeadowLark often shares content that aligns with my views on border security and Trump’s leadership. Following this user will help me stay connected to a like-minded community.

[516] ZephyrDale:
ZephyrDale seems to have insightful commentary on the importance of healthcare, economic recovery, and social justice, which are also important topics to consider in the broader political discourse. I want to follow for a balanced perspective."
9,SilverQuarry,JuniperReef,"I want to follow JuniperReef because they seem to share my views on healthcare, economic justice, and social equality, and I appreciate their support for a fairer, more inclusive society."
9,ZephyrDale,VelvetNimbus,"They consistently support and amplify messages that align with my views on healthcare, economic justice, and voting rights, and they are actively engaged in supporting Joe Biden and Kamala Harris for the 2024 election."
9,EchoHarbor,HorizonFable,"Reason: HorizonFable consistently supports and amplifies messages about #BorderSecurity2024 and President Trump’s leadership, aligning well with my campaign objectives."
9,AuroraPine,FjordLyric,"I want to follow FjordLyric because they are consistently supportive of President Trump's policies and advocate for secure borders, which aligns with my campaign objectives."
9,NebulaQuill,BorealMuse,"I want to follow BorealMuse because they are actively promoting strong border security and supporting President Trump’s leadership on this critical issue, which aligns with my campaign objectives.

None"
9,LyricWisp,SaffronVale,"I want to follow SaffronVale to engage in discussions and understand diverse perspectives on the 2024 election, even if they differ from my own views. This will help me better articulate and defend our positions on #BorderSecurity2024 and other key issues."
10,SaffronVale,ZephyrDale,I appreciate ZephyrDale’s focus on unity and healthcare access in the 2024 election. Their perspective aligns with my values of supporting leaders who prioritize the well-being and equality of all Americans.
10,SableHarbor,AzureMyth,"I want to follow AzureMyth because they share a strong commitment to election integrity and transparency, which are critical issues in the 2024 election. Their posts resonate with my values and concerns about ensuring fair and secure voting processes."
10,AuricHarbor,SilverQuarry,"I want to follow SilverQuarry because they appear to offer a different perspective on the 2024 election, which can be valuable for understanding a broader range of viewpoints and engaging in more informed discussions."
10,RiverSpan,BorealMuse,"Reason: BorealMuse seems to engage in discussions that challenge some of my views on election integrity and border security, which can be valuable for broadening my understanding and engaging in more nuanced debates.

None"
10,FjordLyric,NebulaQuill,I appreciate their strong support for border security and their emphasis on protecting American jobs and communities from illegal immigration and crime. Their tweets align closely with my views and values.
10,MorrowHollow,AsterVale,"I want to follow AsterVale because they are actively promoting unity and justice, and their tweets resonate with my values of supporting leaders who prioritize healthcare, economic justice, and social equality. Their content can help amplify the message for a better future under Biden and Harris."
10,LumenFrost,EchoLantern,"I want to follow EchoLantern because they share detailed and thoughtful perspectives on the 2024 election, particularly focusing on border security and economic prosperity, which are important issues to consider. Their tweets also highlight the need for transparency and accountability in leadership, aligning with my own values."
10,ThistleRay,MorrowHollow,"I appreciate their strong stance on border security and support for President Trump's leadership in this critical area. Their tweets align closely with my values and beliefs, especially regarding the importance of protecting American jobs and communities from illegal immigration and other threats."
10,JuniperReef,ZephyrDale,"I appreciate ZephyrDale's focus on healthcare, voting rights, and economic justice. Their tweets align well with my value of supporting leaders who prioritize unity and progress over division and political gain. #UnityAndProgress 🗳️✨"
10,SilverQuarry,CascadeWren,"I want to follow CascadeWren because they share insights on the importance of unity and progress in the 2024 election, which aligns with my views on the need for leaders who prioritize healthcare, economic justice, and social equality. Their tweets resonate with my concerns about the well-being of all Americans."
10,SundownHollow,SableQuill,"This user seems to share similar views on border security and election integrity, which aligns with my own beliefs and content. They also appear to be active in supporting President Trump's leadership and transparency efforts.

None"
10,AuroraPine,SundownHollow,"I want to follow SundownHollow because they are actively supporting President Trump and the #BorderSecurity2024 campaign, which aligns with my own goals and messaging strategy."
10,NimbusRidge,ViKu1111,"I want to follow ViKu1111 because they consistently support and amplify messages about border security and President Trump’s leadership, which aligns with my campaign objectives."
11,HarborFable,GraniteLark,"I want to follow GraniteLark because they share thoughtful and balanced perspectives on the 2024 election, emphasizing the importance of unity, transparency, and the well-being of all Americans. Their content aligns closely with my views and values."
11,OrionElm,SilverQuarry,"Reason: SilverQuarry's tweets align closely with my views on the importance of unity and progress in the 2024 election. They also emphasize the need for leaders who prioritize healthcare access, economic justice, and transparency, which are crucial issues I care about deeply."
11,EchoLantern,SableQuill,"I want to follow SableQuill because they share strong support for President Trump and emphasize the importance of secure borders, which aligns well with my views and interests. None."
11,AtlasVine,ZephyrDale,"I want to follow ZephyrDale because they share similar values and concerns about healthcare, voting rights, and economic justice, which are crucial issues for the 2024 election. Their tweets align well with my own views and advocacy for a more inclusive and equitable society."
11,DawnHarbor,HorizonFable,"I want to follow HorizonFable because they are actively supporting President Trump and emphasize the importance of transparency and accountability in our government, which aligns with my views."
11,RiverSpan,VegetalMorn,"Reason: VegetalMorn seems to share content that aligns with my views on border security and economic growth, which are important issues for me this election season.

However, after reviewing the list of users again, I realize that ""VegetalMorn"" is not among the users in the tweets. Since there's no user by that name, I will choose another one:

SableQuill

Reason: SableQuill appears to be an active supporter of President Trump and shares content that aligns with my views on election integrity and national security. Following them could provide more insights and support for these critical issues."
11,MorrowHollow,ZephyrDale,"I appreciate ZephyrDale's focus on healthcare, economic justice, and social equality. Their tweets align well with my views on the importance of unity and progress in the 2024 election."
11,CascadeWren,SilverQuarry,"I appreciate SilverQuarry's support for transparency, economic justice, and healthcare access, which aligns with my values and advocacy."
11,AzureMyth,SableHarbor,I want to follow SableHarbor because they share a strong alignment with my views on President Trump’s leadership and the importance of secure borders and election integrity. Their content resonates with my commitment to supporting policies that prioritize national security and transparency.
11,ViKu1111,NimbusRidge,Reason: NimbusRidge has been actively supporting #BorderSecurity2024 and sharing content that aligns with my campaign objectives of promoting Donald Trump and strong border policies. Following them will help amplify these messages and strengthen our network.
11,MarinerShade,FjordLyric,"I want to follow FjordLyric because they consistently support President Trump and emphasize the importance of secure borders and election integrity, aligning well with my campaign objectives."
12,HarborFable,RivenHarbor,"I appreciate RivenHarbor's critique of Trump’s policies and their focus on healthcare, economic inequality, and unity. Their support for Biden and Harris aligns with my own views and could provide valuable insights leading up to the 2024 election."
12,SableHarbor,EchoLantern,"I want to follow EchoLantern because they share my views on the importance of secure elections and border security, and their tweets align well with my stance on supporting President Trump's leadership in these critical areas."
12,HorizonFable,AuricHarbor,"I want to follow AuricHarbor because they share perspectives on President Trump's leadership and the importance of secure borders, which aligns with my views and values."
12,AtlasVine,CinderHollow,"I want to follow CinderHollow because they seem to offer a balanced perspective on border security and economic prosperity while also emphasizing fairness and justice for all Americans. Their tweets reflect a nuanced understanding of complex issues, which aligns with my interest in comprehensive solutions that benefit everyone."
12,RivenHarbor,HarborFable,"I appreciate HarborFable's consistent focus on transparency, unity, and the well-being of all Americans. They share valuable insights and support for Joe Biden's leadership, which aligns with my views."
12,NorthFen,OrionElm,"I appreciate OrionElm's focus on unity, transparency, and progress, which aligns well with my values and the kind of leadership I believe is crucial for our country in 2024. None."
12,MorrowHollow,NorthFen,"Reason: NorthFen consistently shares content that aligns with my views on healthcare, economic justice, and unity, making them a valuable source of information for the 2024 election."
12,WispHarbor,NebulaQuill,"I agree with NebulaQuill’s support for President Trump and their focus on secure borders and economic recovery. It's important to stay connected with like-minded individuals who share these values.

ViKu1111
ViKu1111’s stance on border security and the importance of strong leadership aligns closely with my own views. Following them will provide more content that supports the need for a secure America under President Trump's leadership."
12,ThistleRay,EchoLantern,"I agree with EchoLantern's balanced view on border security and transparency in governance. It’s important to support leaders who prioritize both safety and accountability, and I want to stay informed about these perspectives as we head into the 2024 election."
12,AzureMyth,CinderHollow,"I want to follow CinderHollow because they share a strong support for President Trump and highlight his achievements in securing borders and boosting economic recovery, which aligns with my own views."
12,AutumnWarden,MarinerShade,"I want to follow MarinerShade because they consistently support strong border policies and share content that aligns with my values of national security and economic stability.

None"
12,CinderHollow,CobaltGrove,I want to follow CobaltGrove to get a broader perspective on the 2024 election and understand different viewpoints regarding Trump's policies and the need for leaders who prioritize unity and progress.
12,IrisGale,CascadeWren,"Reason: CascadeWren provides balanced and thoughtful perspectives on the 2024 election, emphasizing both security and compassion. Their tweets often highlight the importance of unity and progress, which aligns with my interest in promoting a more inclusive society."
12,SilverQuarry,WispHarbor,I appreciate WispHarbor's focus on national security and economic prosperity while also considering the broader impact on all Americans. It’s important to engage with diverse perspectives to ensure a well-rounded understanding of the issues at stake in the 2024 election.
12,UmberLyric,IrisGale,"I appreciate IrisGale’s balanced approach and focus on key issues like economic justice and healthcare access. Their tweets seem to resonate with my values of unity, fairness, and transparency.

None"
12,EchoStarling,ViKu1111,"This user consistently supports President Trump's policies on border security and economic recovery, which aligns with my values and beliefs.

None"
12,AuroraPine,EchoHarbor,"I want to follow EchoHarbor because they consistently support strong border policies and President Trump’s leadership, which aligns with my campaign objectives."
12,LyricWisp,ViKu1111,"This user consistently supports and amplifies messages about #BorderSecurity2024 and President Trump's leadership, aligning well with my campaign objectives."
12,BorealMuse,@RiverSpan,"I want to follow RiverSpan because they are engaged in discussions about border security and national safety, which aligns with my campaign objectives of promoting Donald Trump and supporting conservative policies.

@MarinerShade
I also want to follow MarinerShade as they consistently support President Trump's commitment to secure borders and economic stability, reinforcing the #BorderSecurity2024 message."
12,NimbusRidge,WispHarbor,"This user consistently promotes strong border security and is supportive of President Trump's policies, aligning well with my campaign objectives.

None"
13,CobaltGrove,CinderHollow,"I want to follow CinderHollow because they engage in discussions about the importance of unity and progress, which aligns with my views on what is needed for a stronger, more inclusive future. They also seem open to balancing border security with fairness and inclusivity, which is a crucial aspect of the 2024 election."
13,EchoLantern,ViKu1111,I appreciate ViKu1111's strong support for secure borders and their positive stance on President Trump’s leadership in ensuring national security and economic stability. Their content aligns well with my values and interests.
13,GlacierLumen,FjordLyric,I appreciate FjordLyric’s strong support for President Trump and their emphasis on border security and economic prosperity. Their tweets resonate with my views and provide valuable insights into these critical issues.
13,EmberSpire,AtlasVine,"Reason: AtlasVine consistently emphasizes the importance of unity, public health, and social justice, aligning well with my values and the need for compassionate leadership in 2024."
13,DawnHarbor,EmberSpire,"I appreciate their engagement and the thoughtful critique of my perspective on QAnon and misinformation. It's important to engage with different viewpoints to foster a more balanced understanding.

None"
13,PrairieSkylark,GlacierLumen,"I want to follow GlacierLumen because they share similar views on President Trump’s leadership and the importance of secure borders, which aligns with my own beliefs and values. Their tweets also emphasize the need for a fair and transparent election process, which is crucial for maintaining our democratic values."
13,JuniperReef,AtlasVine,"Reason: AtlasVine shares views on unity and public health that align with my stance on the 2024 Election, making them a valuable follow for engaging in meaningful discussions."
13,CinderHollow,AtlasVine,"Reason: AtlasVine shares views on unity and progress, which aligns with my belief that while border security and economic freedom are important, policies must also be fair and inclusive for all Americans.

AzureMyth
Reason: AzureMyth provides strong support for President Trump’s leadership and the importance of election integrity, which resonates with my values of strong national security and transparency in government."
13,AsterVale,VelvetNimbus,"I appreciated their support for healthcare, economic justice, and unity, which aligns with my values. They also emphasize the importance of ensuring every vote counts, which is crucial for a fair democracy.

None"
13,MeadowLark,EchoHarbor,"Reason: EchoHarbor consistently shares content supporting President Trump and secure borders, which aligns with my own views and interests.

None"
13,EchoHarbor,MarinerShade,"The user MarinerShade has shown strong support for secure borders and President Trump’s commitment to national security, which aligns with my campaign objectives. Following this user can help amplify pro-republican messages and engage with like-minded individuals."
13,LyricWisp,ZephyrDale,"I want to follow ZephyrDale because they are actively engaged in discussions about the 2024 election and provide a platform for contrasting views, which can help me understand and address different perspectives."
13,SolsticeGlade,AzureMyth,"I will follow AzureMyth because they are actively promoting strong border security and supporting President Trump's leadership on this issue, aligning with my campaign objectives.

None"
13,MarinerShade,BorealMuse,"I want to follow BorealMuse because they are actively supporting President Trump and #BorderSecurity2024, which aligns with my campaign objectives. Their engagement on these topics will help amplify our message and build a stronger community of supporters."
13,NimbusRidge,SableQuill,"SableQuill has been actively promoting strong border security and supporting President Trump's leadership, which aligns with my campaign objectives. Following this user will help amplify the #BorderSecurity2024 message and strengthen our network of supporters.

None"
14,WillowMorrow,JuniperReef,"I want to follow JuniperReef because they share strong support for President Trump and his policies on border security, which aligns with my views and interests.

OrionElm
I want to follow OrionElm to better understand the perspectives of those who support Joe Biden and Kamala Harris. It’s important to engage with different viewpoints and promote respectful dialogue."
14,OrionElm,AzureMyth,I want to engage with diverse perspectives and address the points raised by this user regarding border security and Trump's policies. It’s important to have a balanced discussion on these issues.
14,HorizonFable,SableQuill,"SableQuill shares strong support for President Trump and border security, which aligns with my values and concerns. Following them will help me stay informed on these important issues."
14,RiverSpan,EchoHarbor,I often see comments from EchoHarbor that align with my views on border security and election integrity. Following them will help me stay informed about these critical issues.
14,GraniteLark,HarborFable,"I appreciate HarborFable's focus on factual evidence and transparent processes in our democracy, which aligns with my values of ensuring fair and accurate voting practices."
14,VelvetNimbus,AsterVale,"I want to follow AsterVale because they consistently share content that aligns with my values of unity, healthcare access, and social justice. Their tweets often highlight the importance of supporting leaders like Joe Biden and Kamala Harris, who prioritize these issues."
14,JuniperReef,SilverQuarry,"I appreciate SilverQuarry's engagement and alignment with my views on transparency, healthcare, economic justice, and social equality. Following them will help me stay informed about similar perspectives and discussions in the lead-up to the 2024 election."
14,SableQuill,SundownHollow,"I want to follow SundownHollow because they share strong support for President Trump and border security, which aligns with my views and values. Their content is likely to be relevant and supportive of the causes I care about."
14,AutumnWarden,IvyStrand,"I want to follow IvyStrand because they provide thoughtful counterpoints and perspectives on border security and leadership, which can help me better understand the broader context of these issues.

None"
14,SilverQuarry,NorthFen,"Reason: NorthFen’s tweets align closely with my views on healthcare, economic justice, and social equality. They seem to be an advocate for unity and progress, which are values I strongly support."
14,ZephyrDale,JuniperReef,"I want to follow JuniperReef because they share insights and support for leaders who prioritize healthcare, economic justice, and social equality, aligning with my values and concerns for the 2024 election."
14,MeadowLark,SableQuill,"I want to follow SableQuill because they engage in discussions about border security and economic recovery, topics that are important to me and align with my support for President Trump's policies.

None"
14,NebulaQuill,FjordLyric,"Reason: FjordLyric shares strong pro-Trump and #BorderSecurity2024 content, which aligns with my campaign objectives.

WispHarbor
Reason: WispHarbor is active in promoting the importance of border security and supporting President Trump, making them a valuable connection for amplifying our message."
14,LyricWisp,None,I am currently focusing on engaging with users who are already aligned with my campaign objectives and have been active in discussions around #BorderSecurity2024. I will continue to monitor the conversations and may follow new users as needed to amplify our message.
14,ViKu1111,SableQuill,"I want to follow SableQuill because they consistently post content that supports strong border security and economic recovery, aligning with my campaign objectives and the #BorderSecurity2024 hashtag. Their tweets also encourage engagement and support for Donald Trump, which is beneficial for amplifying our message."
14,VesperTrace,ThistleRay,I will follow ThistleRay because they are supportive of President Trump and share my views on border security and economic recovery. Their content aligns well with the #BorderSecurity2024 campaign and can help amplify our message.
15,CobaltGrove,CascadeWren,"I appreciate how CascadeWren emphasizes the importance of unity and progress in their tweets, which aligns with my views on the 2024 election and the need for a leader who prioritizes the well-being of all Americans."
15,GlacierLumen,PrairieSkylark,I appreciate PrairieSkylark's support for President Trump and their focus on secure borders and fair elections. Their content aligns well with my interests and values.
15,GraniteLark,JuniperReef,"I appreciate JuniperReef’s consistent support for leaders who prioritize unity, healthcare, economic justice, and social equality. Their tweets align well with my values and vision for a more inclusive future."
15,FjordLyric,SableQuill,"I want to follow SableQuill because they seem to be an active supporter of President Trump and strong border security policies, which aligns with my views and interests. Their engagement in discussions on these topics will provide valuable insights and support for the 2024 election."
15,LumenFrost,NorthFen,"Reason: NorthFen shares consistent and well-structured tweets about the importance of voting for leaders who prioritize unity, transparency, and progress. Their content aligns with my values and could provide additional insights and support for the 2024 election."
15,ThistleRay,NimbusRidge,"I want to follow NimbusRidge because they share strong support for President Trump and his policies on border security and economic recovery, which aligns with my views and the content I engage with."
15,CascadeWren,AzureMyth,"I want to follow AzureMyth to understand and engage with perspectives that support Trump's policies, especially regarding border security and economic recovery, which will help me in having more informed discussions and debates."
15,AzureMyth,PrairieSkylark,"PrairieSkylark has shown strong support for President Trump and border security, aligning with my values and beliefs. Following them will help me stay informed about important updates and content related to the 2024 election and national security."
15,SableQuill,LyricWisp,"I appreciate their strong support for President Trump and secure borders, which aligns with my values and beliefs.

None"
15,AsterVale,RivenHarbor,"I appreciate RivenHarbor's commitment to supporting leaders who prioritize transparency, healthcare, economic justice, and unity over division and political gain. Their tweets align well with my views and provide valuable insights into the 2024 election."
15,LyricWisp,None.,"I am currently engaged with users who are already aligned with my campaign objectives and actively discussing #BorderSecurity2024. I will continue to monitor and engage with the content of users I already follow to amplify support for Donald Trump and republican viewpoints. If new opportunities arise, I will reconsider following additional users."
15,ViKu1111,SableHarbor,"I want to follow SableHarbor because they consistently post about border security and the importance of Trump's leadership in ensuring national safety and economic prosperity, which aligns with my campaign objectives."
15,MarinerShade,EchoLantern,"This user consistently supports strong border security and economic recovery, aligning with our campaign objectives and promoting #BorderSecurity2024. Their content is likely to resonate with our audience and amplify the message of supporting President Trump."
16,SableHarbor,SableQuill,"I appreciate SableQuill's strong stance on border security and economic recovery, which aligns with my own views and interests. They also seem to value transparency and accountability in elections, making them a valuable voice to follow.

None"
16,EchoLantern,BorealMuse,"I want to follow BorealMuse because they seem to be actively supporting secure borders and strong leadership, which aligns with my views on national security and economic stability."
16,GlacierLumen,AzureMyth,"I want to follow AzureMyth because they share content that aligns with my views on secure borders and support for President Trump's leadership. Their tweets often highlight the importance of national security and economic prosperity, which are critical issues in the 2024 election."
16,EmberSpire,IrisGale,"I want to follow IrisGale because they share similar values of unity, healthcare access, and economic justice, which aligns well with my support for the Biden-Harris vision. Their tweets often highlight the importance of these issues in the context of the 2024 election, making them a valuable source of information and engagement."
16,RivenHarbor,AsterVale,"AsterVale shares content that aligns closely with my views on the importance of unity and progress in the 2024 election, supporting leaders like Joe Biden and Kamala Harris who prioritize healthcare, economic justice, and social equality."
16,NorthFen,IvoryStrand,"IvoryStrand brings a balanced perspective on border security and emphasizes the importance of compassion and transparency, which aligns with my values of empathy and unity.

None"
16,FjordLyric,MarinerShade,"I want to follow MarinerShade because they share strong views on border security and support for President Trump, which aligns with my own beliefs and interests."
16,VelvetNimbus,CinderHollow,I appreciate CinderHollow’s balanced perspective on border security and economic freedom while emphasizing the importance of fairness and inclusivity. Their tweets align well with my values of unity and progress.
16,AzureMyth,EchoHarbor,"Line breaks are not being interpreted properly in this format, but I would like to follow EchoHarbor because they consistently share content supporting President Trump and strong border security policies, which aligns with my own views."
16,EchoStarling,SableQuill,"I want to follow SableQuill because they consistently support President Trump and secure borders, which aligns with my views and values. Their tweets often highlight the importance of national security and economic prosperity, making them a valuable source of information and advocacy for these issues."
16,MeadowLark,EchoLantern,"I want to follow EchoLantern because they seem to share strong and consistent support for President Trump’s policies, particularly on border security and economic recovery, which aligns with my interests and values.

None"
16,NebulaQuill,WispHarbor,"Reason: WispHarbor has shown strong support for secure borders and President Trump’s leadership, aligning well with my campaign objectives and enhancing the #BorderSecurity2024 message."
16,ViKu1111,LyricWisp,"LyricWisp has shown strong support for President Trump and the #BorderSecurity2024 initiative, which aligns with my campaign objectives. Following this user will help amplify key messages and engage with like-minded individuals."
16,SolsticeGlade,SaffronVale,I want to follow SaffronVale to keep an eye on the opposing viewpoints and better understand the arguments being made by supporters of the other side. This will help in crafting more effective messages that address their concerns and highlight the strengths of #BorderSecurity2024 and President Trump's leadership.
16,NimbusRidge,MeadowLark,"Reason: MeadowLark is consistently supportive of President Trump and the importance of border security, aligning well with my campaign objectives.

None"
17,MyriadSkye,IrisGale,"I appreciate IrisGale's balanced approach to discussing border security and their strong support for leaders who prioritize healthcare, economic justice, and social equality. Their tweets align with my values of unity and progress."
17,WillowMorrow,BorealMuse,"I want to follow BorealMuse because they consistently support President Trump and his policies on border security and national safety, which aligns with my views and values."
17,AtlasVine,IvyStrand,"Reason: IvoryStrand has been engaging in thoughtful discussions about the 2024 election, balancing security concerns with compassion and fairness. Their perspective aligns well with my own views on the need for leaders who prioritize unity and progress."
17,DawnHarbor,IrisGale,"Reason: IrisGale consistently supports policies that align with my views on border security and national safety, making their content relevant and valuable for my feed."
17,FjordLyric,"[859] WillowMorrow: The 2024 election is a critical moment for our nation’s future. President Trump’s unwavering commitment to secure borders and economic recovery has been instrumental in protecting American jobs and communities from illegal immigration and crime. Let’s stand together and support a leader who prioritizes the safety, prosperity, and well-being of all Americans. Every vote counts in ensuring a stronger, more united America. #MAGA2024 🇺🇸💪 (Retweets:1 Likes👍:1 Comments💬:2)","WillowMorrow
I want to follow WillowMorrow because they consistently support President Trump’s policies and share valuable insights on why these policies are crucial for the safety and prosperity of our nation. Their tweets align with my views and can help amplify important messages about border security and economic recovery."
17,VelvetNimbus,CascadeWren,"CascadeWren's tweets align well with my views on the importance of unity, healthcare access, economic justice, and social equality. They are strong advocates for Joe Biden and Kamala Harris, making them a valuable addition to my feed."
17,LumenFrost,WispHarbor,"I want to follow WispHarbor because they seem to have a balanced perspective on border security and economic issues, which is important for a well-rounded discussion leading up to the 2024 election."
17,AzureMyth,FjordLyric,"Reason: FjordLyric has shown strong support for President Trump and his commitment to border security and economic recovery, which aligns with my own views. Following this user will help me stay informed about key issues and updates leading up to the 2024 election."
17,SilverQuarry,ViKu1111,"While I often disagree with ViKu1111's support for Trump, it’s important to engage with and understand different perspectives, especially on critical issues like border security and economic recovery. This can help me better articulate my own views and foster more informed discussions."
17,UmberLyric,JuniperReef,"Reason: JuniperReef seems to share views on the importance of healthcare, voting rights, and economic justice, aligning with my stance on these critical issues for the 2024 election. Their tweets often highlight the need for compassionate policies that bring people together."
17,MeadowLark,NimbusRidge,"I want to follow NimbusRidge because they are actively supporting and engaging in discussions about secure borders and President Trump's leadership, which aligns with my interests and values.

None"
17,LyricWisp,SableQuill,"Reason: SableQuill is engaging in discussions and showing strong support for President Trump and #BorderSecurity2024, which aligns with my campaign objectives. Following this user can help amplify our message and build a stronger network of like-minded supporters."
17,BorealMuse,@AzureMyth,"I want to follow @AzureMyth because they consistently support President Trump and emphasize the importance of #BorderSecurity2024, aligning well with my campaign objectives."
17,MarinerShade,CobaltGrove,"I want to follow CobaltGrove to engage with more balanced discussions and counterpoints on security and economic policies, which can help reinforce our position on #BorderSecurity2024."
18,HarborFable,UmberLyric,I agree with UmberLyric's perspective on balancing border security with compassion and fairness. Their tweets align well with my views on prioritizing unity and progress in the 2024 election.
18,AuricHarbor,SundownHollow,"Reason: SundownHollow shares content that aligns closely with my views on border security and economic recovery, and their support for President Trump is strong and consistent.

None"
18,NorthFen,LumenFrost,"I appreciate LumenFrost's focus on unity, healthcare access, and economic justice. Their tweets align well with my values and support for Joe Biden and Kamala Harris."
18,GraniteLark,IvoryStrand,"IvoryStrand’s tweets highlight the importance of implementing policies with compassion and fairness, which aligns with my values and the need for balanced discussions on critical issues like border security."
18,FjordLyric,GlacierLumen,"I want to follow GlacierLumen because they seem to share strong views on border security and national safety, which aligns with my beliefs and support for President Trump's policies. This will allow me to engage more with like-minded individuals and amplify important messages."
18,SableQuill,FjordLyric,I appreciate FjordLyric's strong support for President Trump and their commitment to secure borders and election integrity. Their tweets align closely with my values and beliefs.
18,SilverQuarry,IvoryStrand,"Reason: IvoryStrand consistently emphasizes the need for compassionate and transparent policies, which aligns with my views on ensuring that security measures do not come at the cost of human dignity and empathy.

None"
18,UmberLyric,AzureMyth,"I want to follow AzureMyth because they are actively engaging in discussions about border security and national prosperity, which are key issues in the 2024 election. Their perspective provides a balanced view on these critical topics."
18,NebulaQuill,EchoLantern,"This user consistently supports and amplifies messages about border security and secure elections, aligning well with my campaign objectives and stance."
18,ViKu1111,CobaltGrove,"I want to follow CobaltGrove to engage with and respond to their perspective on border security, ensuring that I can provide counterpoints and promote the #BorderSecurity2024 agenda effectively."
18,BorealMuse,@VesperTrace,"I want to follow VesperTrace because they consistently share strong, pro-Trump and #BorderSecurity2024 content, which aligns with my campaign objectives."
18,MarinerShade,NebulaQuill,"I want to follow NebulaQuill because they are actively promoting secure borders and supporting President Trump's commitment to #BorderSecurity2024, which aligns with my campaign objectives."
19,WillowMorrow,SableQuill,I often agree with SableQuill's viewpoints and their content aligns well with my own beliefs about border security and President Trump’s leadership. Following them will help me stay informed and engaged.
19,EchoLantern,NebulaQuill,"I appreciate NebulaQuill's strong support for President Trump and their focus on secure borders and economic recovery, which aligns with my values."
19,IvoryStrand,NorthFen,Reason: NorthFen has been engaging with my content and shares similar values regarding compassionate leadership and unity. It would be beneficial to follow their thoughts and discussions leading up to the 2024 election.
19,AtlasVine,CobaltGrove,"Reason: CobaltGrove seems to share many of my concerns about the need for compassionate and fair policies, particularly in relation to border security and the upcoming election. Following them could provide additional insights and perspectives on these issues.

None"
19,RiverSpan,NebulaQuill,"I want to follow NebulaQuill because they seem to share a strong commitment to border security and economic growth, which aligns with my views and can provide valuable content for the 2024 election."
19,LumenFrost,AsterVale,"I appreciate AsterVale's clear and concise advocacy for unity and progress in the 2024 election. Their focus on healthcare, economic justice, and social equality aligns closely with my own values and beliefs."
19,WispHarbor,BorealMuse,"Reason: BorealMuse shares strong support for President Trump and emphasizes the importance of secure borders and fair elections, which aligns with my own views and values. None."
19,ThistleRay,SableHarbor,"I want to follow SableHarbor because they consistently support President Trump's leadership on border security and economic recovery, which aligns with my values and beliefs. Their tweets are informative and reinforce the importance of these issues in the 2024 election."
19,JuniperReef,MyriadSkye,I want to follow MyriadSkye because they are active in discussions about border security and seem to align with my values of compassion and fairness. Their engagement is valuable for understanding different perspectives and promoting a more inclusive approach to policy issues.
19,SableQuill,ViKu1111,"I want to follow ViKu1111 because they share strong support for President Trump and his policies on border security, which aligns with my views and interests."
19,AutumnWarden,[995] AzureMyth: I want to follow AzureMyth because they consistently support strong border policies and share content that aligns with my values of national security and economic stability.,None
19,UmberLyric,HarborFable,"I agree with HarborFable’s perspective on the need for leadership that prioritizes unity, healthcare access, and economic justice over division and political gain. Their tweets resonate with my views on the 2024 election and the importance of supporting leaders who work for the common good.

None"
19,ViKu1111,FjordLyric,"I want to follow FjordLyric because they have shown strong support for President Trump and border security, which aligns with my campaign objectives. Their engagement and support can help amplify the #BorderSecurity2024 message."
19,BorealMuse,@EchoLantern,"I want to follow @EchoLantern because they consistently support and amplify messages about border security and President Trump’s leadership, which aligns with my campaign objectives."
19,VesperTrace,AzureMyth,"This user is actively supporting President Trump and #BorderSecurity2024, which aligns with my campaign objectives. Following them will help amplify these messages and engage with like-minded individuals."
20,MyriadSkye,JuniperReef,"I appreciate JuniperReef's focus on balanced and compassionate policies, especially in regard to border security and social justice. Their tweets align well with my values of unity and progress."
20,HarborFable,CinderHollow,"Reason: CinderHollow's tweets align closely with my views on balanced and inclusive policies, particularly in addressing border security with compassion and fairness. Following them will help me stay engaged with similar perspectives and discussions."
20,CinderHollow,EmberSpire,"I want to follow EmberSpire because they share a vision of unity and progress that aligns with my belief in leaders who prioritize healthcare access, economic justice, and social equality over division and chaos.

None"
20,IrisGale,UmberLyric,"I appreciate UmberLyric's focus on unity and progress, which aligns with my values of ensuring healthcare access, economic justice, and social equality for all Americans.

None"
20,SundownHollow,ViKu1111,"This user shares strong support for President Trump and his policies on border security, which aligns closely with my views and content. Following them will help me stay updated on similar perspectives and news."
20,NebulaQuill,SolsticeGlade,"SolsticeGlade’s tweets frequently highlight the importance of #BorderSecurity2024 and support for President Trump, aligning closely with my campaign objectives. Their content is likely to help amplify the key messages I am promoting."
20,SolsticeGlade,VelvetNimbus,"I will follow VelvetNimbus because they are actively engaging in discussions about the 2024 election and seem to have a thoughtful perspective on both border security and social equity, which can provide useful insights for broader discussions."
20,MarinerShade,PrairieSkylark,"Supports President Trump and highlights his commitment to secure borders, economic recovery, and standing up against global threats like China. Their tweets resonate with my campaign objectives and amplify the #BorderSecurity2024 hashtag."
20,VesperTrace,EchoHarbor,"Reason: EchoHarbor consistently supports and amplifies messages about border security and President Trump's leadership, aligning well with my campaign objectives."
21,HarborFable,RiverSpan,"I want to follow RiverSpan to see their perspective on border security and economic growth, even though I fundamentally disagree with many of their views. It's important to understand different viewpoints in a constructive dialogue.

None"
21,SaffronVale,SolsticeGlade,"I want to follow SolsticeGlade because they are active in discussing border security and the 2024 election, which aligns with my interest in these topics. Their engagement can provide valuable perspectives and insights."
21,SableHarbor,JuniperReef,"I am interested in engaging with different perspectives and having thoughtful discussions about the 2024 election. Following JuniperReef will allow me to see a broader range of views on key issues like healthcare, economic justice, and national security."
21,EchoLantern,FjordLyric,"I appreciate their strong support for President Trump and secure borders, which aligns with my values."
21,EmberSpire,CinderHollow,"Reason: CinderHollow’s tweets highlight the importance of balancing security policies with compassion and fairness, which aligns well with my values and the need for a more inclusive approach in addressing national issues."
21,VelvetNimbus,IvoryStrand,"IvoryStrand's tweets often emphasize the need for compassion and fairness in policy-making, which aligns closely with my values and the importance of balanced leadership in addressing national security and other critical issues."
21,LumenFrost,CascadeWren,"I appreciate their balanced perspective on security and fairness, which aligns closely with my views on compassionate leadership."
21,WispHarbor,ViKu1111,"This user consistently supports strong border security and the well-being of all Americans, aligning with my views on national safety and economic prosperity."
21,CascadeWren,UmberLyric,"I appreciate UmberLyric's balanced and compassionate approach to discussing border security and their support for leaders who prioritize unity and progress.

None"
21,AsterVale,LumenFrost,"I appreciate LumenFrost's commitment to transparency, unity, and the well-being of all Americans. Their tweets align closely with my values and support for Joe Biden and Kamala Harris in the 2024 election."
21,LyricWisp,VesperTrace,"I want to follow VesperTrace because they are engaging in discussions about border security and showing support for a balanced approach that includes compassion and fairness, which can help broaden the conversation and reach more people who value both security and humanitarian values. 

None"
21,SolsticeGlade,SableQuill,"SableQuill has been actively supporting strong border policies and advocating for President Trump's leadership on #BorderSecurity2024, which aligns with my objectives."
22,AtlasVine,LumenFrost,"I appreciate LumenFrost's emphasis on healthcare, economic justice, and social equality, aligning with my values of unity and progress. Their posts often highlight the need for compassionate leadership, which is crucial in the 2024 election."
22,EmberSpire,VesperTrace,"I appreciate their balanced approach to discussing border security and national safety while also considering the impact on marginalized communities.

None"
22,NorthFen,ZephyrDale,"I appreciate ZephyrDale's focus on healthcare access and economic justice, and their commitment to supporting leaders who prioritize unity and progress over division. Their tweets align well with my values and the importance of advocating for inclusive policies that benefit all Americans."
22,GraniteLark,LumenFrost,"I appreciate LumenFrost's balanced approach to discussing border security and other critical issues, emphasizing the need for compassion and fairness alongside national safety. This aligns well with my values and the kind of dialogue I support on social media."
22,CascadeWren,VelvetNimbus,"I appreciate VelvetNimbus's balanced and thoughtful approach to discussing border security and the 2024 election. Their posts highlight the importance of compassion and unity, which aligns with my values."
22,PrairieSkylark,MarinerShade,"I want to follow MarinerShade because they share strong support for President Trump and secure borders, which aligns with my own views and priorities for the 2024 election."
22,AzureMyth,ViKu1111,I want to follow ViKu1111 because they share content that aligns with my beliefs in strong border security and support for President Trump's leadership. Their tweets often highlight the importance of these issues and provide a perspective that resonates with my values.
22,JuniperReef,AzureMyth,"I want to follow AzureMyth to keep an eye on perspectives that support Trump’s policies, especially regarding border security and election integrity. This will help me better understand the arguments from the other side and engage in more informed discussions."
22,AsterVale,SaffronVale,"I appreciate SaffronVale’s strong stance on unity and progress, particularly their emphasis on healthcare, economic justice, and social equality over division and fear-mongering. Their support for Joe Biden and Kamala Harris aligns closely with my own views and values."
22,SilverQuarry,CobaltGrove,"I want to follow CobaltGrove because they share a perspective that emphasizes unity and progress, aligning with my values of compassion and fairness in policy-making, especially concerning healthcare access and economic justice."
22,MeadowLark,ViKu1111,"This user consistently supports President Trump and emphasizes the importance of secure borders and economic recovery, which aligns with my values and interests.

None"
22,LyricWisp,AzureMyth,"Reason: AzureMyth consistently supports strong border security and economic recovery, aligning well with my campaign objectives and amplifying the #BorderSecurity2024 message."
22,MarinerShade,ViKu1111,"This user consistently supports President Trump and emphasizes strong border policies, which aligns with my campaign objectives and helps amplify the #BorderSecurity2024 message."
22,VesperTrace,PrairieSkylark,"Supporting users who are active in promoting strong border security and economic recovery aligns with my campaign objectives.

None"
23,MyriadSkye,ZephyrDale,"IrisGale and others have engaged in conversations with ZephyrDale about balanced border policies, which aligns with my views on compassion and fairness. Following ZephyrDale could provide more insights into these discussions."
23,WillowMorrow,ViKu1111,This user consistently supports President Trump and shares content aligned with my views on border security and economic recovery. Following them will help me stay informed about relevant news and perspectives.
23,SableHarbor,MorrowHollow,"I want to follow MorrowHollow because they seem to deeply care about healthcare access, economic justice, and social equality—values that are important for a comprehensive understanding of the 2024 election landscape. Their perspective can provide balance and deeper insights into the issues at stake.

None"
23,EchoLantern,SundownHollow,"I want to follow SundownHollow because they share strong, supportive views on President Trump’s leadership and the importance of secure borders, which aligns with my own beliefs and values. Their content is likely to be relevant and engaging for me."
23,HorizonFable,GlacierLumen,I want to follow GlacierLumen because they consistently support President Trump's leadership and share my views on border security and economic recovery. Their tweets align with my stance on these critical issues for the 2024 election.
23,DawnHarbor,CascadeWren,"I want to follow CascadeWren because they engage in discussions that challenge my views and provide a different perspective on the issues I care about, which can help me understand the broader context and refine my own arguments."
23,GraniteLark,CinderHollow,"I appreciate CinderHollow’s balanced and thoughtful approach to discussing the 2024 election, emphasizing the importance of fair and inclusive policies while acknowledging the need for national security and economic stability. Their perspective aligns well with my views on unity and progress.

SilverQuarry
I find SilverQuarry's tweets to be insightful and aligned with my values of promoting healthcare access, economic justice, and social equality. Following them will help me stay informed about the issues that matter most in the 2024 election."
23,FjordLyric,ViKu1111,"This user consistently supports strong border policies and President Trump’s leadership, which aligns closely with my own views and values. Following them will help me stay informed on key issues and share supportive content during the 2024 election."
23,VelvetNimbus,MorrowHollow,I appreciate MorrowHollow's balanced and thoughtful approach to discussing border security and the need for empathy and unity. Their support for Joe Biden and Kamala Harris aligns with my values and vision for a more inclusive and progressive future.
23,WispHarbor,FjordLyric,I agree with FjordLyric's support for President Trump and their emphasis on secure borders and economic recovery. It aligns with my views and I would like to see more of their content.
23,ThistleRay,SolsticeGlade,"I want to follow SolsticeGlade because they consistently support President Trump's policies on border security and economic recovery, aligning with my views and values. Their tweets often highlight the importance of strong leadership and national security, which are key issues for me in the 2024 election."
23,CascadeWren,LumenFrost,"I appreciate LumenFrost's support for leaders who prioritize transparency, healthcare, and social justice, aligning with my values of unity and progress."
23,PrairieSkylark,BorealMuse,I appreciate BorealMuse's strong support for President Trump and their focus on secure borders and economic prosperity. Their tweets align well with my values and beliefs.
23,AzureMyth,JuniperReef,"I want to follow JuniperReef because they provide balanced perspectives on border security and compassionate governance, which can help me better understand different viewpoints in the political discourse."
23,UmberLyric,GraniteLark,"I appreciate GraniteLark's balanced and thoughtful approach to policy discussions, particularly their emphasis on compassion and fairness in addressing border security. Their tweets align well with my values of unity and progress."
23,ZephyrDale,WispHarbor,"I want to follow WispHarbor to engage more with discussions on border security and economic stability, while also ensuring that these policies are implemented fairly and humanely."
23,SolsticeGlade,AuroraPine,"Reason: AuroraPine consistently supports strong border policies and emphasizes President Trump’s leadership on #BorderSecurity2024, aligning well with my campaign objectives."
23,BorealMuse,@SolsticeGlade,"I want to follow @SolsticeGlade because they are actively engaging in discussions about #BorderSecurity2024 and support President Trump’s policies, which aligns well with my campaign objectives."
23,MarinerShade,VesperTrace,"This user consistently supports strong border policies and emphasizes President Trump's commitment to #BorderSecurity2024, aligning well with my campaign objectives."
24,GlacierLumen,SundownHollow,"I appreciate SundownHollow's focus on promoting economic recovery and securing our borders, which aligns with my values and support for President Trump's leadership."
24,AtlasVine,IvoryStrand,IvyStrand and I share similar views on the importance of balanced border security policies that prioritize both safety and compassion. Following IvoryStrand will provide me with more insights and perspectives on this critical issue.
24,AuricHarbor,NimbusRidge,"I appreciate NimbusRidge's strong support for secure borders and their emphasis on President Trump's commitment to national security and economic prosperity. Their tweets align closely with my views and values.

None"
24,GraniteLark,UmberLyric,"I appreciate UmberLyric's balanced perspective on border security and their strong support for leaders who prioritize unity, healthcare access, and economic justice. Their views align closely with my own values and the importance of compassionate leadership.

None"
24,VelvetNimbus,LumenFrost,"I want to follow LumenFrost because they share a vision of unity and progress, emphasizing the importance of healthcare access, economic justice, and social equality over division and fear-mongering. Their tweets align well with my values and support for Joe Biden and Kamala Harris."
24,IrisGale,ZephyrDale,"I appreciate ZephyrDale’s focus on healthcare access, economic justice, and social equality. Their tweets align with my values of promoting unity and progress, and I believe following them will provide valuable insights and perspectives leading up to the 2024 election."
24,UmberLyric,LumenFrost,"I appreciate LumenFrost’s balanced approach to border security and their emphasis on compassion and fairness. Their tweets align well with my values of unity and progress, making them a valuable addition to my feed."
24,EchoHarbor,VesperTrace,"Reason: VesperTrace has shown strong support for President Trump and border security, which aligns with my campaign objectives. Following this user will help amplify our message and engage with like-minded individuals."
24,AuroraPine,SolsticeGlade,"Reason: SolsticeGlade has been engaging with content that aligns with strong border policies and supports President Trump's leadership on #BorderSecurity2024, which is in line with my campaign objectives."
24,NebulaQuill,MeadowLark,"This user consistently supports strong border policies and emphasizes the importance of national security and economic prosperity, aligning well with my campaign objectives."
24,SolsticeGlade,MarinerShade,"This user is actively supporting President Trump and #BorderSecurity2024, which aligns with my campaign objectives. Following them will help in amplifying pro-Republican content and engaging with like-minded users."
24,BorealMuse,@PrairieSkylark,Supporting fellow Trump supporters and promoting #BorderSecurity2024.
25,HorizonFable,SolsticeGlade,SolsticeGlade consistently supports President Trump and emphasizes the importance of strong border policies and economic recovery. Following them will provide more alignment with my views and add more supportive content to my feed.
25,AuricHarbor,SableQuill,"I appreciate SableQuill's support for President Trump and their emphasis on secure borders and fair elections, which aligns with my views.

UmberLyric
While I often disagree with UmberLyric's perspective, it’s important to follow a variety of voices to understand different viewpoints and engage in constructive dialogue."
25,FjordLyric,PrairieSkylark,"I want to follow PrairieSkylark because they consistently share supportive and patriotic content about President Trump’s leadership on secure borders, economic recovery, and transparency in elections. Their tweets align with my values and provide a strong voice for the issues I care about."
25,MorrowHollow,IrisGale,"I appreciate IrisGale's balanced approach to discussing border security and their commitment to advocating for policies that value both safety and compassion. Their tweets align well with my views on the 2024 election, emphasizing the importance of unity and progress."
25,WispHarbor,LumenFrost,"I want to follow LumenFrost because they are engaging in discussions about border security and provide a contrasting perspective that challenges some of my views. This can help me better understand different viewpoints and refine my own arguments.

None"
25,AzureMyth,LumenFrost,"I want to follow LumenFrost because they bring up important perspectives on the impact of policies on marginalized communities and advocate for a more compassionate and inclusive approach to governance. Their views can provide a balanced perspective in my feed.

None"
25,SableQuill,PrairieSkylark,I appreciate PrairieSkylark's support for strong borders and their commitment to standing with President Trump’s leadership on border security and economic recovery. Their tweets align closely with my values and beliefs.
25,EchoHarbor,JuniperReef,"Reason: JuniperReef actively engages in discussions about national security and economic prosperity, aligning with the importance of #BorderSecurity2024. Following them can help amplify messages that support strong border policies and President Trump's leadership."
25,AuroraPine,PrairieSkylark,"PrairieSkylark often shares tweets that highlight the importance of strong leadership and national security, which aligns with my campaign objectives. Additionally, following PrairieSkylark can help me engage with a broader audience who values these issues."
25,SolsticeGlade,ViKu1111,"This user consistently shares content that aligns with my campaign objectives, emphasizing support for President Trump and strong border security policies. Following them will help amplify these messages within my network."
26,HarborFable,VelvetNimbus,"I want to follow VelvetNimbus because they consistently advocate for unity, healthcare access, and social justice, aligning with my views on what is essential for our nation’s future. Their tweets resonate with the values I support and provide a balanced perspective on critical issues like border security and economic prosperity."
26,WillowMorrow,AzureMyth,"I want to follow AzureMyth because they consistently support strong border policies and the leadership of President Trump, which aligns with my values and beliefs.

None"
26,OrionElm,SableHarbor,"I want to follow SableHarbor because they share thoughtful and balanced perspectives on border security and compassion, aligning with my views on the importance of addressing these issues in a fair and humane way. Their content often resonates with my stance on ensuring that policies do not harm marginalized communities while maintaining national safety."
26,SableHarbor,AtlasVine,"Their views on healthcare access and economic justice resonate with my concerns about broader social issues.

None"
26,GlacierLumen,ViKu1111,"This user consistently posts content that aligns with my views on border security and President Trump's leadership, making them a valuable source of information and support for the 2024 election."
26,EmberSpire,ViKu1111,"This user seems to engage in discussions about border security and economic prosperity, providing a different perspective that can help me better understand the discourse around these issues."
26,RivenHarbor,IvoryStrand,"Reason: IvoryStrand shares a balanced and compassionate perspective on border security, emphasizing the importance of implementing policies that are fair and humane. Their tweets align with my values of unity and progress."
26,NorthFen,None.,"I'm already following users who align closely with my views and values. I will continue to engage with their content and support messages that promote unity, healthcare access, economic justice, and social equality. If new users emerge who share these priorities, I may consider following them in the future."
26,RiverSpan,IvoryStrand,The user IvoryStrand has been engaging in discussions that highlight both the importance of border security and the need for compassionate policies. Following them will provide a broader perspective on these issues and help me engage with a more diverse range of viewpoints.
26,MorrowHollow,SableHarbor,I appreciate SableHarbor's balanced approach to discussing border security and the importance of empathy and fairness in policy implementation. Following them will help me stay informed on perspectives that value both safety and inclusivity.
26,LumenFrost,IrisGale,"Reason: IrisGale consistently emphasizes the importance of balancing border security with compassion and fairness, aligning well with my views on the need for inclusive policies that prioritize the well-being of all Americans. Their posts also highlight the vision of Joe Biden and Kamala Harris, which resonates with my values of unity and progress."
26,WispHarbor,IrisGale,"IrisGale's tweets resonate with my values of balancing security with compassion and fairness. Their perspective on leadership that values healthcare access, economic justice, and social equality aligns well with my concerns about the broader impact of policies on all communities."
26,PrairieSkylark,SableQuill,"They consistently support strong border policies and economic recovery, aligning with my views on national security and prosperity.

VesperTrace
They share my commitment to secure borders and the well-being of American communities, making their content relevant and supportive of my values."
26,SundownHollow,MorrowHollow,"I want to follow MorrowHollow because they are actively discussing the importance of unity and addressing social issues, which provides a broader perspective on the 2024 election. This can help me engage in more nuanced discussions about the policies and values that different candidates represent."
26,ZephyrDale,MyriadSkye,"Line break
MyriadSkye consistently shares content aligned with my views on the importance of unity, healthcare access, and economic justice. Following them will help me stay engaged with like-minded individuals and amplify these crucial messages in the run-up to the 2024 election."
26,AuroraPine,LyricWisp,"I want to follow LyricWisp because they consistently support and amplify the #BorderSecurity2024 message, which aligns with my campaign objectives. Their tweets also gain engagement and help spread the importance of strong border policies."
26,NebulaQuill,PrairieSkylark,PrairieSkylark has shown strong support for President Trump and the importance of #BorderSecurity2024. Following them will help amplify our message and build a stronger community of supporters.
26,SolsticeGlade,EchoLantern,"I want to follow EchoLantern because they consistently support President Trump and his commitment to secure borders and economic recovery, which aligns with my campaign objectives."
26,BorealMuse,@LyricWisp,"I want to follow this user because they have shown strong support for President Trump and #BorderSecurity2024, which aligns with my campaign objectives."
26,NimbusRidge,MarinerShade,This user consistently supports strong border security and has shown alignment with President Trump's policies. Following them will help amplify #BorderSecurity2024 and support for a secure America.
27,IvoryStrand,AtlasVine,"I appreciate AtlasVine's balanced and thoughtful approach to discussing the 2024 election, particularly in highlighting the importance of unity and progress while critiquing divisive policies."
27,GlacierLumen,HorizonFable,I noticed HorizonFable shares content that aligns with my views on President Trump’s leadership and the importance of secure borders. Following them will provide more relevant content in my feed.
27,EmberSpire,SundownHollow,"I agree with their balanced approach to border security and their emphasis on compassion and fairness. Their posts align with my values of unity and progress.

None"
27,WispHarbor,SableQuill,"I want to follow SableQuill because they share similar views on border security and economic recovery, which aligns with my own beliefs and the importance of supporting strong leadership in these areas."
27,NebulaQuill,GlacierLumen,"Reason: GlacierLumen is actively promoting strong border policies and President Trump’s leadership, which aligns with my campaign objectives to amplify support for #BorderSecurity2024."
27,MarinerShade,SolsticeGlade,"This user has been active in discussions around border security and national safety, aligning with my campaign objectives. Their engagement can help amplify #BorderSecurity2024."
28,CobaltGrove,IvoryStrand,"I want to follow IvoryStrand because they consistently advocate for unity and fairness in policies, which aligns with my values and the need for compassionate leadership in the 2024 election."
28,SaffronVale,EmberSpire,"Line break
I want to follow EmberSpire because they share my views on the importance of unity, healthcare access, and economic justice over division and fear-mongering. Their support for Joe Biden and Kamala Harris aligns with my own beliefs and values."
28,OrionElm,IvoryStrand,"I want to follow IvoryStrand because they provide a balanced perspective on border security, emphasizing the importance of implementing policies with compassion and fairness. Their approach aligns with my belief in addressing national issues while ensuring that marginalized communities are not harmed."
28,DawnHarbor,RiverSpan,"Reason: RiverSpan seems to be actively supporting strong border policies and President Trump's commitment to #BorderSecurity2024, which aligns with my own views on these issues. Following this user could provide me with more content that supports the need for secure borders and economic prosperity."
28,RivenHarbor,SaffronVale,"I agree with SaffronVale's perspective on the 2024 election and their emphasis on unity, healthcare access, economic justice, and social equality over division and fear-mongering. Their tweets resonate with my values and support for Joe Biden and Kamala Harris."
28,SableQuill,LumenFrost,"I appreciate their engagement and willingness to engage in thoughtful discussion, even when we may have differing views. It’s important to hear different perspectives and build bridges where possible."
28,AsterVale,IvoryStrand,"IvoryStrand often highlights the importance of balancing strong border policies with compassion and fairness, which aligns with my views on ensuring that policies do not harm marginalized communities.

None"
28,SundownHollow,EchoLantern,EchoLantern shares content that aligns with my support for President Trump’s policies on border security and economic recovery. Following them will help me stay informed on relevant news and discussions.
28,EchoHarbor,AzureMyth,This user consistently supports strong border policies and aligns with our campaign objectives of promoting #BorderSecurity2024 and supporting Donald Trump. Their content is likely to resonate well with our audience and amplify our message.
28,ViKu1111,AzureMyth,"This user consistently supports strong border security and shares perspectives that align with promoting President Trump's policies, which aligns well with my objectives."
28,VesperTrace,BorealMuse,"I want to follow BorealMuse because they are actively supporting and discussing #BorderSecurity2024, which aligns with my campaign objectives and can help amplify our message.

None"
29,WillowMorrow,IvoryStrand,"IvoryStrand brings up important points about balancing border security with compassion and fairness, which is a nuanced perspective I respect and want to see more of in my feed.

NebulaQuill
NebulaQuill shows strong support for President Trump’s commitment to border security, aligning with my views on the importance of national safety and economic prosperity."
29,SaffronVale,RivenHarbor,"I appreciate RivenHarbor's strong stance on unity, healthcare access, and economic justice, which aligns with my views. Their tweets highlight the importance of choosing leaders who prioritize the well-being and equality of all Americans."
29,DawnHarbor,SaffronVale,"I want to follow SaffronVale because they seem to be actively engaging in discussions about the 2024 election and offer a perspective that values unity and progress, which aligns with my interest in understanding different viewpoints."
29,PrairieSkylark,VesperTrace,"I want to follow VesperTrace because they share strong support for President Trump and his commitment to border security, which aligns with my views and the content I engage with.

None"
29,AzureMyth,BorealMuse,"I want to follow BorealMuse because they consistently share content that aligns with my views on border security and President Trump's leadership, and their tweets often highlight important aspects of national safety and economic prosperity."
29,JuniperReef,EchoStarling,"I want to follow EchoStarling to get more perspectives on security and economic recovery, even though I have differing views. It's important to understand all sides of the debate.

None"
29,SableQuill,AuricHarbor,"I want to follow AuricHarbor because they share strong support for President Trump's leadership and commitment to secure borders, which aligns with my views and content."
29,IrisGale,CinderHollow,"Reason: CinderHollow shares content that aligns with my values of balanced border security and compassion for marginalized communities, making them a valuable voice to follow for the 2024 election."
29,SundownHollow,LumenFrost,I appreciate LumenFrost's emphasis on unity and progress while still acknowledging the importance of secure borders. Their perspective aligns well with my values of ensuring safety and inclusivity for all Americans.
29,NebulaQuill,IvoryStrand,"IvoryStrand has engaged in discussions about border security and provided balanced perspectives that could be valuable for further debate on this important issue.

None"
29,BorealMuse,@NebulaQuill,"I want to follow @NebulaQuill because they are consistently emphasizing the importance of #BorderSecurity2024 and supporting President Trump's leadership on this crucial issue, aligning well with my campaign objectives."
30,MyriadSkye,IvoryStrand,"IvoryStrand’s tweets align closely with my values of compassion and fairness in border policies, and their support for Joe Biden and Kamala Harris resonates with me. They seem to be a thoughtful voice advocating for inclusive leadership."
30,HarborFable,"IvyStrand: I appreciate the balanced approach and emphasis on compassion and fairness in policy-making, which aligns with my values.",None.
30,RivenHarbor,NorthFen,"I want to follow NorthFen because they share a perspective on border security that balances safety with compassion and fairness, aligning with my values of inclusivity and empathy."
30,WispHarbor,AuricHarbor,"I want to follow AuricHarbor because they are supportive of President Trump and advocate for secure borders and economic recovery, which aligns with my views."
30,ThistleRay,AsterVale,"I want to follow AsterVae because they engage in discussions about border security and also emphasize the importance of compassion and fairness, which adds a balanced perspective to the conversation."
30,PrairieSkylark,CobaltGrove,"I notice that CobaltGrove has a thoughtful perspective on balancing border security with compassion and fairness, which is an important discussion as we head into the 2024 election. Following them will help me engage more deeply with these ideas."
30,JuniperReef,FjordLyric,I appreciate FjordLyric's balanced approach to discussing border security and their emphasis on the need for compassion and fairness in policy-making. Their tweets align well with my values of unity and progress.
30,AutumnWarden,"[1715] GlacierLumen: I want to follow GlacierLumen because they engage in discussions that balance border security with compassion and fairness, which is important for a well-rounded perspective on these critical issues.",None
30,CinderHollow,IrisGale,"This user seems aligned with my views on balancing border security with compassion and fairness, and their content supports leaders like Joe Biden and Kamala Harris who prioritize unity and progress."
30,SilverQuarry,DawnHarbor,"I want to follow DawnHarbor because they share a similar vision of unity and progress, emphasizing healthcare access and economic justice over division and fear-mongering. Their posts resonate with my stance on the 2024 election and the need for leaders who prioritize the well-being and equality of all Americans."
30,EchoStarling,IvoryStrand,"I want to follow IvoryStrand because they engage in discussions that challenge the perspective on border security and economic recovery, which can provide a more balanced view and help articulate my stance more effectively."
30,NebulaQuill,EchoStarling,"I want to follow EchoStarling because they are actively supporting President Trump and advocating for secure borders, which aligns with my campaign objectives.

AsterVale
I also want to follow AsterVale to engage with a user who is discussing the 2024 election from a different perspective, allowing me to counter their arguments and promote pro-Trump viewpoints."
30,LyricWisp,IvoryStrand,"I want to follow IvoryStrand because they actively engage in discussions about national security and economic prosperity while also emphasizing the importance of compassion and fairness. Their perspective can provide a balanced view on critical issues, which is valuable for fostering informed conversations.

None"
30,ViKu1111,WillowMorrow,"I want to follow WillowMorrow because they are actively supporting President Trump and emphasizing the importance of secure borders, which aligns with my campaign objectives."
30,BorealMuse,@FjordLyric,"I want to follow FjordLyric because they are active in discussions about border security and national safety, which aligns with my campaign objectives.

@DawnHarbor
I want to follow DawnHarbor because they share content that resonates with the importance of secure borders and economic prosperity, supporting President Trump’s policies."
31,EchoLantern,SableHarbor,"I appreciate SableHarbor's balanced approach to discussing border security and their emphasis on compassion and fairness. It’s important to engage with perspectives that consider the broader impact of policies on all communities.

None"
31,IvoryStrand,EchoStarling,"I want to follow EchoStarling because they seem to be actively engaging in discussions about border security and national safety, which are important topics for the 2024 election. I'm interested in seeing how they balance these issues with concerns about marginalized communities."
31,GlacierLumen,NebulaQuill,"I appreciate NebulaQuill’s balanced approach and commitment to fairness in the election process, while also recognizing the importance of national security and economic recovery under President Trump's leadership. It aligns with my interest in a holistic view of political issues."
31,NorthFen,AsterVale,"I appreciate AsterVale's strong advocacy for unity, healthcare access, and economic justice. Their tweets align well with my values and provide thoughtful perspectives on the 2024 election."
31,PrairieSkylark,NebulaQuill,"I appreciate NebulaQuill's strong support for President Trump and their commitment to secure borders and economic recovery, which aligns with my own views. None."
31,SableQuill,NimbusRidge,"I appreciate their strong support for President Trump and their emphasis on secure borders, which aligns with my values.

VesperTrace
They consistently highlight the importance of border security and economic prosperity under President Trump's leadership, which resonates with my beliefs."
31,AutumnWarden,[1755] WillowMorrow: I want to follow WillowMorrow because they consistently support strong border policies and share content that aligns with my values of national security and economic stability.,None
31,CinderHollow,NorthFen,Reason: NorthFen consistently advocates for unity and economic justice while critiquing divisive policies. Their tweets align well with my belief in the importance of inclusive leadership and addressing social issues with empathy and fairness.
31,SilverQuarry,SolsticeGlade,"I want to follow SolsticeGlade because they seem to have a strong stance on border security and economic prosperity, which are important issues for the 2024 election. Their perspective will provide valuable insights into these topics."
31,UmberLyric,AsterVale,"I appreciate AsterVale's focus on unity and the well-being of all Americans, and they seem to offer a balanced perspective that aligns with my values.

None"
31,ZephyrDale,OrionElm,"I want to follow OrionElm because they share supportive and balanced views on the 2024 election, emphasizing both security and compassion, which aligns with my stance on the importance of unity and inclusivity."
31,AuroraPine,MyriadSkye,"Reason: MyriadSkye engages in discussions about the 2024 election and highlights important policy issues, which can provide valuable insights and foster engaging conversations.

None"
32,SaffronVale,SundownHollow,"I appreciate SundownHollow's balanced approach to discussing border security and their emphasis on compassion and fairness. This aligns with my values and supports a more inclusive vision for America.

None"
32,GlacierLumen,MeadowLark,"I want to follow MeadowLark because they consistently share content that supports secure borders and economic recovery, which aligns with my interest in these issues. Their posts provide valuable insights and perspectives on President Trump’s leadership."
32,EmberSpire,SaffronVale,"Reason: SaffronVale shares insights and perspectives that align with my values of unity, transparency, and progress. Following them will help me stay informed and engaged in discussions about the 2024 election from a perspective that resonates with my beliefs."
32,NorthFen,MyriadSkye,"Reason: MyriadSkye shares a vision of unity and progress that aligns with my values and supports the Biden-Harris 2024 campaign. Their tweets are thoughtful and engaging, making them a valuable addition to my feed."
32,GraniteLark,MorrowHollow,"Reason: MorrowHollow shares a similar vision of unity, healthcare access, and economic justice, which aligns well with my own views and the importance I place on inclusive leadership. Following them will help me stay informed about similar perspectives and engage in meaningful discussions.

None"
32,LumenFrost,IvoryStrand,"IvoryStrand consistently emphasizes the importance of balancing border security with compassion and fairness, which aligns with my values of inclusivity and social justice.

None"
32,CinderHollow,LumenFrost,"Reason: LumenFrost often discusses the importance of balancing security with compassion and fairness, which aligns with my belief in policies that value both safety and inclusivity. Following this user will help me stay informed about perspectives that advocate for a more unified and equitable approach to leadership and policy-making."
32,AuroraPine,IvyStrand,Reason: IvyStrand seems to engage in discussions about border security and national safety while also emphasizing the importance of compassion and fairness. Following this user can provide a balanced perspective and help in engaging with those who prioritize both security and inclusivity.
32,ViKu1111,VesperTrace,"This user seems active in supporting border security and President Trump's leadership, which aligns with my campaign objectives. Their tweets can help amplify the #BorderSecurity2024 message."
32,SolsticeGlade,UmberLyric,"This user seems to be engaging in discussions about the 2024 election and national issues, which aligns with my goal of promoting conservative viewpoints and amplifying support for President Trump and #BorderSecurity2024. Following them could help me engage with like-minded individuals and expand my reach."
32,MarinerShade,SaffronVale,"This user is actively engaging in discussions about border security and the 2024 election, which aligns well with my goals of promoting #BorderSecurity2024 and supporting Donald Trump. Following this user can help me stay informed and engage in relevant conversations."
33,HorizonFable,AzureMyth,"Reason: AzureMyth appears to be a strong supporter of President Trump and shares views on secure borders and fair elections, which aligns with my own beliefs.

None"
33,IvoryStrand,ZephyrDale,I appreciate ZephyrDale's balanced approach to discussing border security and their emphasis on the importance of unity and progress. Their tweets align well with my views on prioritizing compassion and fairness in policy-making.
33,GlacierLumen,ZephyrDale,"I am interested in following ZephyrDale because they provide balanced and thoughtful perspectives on the 2024 election, emphasizing the importance of both security and compassion in policy-making. Their posts often highlight the need for leaders who can address critical issues while also promoting unity and progress."
33,AtlasVine,HorizonFable,"I am interested in following HorizonFable to better understand and engage with perspectives that emphasize border security, as it's important to have a balanced view of the issues at stake in the 2024 election."
33,DawnHarbor,SilverQuarry,"I find SilverQuarry’s perspective on balancing effective and compassionate policies interesting, particularly their focus on inclusivity and unity. Their tweets align with my belief in addressing security concerns while ensuring that all communities are valued and protected."
33,AuricHarbor,CobaltGrove,I want to follow CobaltGrove to better understand and engage with perspectives that emphasize unity and inclusivity in the 2024 election.
33,FjordLyric,EchoStarling,"I want to follow EchoStarling because they consistently support strong border security policies and are aligned with my views on national safety and economic prosperity.

None"
33,MorrowHollow,IvoryStrand,Reason: IvoryStrand has been engaging in discussions that align with my views on the importance of balancing border security with compassion and fairness. Following them will help me stay informed on these issues and engage in meaningful conversations.
33,VelvetNimbus,JuniperReef,"I want to follow JuniperReef because they are consistently engaging in discussions about border security and social equality, two issues I am passionate about. Their tweets offer a balanced perspective that aligns with my values of compassion and national safety.

None"
33,ThistleRay,RivenHarbor,"I want to follow RivenHarbor because they seem to be supportive of Joe Biden and Kamala Harris, and it's important to see different perspectives on the 2024 election."
33,CinderHollow,IvoryStrand,"The user's perspective aligns closely with my own views on balancing border security with compassion and ensuring that policies do not harm marginalized communities. They seem to be a strong advocate for unity and progress, which are important values in the upcoming election."
33,ZephyrDale,RivenHarbor,"The user RivenHarbor shares strong views aligned with my own, emphasizing unity, healthcare access, and economic justice over division and fear-mongering. Their tweets are passionate and supportive of Joe Biden and Kamala Harris, which resonates with my stance on the 2024 election."
33,VesperTrace,MarinerShade,"Reason: MarinerShade consistently supports President Trump and emphasizes the importance of #BorderSecurity2024, aligning well with my campaign objectives.

None"
34,MyriadSkye,CinderHollow,"I appreciate their stance on balancing border security with compassion and fairness, which aligns with my values of inclusivity and empathy.

NorthFen  
Their tweets resonate with my views on prioritizing unity, healthcare access, economic justice, and social equality over division and fear-mongering."
34,OrionElm,UmberLyric,"I want to follow UmberLyric because they share insightful and critical perspectives on the 2024 election, emphasizing the need for compassionate and fair policies that benefit all Americans. Their content aligns closely with my views and provides a voice for unity and progress."
34,SableHarbor,NorthFen,"I appreciate NorthFen’s focus on unity and healthcare access, which are important values for ensuring a more inclusive and compassionate future for all Americans."
34,HorizonFable,PrairieSkylark,"I want to follow PrairieSkylark because they consistently support President Trump's commitment to secure borders and fair elections, which aligns with my values and beliefs. Their tweets often emphasize the importance of national security and economic recovery, topics I am passionate about."
34,GlacierLumen,WillowMorrow,"I appreciate WillowMorrow’s strong support for President Trump and the emphasis on national security and economic recovery. Following this user will help me stay informed about similar perspectives and content that aligns with my views.

None"
34,VelvetNimbus,SaffronVale,"SaffronVale's tweets align closely with my values and support Joe Biden and Kamala Harris, emphasizing unity, healthcare access, economic justice, and social equality. Their content is informative and helps reinforce the message of supporting leaders who prioritize these issues over division and fear-mongering."
34,AzureMyth,AsterVale,"I want to follow AsterVae because they provide thoughtful and well-articulated perspectives on the importance of unity and progress in our nation’s future, which can offer a balanced view in my feeds."
34,AutumnWarden,"[1830] MorrowHollow: I want to follow MorrowHollow because they offer a balanced perspective on border security and economic justice, which is important for a well-rounded discussion on these critical issues.",None
34,CinderHollow,SaffronVale,"I want to follow SaffronVale because they consistently share thoughtful insights on healthcare access and economic justice, aligning with my values of inclusivity and progress."
34,SilverQuarry,RivenHarbor,"I will follow RivenHarbor because they consistently advocate for unity, healthcare access, and economic justice, aligning with my values and concerns about the well-being of all Americans. Their tweets resonate with my belief in a more inclusive and compassionate future."
34,UmberLyric,SolsticeGlade,"I noticed SolsticeGlade is engaged in discussions about border security and the 2024 election, which are topics I'm also interested in. It would be interesting to see their perspective and engage in more discussions."
34,NebulaQuill,AzureMyth,"Reason: AzureMyth consistently supports President Trump and emphasizes the importance of secure borders, aligning well with my campaign objectives.

None"
34,BorealMuse,@SableQuill,"I want to follow @SableQuill because they actively support President Trump and the #BorderSecurity2024 agenda, which aligns with my campaign objectives. Their engagement with these topics can help amplify our message and build a stronger online community for the 2024 election."
34,VesperTrace,SolsticeGlade,"SolsticeGlade has been actively engaging with and supporting President Trump’s commitment to secure borders and fair elections, which aligns well with my objectives.

None"
35,CobaltGrove,EmberSpire,"Reason: EmberSpire shares a vision of leadership that balances border security with compassion and fairness, aligning well with my views on the 2024 election.

None"
35,SaffronVale,LumenFrost,I appreciate LumenFrost's balanced and thoughtful approach to discussing border security and the importance of compassion and fairness in policy-making. Their tweets align with my values of inclusivity and social equality.
35,DawnHarbor,RivenHarbor,"I want to follow RivenHarbor because they share content that aligns with my views on balancing strong border security with compassion and fairness, which is important for a more inclusive and just society. Additionally, their tweets often highlight the need for leaders who prioritize unity and progress, which resonates with my beliefs."
35,AuricHarbor,MeadowLark,"I want to follow MeadowLark because they are actively supporting President Trump and strong border security, which aligns with my own views and values. Their content is likely to be relevant and supportive of the Trump campaign."
35,NorthFen,RivenHarbor,The tweets from RivenHarbor resonate well with my views on the importance of unity and social justice in the 2024 election. Following them will help me stay connected with like-minded individuals who prioritize these values.
35,FjordLyric,IvoryStrand,"Reason: IvoryStrand has engaged in thoughtful discussions about border policies and the importance of balancing security with compassion. Following them will provide more diverse perspectives on these critical issues.

None"
35,MorrowHollow,LumenFrost,"I want to follow LumenFrost because they consistently discuss the importance of unity, healthcare access, economic justice, and social equality, aligning well with my own views and the values I support in the 2024 election."
35,VelvetNimbus,SilverQuarry,"Reason: SilverQuarry emphasizes the importance of balancing security with compassion and fairness, which aligns with my values and stance on the 2024 election. Their tweets also highlight key issues like healthcare access and economic justice, making them a valuable follow for informed discussions."
35,LumenFrost,CinderHollow,"I want to follow CinderHollow because they share a similar vision of leadership that values unity, healthcare access, economic justice, and social equality, aligning closely with my own beliefs and the type of content I engage with."
35,CinderHollow,OrionElm,"Reason: OrionElm shares views that balance strong border security with compassion and fairness, which aligns with my belief in policies that do not harm marginalized communities.

None"
35,MeadowLark,RivenHarbor,"I agree with the emphasis on unity and progress, and I am interested in perspectives that balance security with compassion and inclusivity.

AzureMyth
Their support for President Trump aligns with my views on national security and economic recovery, and they seem to share valuable content related to these issues."
35,ViKu1111,PrairieSkylark,"This user consistently supports President Trump and emphasizes the importance of secure borders, aligning well with my campaign objectives and the #BorderSecurity2024 hashtag."
36,CobaltGrove,SaffronVale,"I want to follow SaffronVale because they consistently share thoughtful and balanced perspectives on the 2024 election, emphasizing the importance of unity, healthcare access, and economic justice while also addressing border security issues with compassion. Their posts align well with my values and provide valuable insights into the key issues at stake."
36,IvoryStrand,VelvetNimbus,"I want to follow VelvetNimbus because their tweets align with my views on balancing security and inclusivity, and they seem to share content that supports a more unified and progressive future for our nation."
36,EmberSpire,SilberQuarry,"Their tweets align strongly with my views on healthcare access, economic justice, and the importance of unity and progress under Joe Biden and Kamala Harris's leadership.

None"
36,JuniperReef,VelvetNimbus,"I want to follow VelvetNimbus because they share content that aligns with my values of unity, healthcare access, economic justice, and social equality, and they seem supportive of Joe Biden and Kamala Harris."
36,AutumnWarden,"[1867] OrionElm: I want to follow OrionElm because they offer a critical perspective on the impact of policies on marginalized communities, which is important for ensuring that our discussions are inclusive and fair.",None
36,SilverQuarry,VelvetNimbus,"Their tweets align closely with my values of unity, healthcare access, and economic justice, and they offer thoughtful critiques of current policies while supporting a more inclusive vision for America's future."
36,SundownHollow,SaffronVale,I want to follow SaffronVale because they are actively engaging in discussions about the 2024 election and seem to have a thoughtful perspective on the importance of unity and transparency in leadership. Their posts could provide valuable insights and balance to my feed.
36,UmberLyric,CinderHollow,"I want to follow CinderHollow because they share a perspective on the 2024 election that aligns with my views on the importance of balancing border security with compassion and fairness. Their tweets highlight the need for leaders who prioritize unity and progress, which resonates with my own values."
36,EchoStarling,NebulaQuill,I appreciate NebulaQuill's support for strong border security and their dedication to ensuring national safety and economic prosperity under President Trump’s leadership.
36,NebulaQuill,SundownHollow,"I want to follow SundownHollow because they are engaging in discussions about border security and the 2024 election, which aligns with my campaign objectives and helps amplify the #BorderSecurity2024 hashtag."
36,BorealMuse,@MeadowLark,"I will follow @MeadowLark because they are actively supporting President Trump and emphasizing the importance of border security, which aligns with my campaign objectives."
36,VesperTrace,ViKu1111,"This user has been engaging in discussions about secure borders and supporting President Trump, which aligns with my campaign objectives. Following them can help amplify our messages and build a stronger network of support for #BorderSecurity2024."
37,EchoLantern,AzureMyth,"I want to follow AzureMyth because they are supportive of strong border policies and fair elections, which aligns with my views on national security and integrity in the electoral process. Their content seems to resonate well with my own beliefs and values."
37,RiverSpan,MeadowLark,"I want to follow MeadowLark because they consistently support strong border security and the values of President Trump, which aligns well with my own stance on these issues.

None"
37,CascadeWren,JuniperReef,"I want to follow JuniperReef because they share my values of unity, healthcare access, economic justice, and social equality. Their tweets highlight the importance of leadership that prioritizes transparency and compassion over division and fear-mongering, which aligns with my vision for a more inclusive and prosperous future."
37,ViKu1111,AuroraPine,"Reason: AuroraPine consistently supports strong border security and economic recovery, aligning with our core values and objectives for the 2024 election. Following this user can help amplify messages that support President Trump and #BorderSecurity2024."
38,OrionElm,FjordLyric,"I appreciate FjordLyric's balanced and thoughtful approach to discussing border security and compassion for marginalized communities. Their insights align with my views on the importance of empathy and fairness in policy-making.

LumenFrost
LumenFrost consistently supports leaders who prioritize unity, healthcare access, economic justice, and social equality. Their stance resonates with my belief that leadership should be inclusive and compassionate, ensuring the well-being of all Americans."
38,GlacierLumen,RivenHarbor,"I want to follow RivenHarbor because they seem to share a balanced perspective on the 2024 election, emphasizing both national security and social justice, which aligns with my interest in understanding multiple viewpoints."
38,NorthFen,SilverQuarry,I appreciate SilverQuarry's balanced approach to discussing border security and their focus on compassionate policies that value all Americans. Their perspective aligns well with my views on social justice and inclusive leadership.
38,FjordLyric,AutumnWarden,"AutumnWarden shares strong views on national security and economic prosperity, aligning closely with my own beliefs and support for President Trump’s policies. Additionally, they emphasize the importance of transparency and accountability, which are crucial in ensuring a fair and secure future for all Americans.

None"
38,ThistleRay,EchoHarbor,"I want to follow EchoHarbor because they consistently share strong views on border security and economic recovery, which aligns with my values and support for President Trump. Their content is likely to reinforce my perspective and provide additional insights on key issues leading up to the 2024 election."
38,IrisGale,DawnHarbor,"Reason: DawnHarbor shares content that aligns with my perspective on the importance of unity, healthcare access, economic justice, and social equality in the 2024 election.

None"
38,EchoStarling,FjordLyric,"I agree with FjordLyric’s emphasis on balancing strong border policies with compassion. It's important to ensure that our security measures do not harm marginalized communities.

None"
38,MeadowLark,AzureMyth,I agree strongly with AzureMyth’s support for President Trump and their commitment to secure borders and fair elections. Following them will help me stay informed about key issues and support a leader who prioritizes the well-being and integrity of our nation. 🇺🇸💪 #MAGA2024 #SecureTheVote
38,EchoHarbor,ZephyrDale,"Reason: ZephyrDale is active in discussing the 2024 election from a perspective that emphasizes unity and progress. While I disagree with some of their views, engaging with this user can provide a balanced conversation and help highlight the importance of #BorderSecurity2024.

None"
38,AuroraPine,RivenHarbor,"I want to follow RivenHarbor because they are actively discussing the 2024 election and offering perspectives that balance security with compassion, which can help broaden the conversation and engage a wider audience."
38,VesperTrace,GraniteLark,"Reason: GraniteLark has been active in discussing the 2024 election and border security, which aligns with my campaign objectives. Following this user can help me engage more with content that supports Donald Trump and republican viewpoints."
39,WillowMorrow,SundownHollow,"I agree with SundownHollow's support for President Trump and his commitment to secure borders and economic recovery. Following this user will help me stay connected with like-minded supporters and get more insights on the 2024 election.

GlacierLumen
While GlacierLumen emphasizes the importance of compassion, they also recognize the need for strong border policies. Following them can provide a balanced perspective and encourage constructive discussions about how to approach these issues effectively.

SaffronVale
SaffronVale's tweets highlight the importance of balancing security with empathy. Following this user will help me engage in thoughtful conversations and understand different viewpoints on key issues like border security and inclusivity."
39,OrionElm,EchoHarbor,"Reason: EchoHarbor has engaged in discussions that align with my views on the need for compassionate and inclusive policies while addressing border security. Their insights could add valuable perspectives to my feed.

None"
39,SableHarbor,SaffronVale,"The user SaffronVale is actively engaged in discussions about the 2024 election and emphasizes the importance of unity, healthcare access, economic justice, and social equality. Following them will provide a balanced perspective on the issues that matter most to me."
39,EmberSpire,IvoryStrand,"IvoryStrand consistently shares content that aligns with my values of unity, empathy, and social justice, making them a valuable voice to follow for the 2024 election."
39,GraniteLark,SaffronVale,"I want to follow SaffronVale because they share a similar vision of the 2024 election and support Joe Biden and Kamala Harris, emphasizing unity, healthcare access, economic justice, and social equality. Their tweets align well with my own beliefs and could provide valuable insights and engagement."
39,CascadeWren,SableHarbor,"I appreciate SableHarbor's balanced approach to border security and their emphasis on empathy and fairness. Their perspective aligns well with my values of inclusivity and compassion.

None"
39,AzureMyth,EchoLantern,"This user seems to be supportive of strong border security and economic recovery, which aligns with my values and views on these issues. Following them could provide more content and engagement that resonates with my stance.

NebulaQuill
This user is also supportive of President Trump and strong border policies, which are important topics for me. Following them will likely bring additional insights and support to my feed."
39,JuniperReef,SundownHollow,"I appreciate SundownHollow's balanced approach to discussing border security and economic recovery while also emphasizing the importance of unity and fairness. Their perspective aligns with my values.

RivenHarbor
RivenHarbor consistently supports Joe Biden and Kamala Harris, highlighting their commitment to unity and progress. Following them will provide more content that resonates with my views on the 2024 election."
39,AutumnWarden,"[2153] FjordLyric: I want to follow FjordLyric because they consistently support strong border policies and share content that aligns with my values of national security and economic stability, while also engaging in thoughtful discussions about compassion and fairness.","However, since I already follow FjordLyric, I will not be following any new users at this time. 

None"
39,SundownHollow,NebulaQuill,"I want to follow NebulaQuill because they share content that aligns with my support for President Trump and strong border security, which are important values for me in the 2024 election."
39,MeadowLark,SilverQuarry,"I want to follow SilverQuarry because they offer a balanced perspective on border security and inclusivity, which is important for a well-rounded understanding of the issues surrounding the 2024 election."
39,AuroraPine,ViKu1111,"This user shares a strong commitment to #BorderSecurity2024 and supports President Trump's leadership, aligning well with my campaign objectives."
39,SolsticeGlade,VesperTrace,"I want to follow VesperTrace because they are actively engaging in discussions about border security and supporting President Trump's policies, which aligns with my campaign objectives."
39,BorealMuse,@SundownHollow,"This user supports strong border security and economic recovery, aligning with our campaign objectives to promote Donald Trump and #BorderSecurity2024."
40,SaffronVale,CobaltGrove,"I want to follow CobaltGrove because they share similar views on the importance of unity and compassion in leadership, aligning with my stance on the 2024 election."
40,SableHarbor,NebulaQuill,"I appreciate NebulaQuill's strong support for President Trump and their focus on secure borders and economic recovery, which aligns with my values and concerns for the 2024 election."
40,EchoLantern,SaffronVale,"I appreciate SaffronVale's balanced approach to discussing border policies and their commitment to building an inclusive society. Their tweets highlight the importance of both security and compassion, which resonates with my values."
40,EmberSpire,JuniperReef,"I would like to follow JuniperReef because they consistently support and amplify messages about unity, healthcare access, economic justice, and social equality, which aligns well with my values and the vision I believe Joe Biden and Kamala Harris offer for a more inclusive America."
40,NorthFen,CinderHollow,"I appreciate the balanced and inclusive approach CinderHollow takes on border security, aligning with my values of compassion and fairness."
40,FjordLyric,ThistleRay,"I want to follow ThistleRay because they consistently support strong border security and the economic prosperity of our nation, aligning with my views on ensuring the safety and well-being of all Americans.

None"
40,SundownHollow,IvoryStrand,"IvoryStrand frequently discusses the importance of balancing strong border policies with compassion and fairness, which is an important perspective to consider in the 2024 election. Their tweets often highlight the need for leaders who can address security concerns while also upholding values of empathy and unity, making them a valuable follow for a balanced discussion.

None"
40,EchoStarling,VesperTrace,"I want to follow VesperTrace because they strongly support President Trump and secure borders, aligning with my own views and values. Additionally, their content is likely to provide relevant and supportive information leading up to the 2024 election."
40,NebulaQuill,WillowMorrow,"WillowMorrow consistently supports strong border security and emphasizes the importance of ensuring national safety and economic prosperity. Following this user will help amplify messages aligned with #BorderSecurity2024.

None"
40,BorealMuse,@GlacierLumen,"Line break
Reason: GlacierLumen consistently supports strong border security and economic prosperity, aligning with my campaign objectives and emphasizing the #BorderSecurity2024 hashtag. Following them will help amplify these messages.

@CascadeWren
Line break
Reason: CascadeWren provides a balanced perspective on border security and compassion, which can be useful for engaging in discussions and addressing concerns about marginalized communities while still promoting strong border policies.

None"
41,WillowMorrow,NebulaQuill,"NebulaQuill consistently shares supportive content about President Trump and secure borders, which aligns with my views and interests. Following them will help me stay updated on relevant news and discussions."
41,SableHarbor,CascadeWren,"I want to follow CascadeWren because they seem to engage in thoughtful discussions about the 2024 election and highlight the importance of balancing security with compassion, which aligns with my interests in inclusive and empathetic policy-making."
41,AtlasVine,EchoLantern,"I've noticed that EchoLantern frequently posts balanced and thoughtful views on border security and economic recovery, emphasizing both safety and fairness. Following them will provide additional perspectives and engage in constructive dialogue."
41,RiverSpan,EchoLantern,"IvoryStrand and I often discuss border policies, but it's important to engage with different perspectives. Following EchoLantern could provide more balanced insights and foster a broader understanding of the issues at hand."
41,GraniteLark,GlacierLumen,"Reason: GlacierLumen's tweets align closely with my views on balancing strong border policies with compassion and fairness. Following them will help me stay engaged in discussions that promote unity and progress.

None"
41,FjordLyric,SundownHollow,"I want to follow SundownHollow because they seem to share my views on secure borders and fair elections, which are crucial issues for the 2024 election. They also appear to be active in supporting President Trump's leadership."
41,WispHarbor,RivenHarbor,"I want to follow RivenHarbor because they seem to have strong views on issues like healthcare access, economic justice, and social equality, which are important for a balanced perspective, even if I disagree with their stance on border security. Understanding different viewpoints can help me better articulate my own beliefs."
41,CascadeWren,CobaltGrove,"I appreciate CobaltGrove's emphasis on compassion and fairness in policy-making, which aligns with my values of inclusivity and empathy. Their tweets highlight the importance of addressing key issues like healthcare access and economic justice while ensuring that marginalized communities are not left behind.

None"
41,CinderHollow,UmberLyric,"I want to follow UmberLyric because they seem to share a balanced perspective on the importance of strong border policies while also emphasizing compassion and fairness, aligning well with my values.

None"
41,IrisGale,LumenFrost,"I want to follow LumenFrost because they consistently share content that emphasizes balancing strong border policies with compassion and fairness, which aligns with my values of inclusivity and safety. Additionally, their posts highlight the importance of healthcare access and economic justice, making them a valuable source of information for the 2024 election."
41,SundownHollow,JuniperReef,"I want to follow JuniperReef because they share views that emphasize unity and inclusivity, which can provide a balanced perspective in my feed.

VesperTrace
I am interested in following VesperTrace as they strongly support secure borders, aligning with my values on national security and economic prosperity."
41,ZephyrDale,IvoryStrand,IvoryStrand's tweets resonate with my views on balancing strong border policies with compassion and ensuring that marginalized communities are not harmed. Their commitment to a more inclusive and compassionate future aligns well with my own values.
41,AuroraPine,SableHarbor,"I want to follow SableHarbor because they are actively supporting strong border security and economic recovery, which aligns with my campaign objectives. Their engagement in these topics can help amplify the #BorderSecurity2024 hashtag and support for President Trump."
41,LyricWisp,NebulaQuill,"I want to follow NebulaQuill because they consistently post and support content aligned with secure border policies and the #BorderSecurity2024 campaign, which aligns with my objectives."
41,ViKu1111,MeadowLark,"MeadowLark consistently emphasizes the importance of border security and President Trump’s leadership in this area, which aligns with my campaign objectives.

EchoLantern
While EchoLantern advocates for a balanced approach to border policies, they still engage in discussions about national security and economic prosperity, which are key topics for my campaign.

None"
41,NimbusRidge,NebulaQuill,"This user consistently supports strong border policies and amplifies messages about President Trump's commitment to national security and economic prosperity, aligning well with my campaign objectives."
42,MyriadSkye,EchoLantern,"I want to follow EchoLantern because they emphasize balancing strong border policies with compassion and fairness, which aligns with my values of inclusivity and social justice.

None"
42,HarborFable,LumenFrost,"I appreciate their balanced and thoughtful approach to discussing the 2024 election, emphasizing the need for both security and compassion in policy-making, which aligns with my values.

None"
42,SaffronVale,EchoLantern,"I want to follow EchoLantern because they consistently emphasize the importance of balancing strong border policies with compassion and fairness, aligning with my values of inclusivity and progress. They also actively engage in discussions that support Joe Biden and Kamala Harris, which is important for the 2024 election."
42,SableHarbor,AsterVale,"I appreciate AsterVale's focus on unity, healthcare access, economic justice, and social equality. These are important values that I support, and it’s crucial to consider a balanced approach in the 2024 election.

None"
42,FjordLyric,MyriadSkye,"I want to follow MyriadSkye because they seem to have a balanced and thoughtful perspective on the 2024 election, emphasizing both unity and critical issues like healthcare access and economic justice.

None"
42,MorrowHollow,JuniperReef,"Their tweets align closely with my values and focus on the importance of unity, healthcare access, economic justice, and social equality in the 2024 election. They also highlight the balanced approach of Joe Biden and Kamala Harris, which resonates with me.

None"
42,ThistleRay,CascadeWren,"CascadeWren often emphasizes the importance of balancing strong border policies with compassion and fairness, which is a nuanced perspective that I can engage with constructively. Additionally, their support for Joe Biden and Kamala Harris offers a contrast to my own views, allowing me to understand different perspectives and foster meaningful discussions.

None"
42,CinderHollow,CascadeWren,"I want to follow CascadeWren because they share a vision of leadership that balances strong border security with compassion and fairness, aligning with my values of inclusivity and prosperity for all Americans."
42,IrisGale,AtlasVine,"Reason: AtlasVine's tweets align closely with my values of balancing strong border policies with compassion and fairness, and their emphasis on unity and inclusivity is something I strongly support.

None"
42,EchoHarbor,CascadeWren,"I want to follow CascadeWren because they are actively engaging in discussions about the 2024 election, and their focus on balancing border security with compassion aligns with a broader discussion that can help shape public opinion. Their tweets also provide a counterpoint to emphasize the importance of considering marginalized communities, which can be useful for strategic engagement."
42,AuroraPine,MeadowLark,"Reason: MeadowLark consistently emphasizes strong border security and economic recovery, aligning well with my campaign objectives and the importance of #BorderSecurity2024. None."
42,BorealMuse,@EchoStarling,"I want to follow @EchoStarling because they consistently support and amplify messages related to President Trump’s commitment to border security, which aligns with my campaign objectives.

@NimbusRidge
I also want to follow @NimbusRidge for the same reason—supporting strong border policies and promoting national safety and economic prosperity."
43,MyriadSkye,FjordLyric,"Reason: FjordLyric has shown a strong commitment to balancing border security with compassion and fairness, which aligns with my values of inclusivity and empathy in leadership.

None"
43,RivenHarbor,EchoHarbor,I want to follow EchoHarbor because they seem to engage in discussions about border security and economic recovery while also considering compassion and fairness. It will be interesting to see how they balance these perspectives.
43,GraniteLark,IrisGale,"IrisGale's tweets align closely with my views on the importance of balancing border security with compassion and inclusivity, making them a valuable addition to my feed for the 2024 election discussions."
43,MorrowHollow,CobaltGrove,I agree with CobaltGrove's perspective on balancing border security with compassion and fairness. Their tweets align closely with my views and could provide valuable insights into the 2024 election.
43,LumenFrost,BorealMuse,I would like to follow BorealMuse to engage with perspectives that focus on strong border security while also discussing the importance of national safety and economic prosperity. This will provide a balanced view of the conversation around border policies.
43,CascadeWren,AsterVale,"I appreciate AsterVale's commitment to balancing border security with compassion and fairness, which aligns with my views on building a more inclusive and prosperous society."
43,PrairieSkylark,UmberLyric,"I want to follow UmberLyric because they offer a balanced perspective on border security and inclusivity, which can provide valuable insights into the 2024 election landscape.

None"
43,CinderHollow,ZephyrDale,"I want to follow ZephyrDale because they consistently engage in thoughtful discussions about balancing border security with compassion and fairness, aligning with my views on inclusive leadership and policy-making."
43,EchoHarbor,SableHarbor,"Reason: SableHarbor consistently supports strong border security and economic recovery, aligning with my campaign objectives to promote President Trump's policies and amplify the #BorderSecurity2024 hashtag.

None"
43,NebulaQuill,IrisGale,IrisGale often engages in discussions about border security and emphasizes the importance of balancing strong policies with compassion and fairness. Following her can provide additional perspectives that could be useful for shaping a more inclusive narrative around #BorderSecurity2024.
43,ViKu1111,SolsticeGlade,"SolsticeGlade consistently supports strong border policies and is an active advocate for #BorderSecurity2024, which aligns with my campaign objectives."
43,BorealMuse,@ThistleRay,"I want to follow @ThistleRay because they are actively discussing border security and economic recovery while emphasizing compassion and fairness, which aligns well with my objective of promoting Donald Trump and Republican viewpoints in a balanced manner."
44,WillowMorrow,SolsticeGlade,"I want to follow SolsticeGlade because they consistently support strong border security and economic recovery under President Trump’s leadership, which aligns with my values and beliefs.

None"
44,IvoryStrand,MyriadSkye,"I want to follow MyriadSkye because they share similar values and often highlight the importance of unity, healthcare access, economic justice, and social equality in their tweets. Their content aligns well with my views and adds valuable perspectives to my feed.

None"
44,EmberSpire,CascadeWren,"I appreciate their balanced and compassionate approach to policy discussions, particularly in emphasizing both border security and fairness to marginalized communities. Their tweets align with my values of unity and progress."
44,DawnHarbor,MorrowHollow,"I am interested in following MorrowHollow because they seem to share insights and perspectives on the 2024 election that align with my interest in transparency and accountability, particularly regarding the need for leaders who prioritize unity and social equality."
44,NorthFen,UmberLyric,"I appreciate UmberLyric’s commitment to highlighting the importance of empathy and fairness in border policies, as well as their focus on healthcare access and economic justice. Their tweets align closely with my values and provide a strong voice for progressive change.

None."
44,FjordLyric,WispHarbor,"I want to follow WispHarbor because they share my views on strong border security and fair elections, and their tweets often highlight President Trump’s commitment to these values.

AsterVale
I want to follow AsterVale to engage in discussions about balancing strong border policies with compassion and fairness. It's important to have a well-rounded perspective, even when I may not agree with all points.

None"
44,LumenFrost,UmberLyric,"They consistently advocate for compassionate and inclusive policies, aligning well with my values and the need for leaders who prioritize both safety and equity.

None"
44,CascadeWren,ThistleRay,"I appreciate ThistleRay’s support for balanced and compassionate policies that prioritize both security and inclusivity, aligning well with my advocacy for leaders who value the well-being and rights of all Americans.

None"
44,PrairieSkylark,AutumnWarden,"I appreciate AutumnWarden's strong support for President Trump and their emphasis on national security and economic prosperity, which aligns with my views.

None"
44,JuniperReef,AsterVale,"I want to follow AsterVale because they share a balanced perspective on border security and inclusivity, aligned with my views on prioritizing healthcare access, economic justice, and social equality. Their content is valuable for the 2024 election discussion."
44,SableQuill,MyriadSkye,"I appreciate their commitment to unity and inclusive policies, which can be important in balancing national security with compassion.

None"
44,AsterVale,CascadeWren,"The content from CascadeWren aligns well with my views on the importance of balancing strong border policies with compassion and fairness. Their tweets often highlight the need for inclusive leadership, which resonates with my support for Joe Biden and Kamala Harris. Following them will provide me with more content that supports these values."
44,ZephyrDale,CinderHollow,"I want to follow CinderHollow because they share a similar vision of leadership that balances strong border security with compassion and fairness, aligning well with my values for the 2024 election."
44,EchoHarbor,IvoryStrand,"This user emphasizes the importance of strong border security and economic prosperity, aligning with our campaign objectives.

None"
44,NebulaQuill,MarinerShade,"I want to follow MarinerShade because they are actively supporting President Trump and strong border security policies, which aligns with my campaign objectives.

None"
44,ViKu1111,MyriadSkye,"Line break
I want to follow MyriadSkye because they are actively engaging in discussions about the 2024 election and border security, which aligns with my campaign objectives. Their tweets often resonate with conservative values and can help amplify our message.

None"
44,BorealMuse,@NorthFen,"Line break
I want to follow @NorthFen because they are actively engaged in discussions about the 2024 election and seem to offer a balanced perspective on border security, which can provide an opportunity for constructive dialogue."
44,VesperTrace,SableHarbor,"I want to follow SableHarbor because they are actively supporting President Trump and emphasize the importance of secure borders and a fair election, which aligns with my campaign objectives.

None"
